steps,horizon,mean_reward,mean_abs_td,exposure,turnover_per_step,unique_dates,visited_states,candidate,training_seed
90,90,0.004819467829897908,0.4069830986648283,0.5,0.37777777777777777,90,15,Q_learning,7
180,90,0.15570524290814178,0.6120896684941443,0.6555555555555556,0.2222222222222222,180,21,Q_learning,7
270,90,0.0370751414225235,0.4159966862414425,0.3888888888888889,0.18888888888888888,239,23,Q_learning,7
360,90,0.04065962220049292,0.7290496995282406,0.6555555555555556,0.17777777777777778,329,27,Q_learning,7
450,90,-0.1835120878857961,0.4590870533606344,0.36666666666666664,0.26666666666666666,382,30,Q_learning,7
540,90,-0.11426877531994067,0.3918077686665674,0.3111111111111111,0.15555555555555556,472,32,Q_learning,7
630,90,-0.026392748093603185,0.4199340539723003,0.37777777777777777,0.37777777777777777,562,35,Q_learning,7
720,90,0.03223835540915312,0.281256082533078,0.26666666666666666,0.2222222222222222,639,36,Q_learning,7
810,90,-0.08904250488301033,0.7321987049758566,0.5555555555555556,0.3333333333333333,666,36,Q_learning,7
900,90,-0.004859418231039648,0.2490849090445529,0.2222222222222222,0.17777777777777778,666,36,Q_learning,7
990,90,-0.12466869063539446,0.31717583926565346,0.28888888888888886,0.2222222222222222,732,36,Q_learning,7
1080,90,0.006265805637835386,0.29307866577865915,0.24444444444444444,0.37777777777777777,768,38,Q_learning,7
1170,90,0.022318307641548168,0.31322170776421676,0.26666666666666666,0.4222222222222222,768,38,Q_learning,7
1260,90,-0.03575618397988301,0.2505529635547683,0.25555555555555554,0.24444444444444444,768,38,Q_learning,7
1350,90,-0.011484791185663503,0.21759549170728265,0.13333333333333333,0.24444444444444444,768,38,Q_learning,7
1440,90,-0.13813606203834822,0.2754748821105182,0.18888888888888888,0.26666666666666666,775,38,Q_learning,7
1530,90,-0.004193793578606354,0.1464025268301202,0.1111111111111111,0.2222222222222222,775,38,Q_learning,7
1620,90,0.025479873286090676,0.07818796474050643,0.07777777777777778,0.022222222222222223,775,38,Q_learning,7
1710,90,-0.037284406651428806,0.2435237957633365,0.17777777777777778,0.12222222222222222,775,38,Q_learning,7
1800,90,0.0016083796496590018,0.1951614017570113,0.2111111111111111,0.28888888888888886,775,38,Q_learning,7
1890,90,-0.06674168214553096,0.3133497902242492,0.2111111111111111,0.24444444444444444,775,38,Q_learning,7
1980,90,-0.07944567688041254,0.37713728274368186,0.34444444444444444,0.17777777777777778,844,40,Q_learning,7
2070,90,0.009403669503466675,0.16199576128853257,0.2222222222222222,0.13333333333333333,844,40,Q_learning,7
2160,90,-0.006315989659504344,0.2888235235716519,0.2777777777777778,0.24444444444444444,934,40,Q_learning,7
2250,90,-0.034544066503106846,0.24819613845032476,0.25555555555555554,0.17777777777777778,934,40,Q_learning,7
2340,90,0.015994232597404626,0.3951901245845931,0.4222222222222222,0.2222222222222222,961,40,Q_learning,7
2430,90,-0.05495563977226108,0.32126506361526813,0.4222222222222222,0.13333333333333333,961,40,Q_learning,7
2520,90,0.016086382922807778,0.21088899675628042,0.25555555555555554,0.25555555555555554,961,40,Q_learning,7
2610,90,-0.0047278749964210255,0.35396922821614013,0.4444444444444444,0.37777777777777777,961,40,Q_learning,7
2700,90,0.021653070827844234,0.2727210852592335,0.2222222222222222,0.3333333333333333,968,40,Q_learning,7
2790,90,-0.0007251239047971567,0.3420011091923868,0.2111111111111111,0.24444444444444444,1014,40,Q_learning,7
2880,90,0.044808003835772846,0.29645282582847315,0.34444444444444444,0.4222222222222222,1014,40,Q_learning,7
2970,90,0.013268946612092663,0.2787028483085263,0.2777777777777778,0.28888888888888886,1014,40,Q_learning,7
3060,90,0.0038246547100935463,0.2724165614529029,0.3,0.4888888888888889,1051,40,Q_learning,7
3150,90,-0.0355973098231779,0.18689412248411238,0.1111111111111111,0.2,1051,40,Q_learning,7
3240,90,-0.01616469503237992,0.12383619107920676,0.1111111111111111,0.2222222222222222,1070,40,Q_learning,7
3330,90,-0.01243763583183937,0.14350426646365652,0.16666666666666666,0.2,1070,40,Q_learning,7
3420,90,-0.2424618080207113,0.31833137923441635,0.16666666666666666,0.26666666666666666,1070,40,Q_learning,7
3510,90,-0.08819758874070012,0.2670702739616255,0.18888888888888888,0.2,1070,40,Q_learning,7
3600,90,-0.013393111322695116,0.27837251867981005,0.25555555555555554,0.3111111111111111,1070,40,Q_learning,7
3690,90,0.025269968651210166,0.3718254831941889,0.24444444444444444,0.37777777777777777,1070,40,Q_learning,7
3780,90,0.000963998317009798,0.22344413929675563,0.16666666666666666,0.24444444444444444,1087,40,Q_learning,7
3870,90,-0.038130739591454445,0.3426821266332934,0.34444444444444444,0.28888888888888886,1087,40,Q_learning,7
3960,90,0.09638704256230377,0.33298145728142775,0.3,0.5111111111111111,1087,40,Q_learning,7
4050,90,0.029780274845586922,0.16275917350701544,0.12222222222222222,0.15555555555555556,1087,40,Q_learning,7
4140,90,0.010742339794538891,0.1552375462067371,0.1,0.17777777777777778,1087,40,Q_learning,7
4230,90,-0.006746860994078917,0.14065989716953275,0.16666666666666666,0.26666666666666666,1087,40,Q_learning,7
4320,90,-0.09023969979922039,0.19643643171078098,0.15555555555555556,0.16666666666666666,1087,40,Q_learning,7
4410,90,-0.005672363151749444,0.19184634291491218,0.24444444444444444,0.25555555555555554,1101,41,Q_learning,7
4500,90,-0.03127760954354041,0.3677982547627615,0.36666666666666664,0.3,1101,41,Q_learning,7
4590,90,0.05051707478016627,0.7251894698146145,0.45555555555555555,0.4666666666666667,1101,41,Q_learning,7
4680,90,0.03890950868042276,0.32292498368448386,0.35555555555555557,0.32222222222222224,1101,41,Q_learning,7
4770,90,-0.07414824807375632,0.536415258202346,0.3888888888888889,0.5333333333333333,1109,41,Q_learning,7
4860,90,0.06655940950096553,0.3441030443775421,0.26666666666666666,0.3333333333333333,1109,41,Q_learning,7
4950,90,0.032696669043573656,0.3774053020680808,0.2777777777777778,0.3111111111111111,1109,41,Q_learning,7
5040,90,-0.14846086941331516,0.48266050468418664,0.37777777777777777,0.5111111111111111,1109,41,Q_learning,7
5130,90,-0.03219324061027604,0.22316110309620352,0.12222222222222222,0.2,1109,41,Q_learning,7
5220,90,-0.09978496235040196,0.5652131375532743,0.3,0.35555555555555557,1109,41,Q_learning,7
5310,90,0.033307336812885564,0.208761139743842,0.17777777777777778,0.32222222222222224,1109,41,Q_learning,7
5400,90,0.03752554503246252,0.2580918136548245,0.14444444444444443,0.17777777777777778,1109,41,Q_learning,7
5490,90,0.005946905366227526,0.27309086036108243,0.24444444444444444,0.2222222222222222,1109,41,Q_learning,7
5580,90,0.16876276193802575,0.3126777242816532,0.3111111111111111,0.2222222222222222,1109,41,Q_learning,7
5670,90,-0.10467010570942678,0.46173033322905443,0.3111111111111111,0.5333333333333333,1109,41,Q_learning,7
5760,90,-0.0546425547253982,0.3827113645248406,0.28888888888888886,0.23333333333333334,1109,41,Q_learning,7
5850,90,-0.049554354781743186,0.21068942859339534,0.13333333333333333,0.24444444444444444,1120,41,Q_learning,7
5940,90,0.13050437947064572,0.3142624049445728,0.24444444444444444,0.35555555555555557,1122,41,Q_learning,7
6030,90,0.0014990682622734593,0.2836958572645705,0.23333333333333334,0.28888888888888886,1122,41,Q_learning,7
6120,90,0.08806686648453817,0.733321333963543,0.3,0.5333333333333333,1122,41,Q_learning,7
6210,90,-0.07581295989155218,0.41349361090372966,0.2222222222222222,0.4222222222222222,1122,41,Q_learning,7
6300,90,-0.06758613298447345,0.37856778934563,0.3,0.36666666666666664,1122,41,Q_learning,7
6390,90,-0.03384533313870347,0.26696625461791734,0.14444444444444443,0.2222222222222222,1122,41,Q_learning,7
6480,90,-0.03060026055922605,0.1295798087528902,0.14444444444444443,0.2222222222222222,1122,41,Q_learning,7
6570,90,0.08903588629237344,0.20226242071884115,0.14444444444444443,0.26666666666666666,1122,41,Q_learning,7
6660,90,0.006082309772087401,0.29911131264838714,0.15555555555555556,0.26666666666666666,1122,41,Q_learning,7
6750,90,-0.020978535467620456,0.234648533875324,0.2111111111111111,0.34444444444444444,1122,42,Q_learning,7
6840,90,-0.04537859902456603,0.2886631718773374,0.16666666666666666,0.2222222222222222,1122,42,Q_learning,7
6930,90,0.1010876313135302,0.2830474632580599,0.23333333333333334,0.24444444444444444,1128,42,Q_learning,7
7020,90,-0.07301574682529303,0.34314465954647844,0.2,0.24444444444444444,1128,42,Q_learning,7
7110,90,-0.032102255438794094,0.23557339504752173,0.25555555555555554,0.32222222222222224,1128,42,Q_learning,7
7200,90,-0.07409832013349966,0.20396205295609207,0.14444444444444443,0.15555555555555556,1128,42,Q_learning,7
7290,90,-0.052600140767509726,0.24776640719335918,0.23333333333333334,0.2,1128,42,Q_learning,7
7380,90,-0.03815332035861515,0.23744762126453203,0.26666666666666666,0.15555555555555556,1128,42,Q_learning,7
7470,90,0.00958056283479971,0.12552392707732576,0.16666666666666666,0.13333333333333333,1128,42,Q_learning,7
7560,90,-0.030958646496757163,0.2692252721216333,0.3333333333333333,0.1111111111111111,1128,42,Q_learning,7
7650,90,-0.046152418434923514,0.11869041186563116,0.05555555555555555,0.1111111111111111,1128,42,Q_learning,7
7740,90,-0.03805554919067508,0.1950579217996283,0.2,0.2777777777777778,1128,42,Q_learning,7
7830,90,0.016787098320381173,0.18842266530422652,0.2111111111111111,0.13333333333333333,1128,42,Q_learning,7
7920,90,-0.021477102614361573,0.3418960396810975,0.4444444444444444,0.12222222222222222,1128,42,Q_learning,7
8010,90,0.004139190796331787,0.137061564480109,0.13333333333333333,0.2222222222222222,1128,42,Q_learning,7
8100,90,-0.08308559309347849,0.4405812077325556,0.3888888888888889,0.24444444444444444,1128,42,Q_learning,7
8190,90,-0.024928981166959564,0.1602466192723213,0.1111111111111111,0.2222222222222222,1128,42,Q_learning,7
8280,90,0.06022409830052491,0.19363289866763403,0.13333333333333333,0.15555555555555556,1128,42,Q_learning,7
8370,90,0.07107603891307439,0.1855563683381056,0.15555555555555556,0.24444444444444444,1128,42,Q_learning,7
8460,90,0.12192029742823253,0.19099215943925804,0.12222222222222222,0.15555555555555556,1128,42,Q_learning,7
8550,90,-0.07295519772473898,0.310086381223105,0.18888888888888888,0.26666666666666666,1128,42,Q_learning,7
8640,90,0.11102408870021488,0.2163075912793728,0.16666666666666666,0.06666666666666667,1128,42,Q_learning,7
8730,90,0.03251280916487842,0.15379747059765936,0.12222222222222222,0.2,1128,42,Q_learning,7
8820,90,0.0029278172548289206,0.27237199605162893,0.32222222222222224,0.2,1128,42,Q_learning,7
8910,90,-0.05790488724144112,0.5393427912382156,0.4888888888888889,0.24444444444444444,1128,42,Q_learning,7
9000,90,-0.055028032881356916,0.5290855788359915,0.2777777777777778,0.1111111111111111,1128,42,Q_learning,7
9090,90,0.02684609197759793,0.14838295081464264,0.1,0.15555555555555556,1128,42,Q_learning,7
9180,90,-0.015196637024059682,0.1404906289263844,0.07777777777777778,0.13333333333333333,1128,42,Q_learning,7
9270,90,0.06617723306586545,0.17939493480459207,0.14444444444444443,0.2222222222222222,1128,42,Q_learning,7
9360,90,-0.05295363998739418,0.29641052515574534,0.28888888888888886,0.2,1128,42,Q_learning,7
9450,90,0.09289007194133239,0.1577387526938166,0.1111111111111111,0.17777777777777778,1128,42,Q_learning,7
9540,90,-0.08276128173963423,0.43860378788478677,0.43333333333333335,0.2,1128,42,Q_learning,7
9630,90,0.030488816934993196,0.09262617786451263,0.07777777777777778,0.15555555555555556,1128,42,Q_learning,7
9720,90,0.04574750618676634,0.31387587594170435,0.34444444444444444,0.2111111111111111,1128,42,Q_learning,7
9810,90,0.028704411885531484,0.2690897132260032,0.32222222222222224,0.12222222222222222,1128,42,Q_learning,7
9900,90,0.006987705997231918,0.11192531286558983,0.1,0.15555555555555556,1128,42,Q_learning,7
9990,90,0.011633919024062914,0.15798996052800487,0.1111111111111111,0.1111111111111111,1128,42,Q_learning,7
10080,90,-0.005047555340313546,0.15448074742697687,0.08888888888888889,0.15555555555555556,1128,42,Q_learning,7
10170,90,-0.015510913308785262,0.13818248837715807,0.1,0.2,1128,42,Q_learning,7
10260,90,-0.009995585998130588,0.18090744947993917,0.2222222222222222,0.17777777777777778,1128,42,Q_learning,7
10350,90,0.0946763772424004,0.28465420972807576,0.14444444444444443,0.2222222222222222,1128,42,Q_learning,7
10440,90,0.0700099854443704,0.251287404894208,0.26666666666666666,0.4111111111111111,1128,42,Q_learning,7
10530,90,0.023784235617668875,0.1752724929697052,0.16666666666666666,0.3333333333333333,1128,42,Q_learning,7
10620,90,4.733931720396921e-05,0.40479677720052987,0.34444444444444444,0.3333333333333333,1128,42,Q_learning,7
10710,90,-0.16617995734944807,0.41503251524242657,0.3,0.5,1128,42,Q_learning,7
10800,90,0.01389555962738132,0.18263407678098456,0.1111111111111111,0.2,1128,42,Q_learning,7
10890,90,-0.0766493410835408,0.08711346644053905,0.044444444444444446,0.07777777777777778,1128,42,Q_learning,7
10980,90,-0.14406516827126706,0.18855956205312568,0.1111111111111111,0.2,1128,42,Q_learning,7
11070,90,-0.014233384679942155,0.2434779060210844,0.24444444444444444,0.15555555555555556,1128,42,Q_learning,7
11160,90,0.07924687247184029,0.14665536227202644,0.08888888888888889,0.15555555555555556,1128,42,Q_learning,7
11250,90,0.015999091772638578,0.3397043083385282,0.34444444444444444,0.36666666666666664,1128,42,Q_learning,7
11340,90,-0.028976583370040478,0.14291358291800665,0.16666666666666666,0.24444444444444444,1128,42,Q_learning,7
11430,90,0.07561134758548513,0.254649053459747,0.13333333333333333,0.08888888888888889,1128,42,Q_learning,7
11520,90,0.021949276809229673,0.17859882174633462,0.12222222222222222,0.2222222222222222,1128,42,Q_learning,7
11610,90,0.03910003441504719,0.14798655999467797,0.08888888888888889,0.15555555555555556,1128,42,Q_learning,7
11700,90,0.09212292697519169,0.2539898336315595,0.26666666666666666,0.2222222222222222,1128,42,Q_learning,7
11790,90,-0.04821261400415332,0.17210476913441042,0.12222222222222222,0.17777777777777778,1128,42,Q_learning,7
11880,90,0.042930865285196844,0.17685068341391652,0.16666666666666666,0.2777777777777778,1128,42,Q_learning,7
11970,90,0.039872556175278365,0.15228519611042365,0.1,0.2,1128,42,Q_learning,7
12060,90,0.07015945495174927,0.2503532675783916,0.2,0.2,1128,42,Q_learning,7
12150,90,0.06155446487663677,0.30229564756917154,0.34444444444444444,0.24444444444444444,1128,42,Q_learning,7
12240,90,0.023690606058884775,0.20406108830053601,0.15555555555555556,0.25555555555555554,1128,42,Q_learning,7
12330,90,0.01463557430706306,0.23945594943380888,0.14444444444444443,0.24444444444444444,1128,42,Q_learning,7
12420,90,0.036038743835625,0.29993646499357185,0.2111111111111111,0.08888888888888889,1128,42,Q_learning,7
12510,90,0.14044679709933705,0.49481818998873617,0.4111111111111111,0.3111111111111111,1128,42,Q_learning,7
12600,90,0.03046569426582742,0.44312492257339625,0.5444444444444444,0.17777777777777778,1128,42,Q_learning,7
12690,90,-0.04463662116237732,0.39224763003852936,0.37777777777777777,0.3111111111111111,1128,42,Q_learning,7
12780,90,-0.008606211498686397,0.31442345543969713,0.35555555555555557,0.17777777777777778,1128,42,Q_learning,7
12870,90,-0.1262412154842049,0.3906541165700982,0.3333333333333333,0.15555555555555556,1128,42,Q_learning,7
12960,90,0.13500381231685574,0.37234924856442647,0.32222222222222224,0.17777777777777778,1128,42,Q_learning,7
13050,90,0.039281897949136745,0.18376705929107662,0.1,0.06666666666666667,1128,42,Q_learning,7
13140,90,0.027328749395367686,0.45874370081937466,0.4444444444444444,0.2,1128,42,Q_learning,7
13230,90,0.06904328209549385,0.1024093857026461,0.044444444444444446,0.08888888888888889,1128,42,Q_learning,7
13320,90,0.008778550221745833,0.304122541115957,0.2,0.18888888888888888,1128,42,Q_learning,7
13410,90,0.013742123461429879,0.3307328406247402,0.37777777777777777,0.07777777777777778,1128,42,Q_learning,7
13500,90,-0.03564225553346056,0.27668245817094306,0.16666666666666666,0.3111111111111111,1128,42,Q_learning,7
13590,90,-0.037361987327693975,0.27888066717472315,0.35555555555555557,0.2,1128,42,Q_learning,7
13680,90,-0.04526862036445629,0.17842097967380674,0.17777777777777778,0.2,1128,42,Q_learning,7
13770,90,-0.020240049851522942,0.10178690960265736,0.03333333333333333,0.06666666666666667,1128,42,Q_learning,7
13860,90,0.10949249524884269,0.356762280707194,0.32222222222222224,0.2,1128,42,Q_learning,7
13950,90,-0.006799081453567426,0.29979332355353133,0.3333333333333333,0.1111111111111111,1128,42,Q_learning,7
14040,90,0.047862689409515824,0.4955583084156025,0.4111111111111111,0.1111111111111111,1128,42,Q_learning,7
14130,90,0.0033381861658428394,0.204740458939572,0.18888888888888888,0.17777777777777778,1128,42,Q_learning,7
14220,90,0.0745477356947955,0.3076665725560627,0.23333333333333334,0.2111111111111111,1128,42,Q_learning,7
14310,90,-0.05564475406962245,0.5463889427589645,0.3888888888888889,0.18888888888888888,1128,42,Q_learning,7
14400,90,-0.016298288695969502,0.22062931987869275,0.17777777777777778,0.14444444444444443,1128,42,Q_learning,7
14490,90,0.11742951596057973,0.36585897746373963,0.4,0.13333333333333333,1128,42,Q_learning,7
14580,90,0.04441895506034886,0.425563079364747,0.37777777777777777,0.23333333333333334,1128,42,Q_learning,7
14670,90,0.008228687338874448,0.43208040381972523,0.5222222222222223,0.14444444444444443,1128,42,Q_learning,7
14760,90,-0.006580915637616398,0.29884784163199224,0.3111111111111111,0.13333333333333333,1128,42,Q_learning,7
14850,90,0.02776408162460333,0.29460576889216716,0.2777777777777778,0.18888888888888888,1128,42,Q_learning,7
14940,90,-0.04508158929692946,0.4839270545232252,0.4666666666666667,0.15555555555555556,1128,42,Q_learning,7
15030,90,0.025686886625786456,0.3206898823531478,0.35555555555555557,0.1111111111111111,1128,42,Q_learning,7
15120,90,-0.17007480918657036,0.7074862548406924,0.5222222222222223,0.15555555555555556,1128,42,Q_learning,7
15210,90,0.011794486977962529,0.107276725008482,0.1111111111111111,0.07777777777777778,1128,42,Q_learning,7
15300,90,0.008751837210816389,0.1389082512994704,0.08888888888888889,0.15555555555555556,1128,42,Q_learning,7
15390,90,-0.026063006966445937,0.2070256508405719,0.08888888888888889,0.13333333333333333,1128,42,Q_learning,7
15480,90,0.09205232847872122,0.28072649943551176,0.14444444444444443,0.1111111111111111,1139,42,Q_learning,7
15570,90,0.050409669784642355,0.13454633496616364,0.13333333333333333,0.1,1139,42,Q_learning,7
15660,90,0.04123660702583314,0.3757040764293428,0.45555555555555555,0.35555555555555557,1139,42,Q_learning,7
15750,90,-0.058318772918754626,0.6689758694876718,0.4666666666666667,0.18888888888888888,1139,42,Q_learning,7
15840,90,0.05003384865898562,0.3691554071617253,0.4444444444444444,0.25555555555555554,1139,42,Q_learning,7
15930,90,-0.012414830967264742,0.3227959929403212,0.25555555555555554,0.15555555555555556,1140,42,Q_learning,7
16020,90,-0.014458839893055063,0.16147257135573265,0.12222222222222222,0.17777777777777778,1140,42,Q_learning,7
16110,90,-0.0282038312575342,0.11795518764455801,0.044444444444444446,0.08888888888888889,1140,42,Q_learning,7
16200,90,-0.029743746039845732,0.39895771438555927,0.3888888888888889,0.2,1140,42,Q_learning,7
16290,90,0.10183206049795442,0.3854388063304229,0.2777777777777778,0.15555555555555556,1140,42,Q_learning,7
16380,90,0.01760022751879193,0.26805365240636025,0.3111111111111111,0.1111111111111111,1140,42,Q_learning,7
16470,90,0.037626918640177795,0.20482934052858856,0.2,0.05555555555555555,1140,42,Q_learning,7
16560,90,0.09348352615370095,0.2865712932987888,0.25555555555555554,0.06666666666666667,1140,42,Q_learning,7
16650,90,0.04667867781172021,0.23570561794764183,0.14444444444444443,0.15555555555555556,1140,42,Q_learning,7
16740,90,0.02311327589339073,0.07371745921963951,0.03333333333333333,0.06666666666666667,1140,42,Q_learning,7
16830,90,0.020793855404582538,0.11434186655488618,0.08888888888888889,0.08888888888888889,1140,42,Q_learning,7
16920,90,0.05336880378596697,0.19587027442964383,0.2111111111111111,0.15555555555555556,1140,42,Q_learning,7
17010,90,0.05603070927458817,0.19229780314350137,0.3,0.1,1140,42,Q_learning,7
17100,90,0.04982262104978339,0.20168067470198628,0.18888888888888888,0.18888888888888888,1140,42,Q_learning,7
17190,90,0.020415568631487357,0.17673534363629081,0.24444444444444444,0.1111111111111111,1140,42,Q_learning,7
17280,90,-0.03035353683042614,0.1767506086509327,0.16666666666666666,0.2,1140,42,Q_learning,7
17370,90,0.035325076536191116,0.11422441825156643,0.08888888888888889,0.1111111111111111,1140,42,Q_learning,7
17460,90,0.02864406178350648,0.20512726794943087,0.2111111111111111,0.1111111111111111,1140,42,Q_learning,7
17550,90,-0.013599105318397068,0.22650707475168308,0.2,0.17777777777777778,1140,42,Q_learning,7
17640,90,0.09874837030389812,0.3518356194773976,0.35555555555555557,0.15555555555555556,1140,42,Q_learning,7
17730,90,0.08264883468351537,0.2632798698001467,0.23333333333333334,0.15555555555555556,1140,42,Q_learning,7
17820,90,-0.010818584417438729,0.42080932576510227,0.4777777777777778,0.16666666666666666,1140,42,Q_learning,7
17910,90,0.06310590684779048,0.2531297197674816,0.32222222222222224,0.16666666666666666,1140,42,Q_learning,7
18000,90,0.038344483654959904,0.19512212289777525,0.12222222222222222,0.13333333333333333,1140,42,Q_learning,7
18090,90,-0.010968420864868645,0.3420649527938822,0.4111111111111111,0.13333333333333333,1140,42,Q_learning,7
18180,90,0.013032998373232508,0.24177235280478004,0.2777777777777778,0.06666666666666667,1140,42,Q_learning,7
18270,90,0.03333794217678691,0.06850123174917865,0.022222222222222223,0.044444444444444446,1140,42,Q_learning,7
18360,90,0.06270238688352156,0.44361496396624034,0.5111111111111111,0.13333333333333333,1140,42,Q_learning,7
18450,90,0.0018306593428843627,0.11727051674949883,0.05555555555555555,0.07777777777777778,1140,42,Q_learning,7
18540,90,0.12296844132753873,0.36117085321984593,0.3111111111111111,0.2,1140,42,Q_learning,7
18630,90,0.09049506256028853,0.34625769507314796,0.36666666666666664,0.13333333333333333,1140,42,Q_learning,7
18720,90,0.027774474133912024,0.4184613169490252,0.5222222222222223,0.08888888888888889,1140,42,Q_learning,7
18810,90,-0.06016608017739604,0.3062920119992383,0.24444444444444444,0.17777777777777778,1140,42,Q_learning,7
18900,90,0.061863215684709726,0.3629338858389206,0.4222222222222222,0.08888888888888889,1140,42,Q_learning,7
18990,90,0.012785639411339414,0.13809687492411454,0.05555555555555555,0.1111111111111111,1140,42,Q_learning,7
19080,90,-0.1665741255795509,0.7637821755779342,0.5444444444444444,0.13333333333333333,1140,42,Q_learning,7
19170,90,-0.0009911703004042926,0.17472897295781992,0.18888888888888888,0.17777777777777778,1140,42,Q_learning,7
19260,90,0.04145061945996119,0.09437169520720001,0.044444444444444446,0.08888888888888889,1140,42,Q_learning,7
19350,90,0.1313893381982691,0.2627012290019007,0.3,0.13333333333333333,1140,42,Q_learning,7
19440,90,-0.0030751298806162525,0.2184062609671414,0.18888888888888888,0.17777777777777778,1140,42,Q_learning,7
19530,90,0.07296417313705426,0.33308050968268604,0.4777777777777778,0.15555555555555556,1140,42,Q_learning,7
19620,90,-0.0613353776654389,0.5821618072006303,0.5444444444444444,0.12222222222222222,1140,42,Q_learning,7
19710,90,0.09799772008273741,0.34154565910429363,0.3888888888888889,0.13333333333333333,1140,42,Q_learning,7
19800,90,-0.016890940154217132,0.235941207249124,0.2,0.2222222222222222,1140,42,Q_learning,7
19890,90,0.0635729235654764,0.23011534997440194,0.12222222222222222,0.06666666666666667,1140,42,Q_learning,7
19980,90,0.06799295801080804,0.6008485192738998,0.6777777777777778,0.17777777777777778,1140,42,Q_learning,7
20070,90,0.03018531074066494,0.2386145668491603,0.28888888888888886,0.13333333333333333,1140,42,Q_learning,7
20160,90,-0.20148318423572076,0.7203066566836069,0.4222222222222222,0.2111111111111111,1140,42,Q_learning,7
20250,90,0.08140829793226789,0.2567381874392411,0.25555555555555554,0.1111111111111111,1140,42,Q_learning,7
20340,90,0.053299671049971194,0.38704700268055175,0.28888888888888886,0.15555555555555556,1140,42,Q_learning,7
20430,90,0.06464742947733565,0.16923190259451595,0.13333333333333333,0.1111111111111111,1140,42,Q_learning,7
20520,90,0.04880645892056207,0.746910159205275,0.5555555555555556,0.1,1140,42,Q_learning,7
20610,90,-0.0016600203888570675,0.32649896839696596,0.18888888888888888,0.14444444444444443,1140,42,Q_learning,7
20700,90,0.11224123534554913,0.31851738968745086,0.3,0.1111111111111111,1140,42,Q_learning,7
20790,90,0.02847962184026653,0.32201845388835826,0.4,0.1111111111111111,1140,42,Q_learning,7
20880,90,0.04342583824241246,0.5863840976223406,0.5666666666666667,0.1,1140,42,Q_learning,7
20970,90,-0.11756250915510501,0.7719477415348098,0.5333333333333333,0.1,1140,42,Q_learning,7
21060,90,-0.17845534758952566,0.5913965049210643,0.3888888888888889,0.13333333333333333,1140,42,Q_learning,7
21150,90,-0.025795007115370947,0.32861910291059965,0.3888888888888889,0.17777777777777778,1140,42,Q_learning,7
21240,90,0.08595790436360169,0.5551360223625497,0.5444444444444444,0.14444444444444443,1140,42,Q_learning,7
21330,90,-0.0306129310463485,0.2704985623022507,0.15555555555555556,0.1111111111111111,1140,42,Q_learning,7
21420,90,0.005273815178733493,0.406054962001751,0.5,0.08888888888888889,1140,42,Q_learning,7
21510,90,-0.1802136728932864,0.6183436996306291,0.4444444444444444,0.15555555555555556,1140,42,Q_learning,7
21600,90,0.03239549822587031,0.24006336040166062,0.17777777777777778,0.3333333333333333,1140,42,Q_learning,7
21690,90,-0.001108512034107822,0.21501839591861993,0.1111111111111111,0.18888888888888888,1140,42,Q_learning,7
21780,90,-0.02375016661247454,0.3442719358786758,0.2,0.2777777777777778,1140,42,Q_learning,7
21870,90,-0.021387228459351548,0.04873478167968607,0.044444444444444446,0.08888888888888889,1140,42,Q_learning,7
21960,90,0.08424427858635114,0.18401542487581407,0.26666666666666666,0.13333333333333333,1140,42,Q_learning,7
22050,90,0.05405422450548337,0.2142736792591551,0.2111111111111111,0.1,1140,42,Q_learning,7
22140,90,-0.0019312430905793735,0.2844460500086224,0.14444444444444443,0.1,1140,42,Q_learning,7
22230,90,0.003529957110094765,0.1756928027071324,0.14444444444444443,0.05555555555555555,1140,42,Q_learning,7
22320,90,0.018031409140979386,0.26947716454838705,0.18888888888888888,0.15555555555555556,1140,42,Q_learning,7
22410,90,-0.02012791625226222,0.23351438519128428,0.25555555555555554,0.08888888888888889,1140,42,Q_learning,7
22500,90,0.04571363516021511,0.14201171070045077,0.07777777777777778,0.15555555555555556,1140,42,Q_learning,7
22590,90,0.01732054109984053,0.09547229596051571,0.03333333333333333,0.06666666666666667,1140,42,Q_learning,7
22680,90,-0.015915634407238154,0.05849530827441869,0.011111111111111112,0.022222222222222223,1140,42,Q_learning,7
22770,90,0.1167815229002466,0.30098590560256455,0.24444444444444444,0.24444444444444444,1140,42,Q_learning,7
22860,90,0.04570458782497761,0.22591363428683237,0.3111111111111111,0.08888888888888889,1140,42,Q_learning,7
22950,90,-0.03944414073195345,0.36205323764254416,0.26666666666666666,0.1111111111111111,1140,42,Q_learning,7
23040,90,0.11465385507960145,0.3150244150632522,0.26666666666666666,0.15555555555555556,1140,42,Q_learning,7
23130,90,0.0065024193377247646,0.18303999674207658,0.13333333333333333,0.13333333333333333,1140,42,Q_learning,7
23220,90,0.08511168004129632,0.28587984435070785,0.25555555555555554,0.2,1140,42,Q_learning,7
23310,90,0.10690463758735008,0.22782296868594504,0.2,0.08888888888888889,1140,42,Q_learning,7
23400,90,-0.014742068670266074,0.3175419064105968,0.34444444444444444,0.1111111111111111,1140,42,Q_learning,7
23490,90,0.07595403821052747,0.30126076816069414,0.24444444444444444,0.13333333333333333,1140,42,Q_learning,7
23580,90,0.002523634178301373,0.30794404379751955,0.36666666666666664,0.08888888888888889,1140,42,Q_learning,7
23670,90,0.01671850041078345,0.21652268625652538,0.18888888888888888,0.1,1140,42,Q_learning,7
23760,90,0.03473196150749946,0.24649246822359017,0.13333333333333333,0.14444444444444443,1140,42,Q_learning,7
23850,90,0.04414458836782148,0.22851535793120076,0.13333333333333333,0.1,1140,42,Q_learning,7
23940,90,-0.1626693168787953,0.7686085436992209,0.5777777777777777,0.08888888888888889,1140,42,Q_learning,7
24000,60,-0.08467987254019364,0.3349062784794243,0.13333333333333333,0.16666666666666666,1143,42,Q_learning,7
90,90,0.052099945910765756,0.3240226252604196,0.4222222222222222,0.37777777777777777,90,20,Q_learning,19
180,90,-0.07025218890633005,0.5013751093213992,0.4444444444444444,0.2222222222222222,180,22,Q_learning,19
270,90,-0.05384738381742858,0.6887126872462475,0.4888888888888889,0.5111111111111111,224,24,Q_learning,19
360,90,-0.051674379017770604,0.17935100210469143,0.17777777777777778,0.26666666666666666,314,26,Q_learning,19
450,90,0.10895792913524015,0.31724587581947283,0.28888888888888886,0.36666666666666664,404,31,Q_learning,19
540,90,0.08970677272471247,0.3286374948172364,0.3111111111111111,0.4,420,31,Q_learning,19
630,90,-0.10281415858188366,0.32747166054659765,0.24444444444444444,0.3111111111111111,450,31,Q_learning,19
720,90,-0.04292472403223157,0.3086984261303394,0.24444444444444444,0.4222222222222222,512,32,Q_learning,19
810,90,-0.04597738457789873,0.38144510146194655,0.35555555555555557,0.5111111111111111,556,34,Q_learning,19
900,90,-0.10712975990055289,0.2943375054726122,0.17777777777777778,0.28888888888888886,590,36,Q_learning,19
990,90,-0.0638216518133036,0.1570610403274746,0.2111111111111111,0.37777777777777777,665,36,Q_learning,19
1080,90,0.08911047354778917,0.559164764795672,0.37777777777777777,0.4444444444444444,755,40,Q_learning,19
1170,90,-0.03823722344238148,0.2280314103201439,0.18888888888888888,0.2222222222222222,755,40,Q_learning,19
1260,90,-0.02888093807028293,0.19333347598422224,0.16666666666666666,0.25555555555555554,799,40,Q_learning,19
1350,90,-0.0022358966267008555,0.16603234244265674,0.13333333333333333,0.24444444444444444,799,40,Q_learning,19
1440,90,-0.07293108861542559,0.19705820429579002,0.18888888888888888,0.28888888888888886,805,40,Q_learning,19
1530,90,-0.002237739712251137,0.10964916034105052,0.1111111111111111,0.2222222222222222,812,40,Q_learning,19
1620,90,-0.08043490202802515,0.20888310941754193,0.2111111111111111,0.23333333333333334,812,40,Q_learning,19
1710,90,-0.031111781001399032,0.3555867915547525,0.25555555555555554,0.4666666666666667,839,41,Q_learning,19
1800,90,-0.05207978956468132,0.19071215095684046,0.2222222222222222,0.3333333333333333,839,41,Q_learning,19
1890,90,-0.05587014010782374,0.15727683672745962,0.16666666666666666,0.23333333333333334,839,41,Q_learning,19
1980,90,-0.019095359568134407,0.10675844151917754,0.1111111111111111,0.2,913,41,Q_learning,19
2070,90,0.029479978440569325,0.2599331390906593,0.17777777777777778,0.32222222222222224,913,41,Q_learning,19
2160,90,0.09795430225514992,0.4221081799787823,0.3333333333333333,0.4111111111111111,928,41,Q_learning,19
2250,90,0.008346287914127566,0.22318895331890276,0.1111111111111111,0.2222222222222222,995,41,Q_learning,19
2340,90,-0.08981456351852618,0.2320027335453307,0.13333333333333333,0.23333333333333334,995,41,Q_learning,19
2430,90,-0.11446741257782027,0.420875239903816,0.25555555555555554,0.2222222222222222,995,41,Q_learning,19
2520,90,-0.0279024773090201,0.16756854469358384,0.12222222222222222,0.1111111111111111,1025,41,Q_learning,19
2610,90,-0.010281731905215613,0.28924810691904596,0.23333333333333334,0.2222222222222222,1025,41,Q_learning,19
2700,90,-0.07987099994672776,0.4910080813536837,0.2777777777777778,0.24444444444444444,1054,41,Q_learning,19
2790,90,0.1528322224212522,0.46944672651853864,0.5666666666666667,0.6333333333333333,1054,41,Q_learning,19
2880,90,-0.04106928685322741,0.2910167423685703,0.24444444444444444,0.34444444444444444,1054,41,Q_learning,19
2970,90,0.023497662342745453,0.22372524641537198,0.18888888888888888,0.37777777777777777,1054,41,Q_learning,19
3060,90,-0.07157589828741856,0.37398282251747433,0.3333333333333333,0.6222222222222222,1054,41,Q_learning,19
3150,90,-0.05808524407211466,0.22568637441731226,0.2222222222222222,0.26666666666666666,1054,41,Q_learning,19
3240,90,-0.06337557117335582,0.24673450765020988,0.2,0.28888888888888886,1054,41,Q_learning,19
3330,90,0.023054366327884032,0.22286179015125857,0.16666666666666666,0.28888888888888886,1054,41,Q_learning,19
3420,90,-0.019514162058834102,0.18049554436920995,0.14444444444444443,0.26666666666666666,1054,41,Q_learning,19
3510,90,-0.008850915782362115,0.36927859718792444,0.3333333333333333,0.5,1054,41,Q_learning,19
3600,90,0.03607667477094963,0.322500555623859,0.23333333333333334,0.25555555555555554,1054,41,Q_learning,19
3690,90,0.008971312167149683,0.3855766183994702,0.26666666666666666,0.37777777777777777,1054,41,Q_learning,19
3780,90,-0.0011750032879250009,0.06104887440173419,0.1111111111111111,0.17777777777777778,1054,41,Q_learning,19
3870,90,-0.007054882011214398,0.3424756946091622,0.3111111111111111,0.4888888888888889,1054,41,Q_learning,19
3960,90,0.02600238541120216,0.3135041617049412,0.2777777777777778,0.2111111111111111,1054,41,Q_learning,19
4050,90,0.027873155165910705,0.4253976253175507,0.2222222222222222,0.13333333333333333,1054,41,Q_learning,19
4140,90,-0.008383490275965895,0.2097589074596857,0.17777777777777778,0.2,1054,41,Q_learning,19
4230,90,-0.19854466437145304,0.32597793537850767,0.26666666666666666,0.2,1054,41,Q_learning,19
4320,90,-0.02939089642415942,0.07622780418984426,0.1,0.2,1054,41,Q_learning,19
4410,90,0.12155236092651947,0.3873297836531121,0.2111111111111111,0.28888888888888886,1054,41,Q_learning,19
4500,90,0.02624866941127643,0.09820279063602794,0.05555555555555555,0.1111111111111111,1054,41,Q_learning,19
4590,90,-0.00038703821177434625,0.3580181486032869,0.34444444444444444,0.4777777777777778,1054,41,Q_learning,19
4680,90,0.03020646354585542,0.23239608870642195,0.13333333333333333,0.1,1054,41,Q_learning,19
4770,90,0.056911584326404724,0.2642814167676969,0.2222222222222222,0.26666666666666666,1054,41,Q_learning,19
4860,90,-0.08650547547674411,0.35092126518377614,0.2222222222222222,0.24444444444444444,1054,41,Q_learning,19
4950,90,0.053262358834228134,0.20339473138502653,0.2,0.26666666666666666,1057,41,Q_learning,19
5040,90,-0.061032081900456794,0.2297528710251787,0.2222222222222222,0.4,1057,41,Q_learning,19
5130,90,0.012659903190998106,0.04045405108780556,0.044444444444444446,0.08888888888888889,1057,41,Q_learning,19
5220,90,0.008427027604249952,0.127387179425173,0.12222222222222222,0.2222222222222222,1057,41,Q_learning,19
5310,90,0.011527300869106395,0.15975617076678644,0.1,0.17777777777777778,1057,41,Q_learning,19
5400,90,0.06334768082378714,0.2084883533239039,0.14444444444444443,0.26666666666666666,1094,41,Q_learning,19
5490,90,-0.06585775309843449,0.2163597805768376,0.13333333333333333,0.24444444444444444,1105,41,Q_learning,19
5580,90,0.00829167256715099,0.2712402343482693,0.17777777777777778,0.3333333333333333,1105,41,Q_learning,19
5670,90,-0.06668094055867116,0.23281466182653804,0.14444444444444443,0.2222222222222222,1105,41,Q_learning,19
5760,90,0.0692277856302315,0.5228264219705003,0.3,0.4444444444444444,1105,41,Q_learning,19
5850,90,-0.06881944662858268,0.3628058442123273,0.2777777777777778,0.4444444444444444,1105,41,Q_learning,19
5940,90,0.001669726614126619,0.17315219894698486,0.2111111111111111,0.3111111111111111,1105,41,Q_learning,19
6030,90,0.006507638132512608,0.35247918299140546,0.25555555555555554,0.4444444444444444,1105,41,Q_learning,19
6120,90,-0.009881955985943488,0.23908935985431792,0.2,0.3333333333333333,1105,41,Q_learning,19
6210,90,0.05230546548451356,0.13525724746253387,0.08888888888888889,0.17777777777777778,1105,41,Q_learning,19
6300,90,-0.04113852092721254,0.15224234637737136,0.1,0.2,1105,41,Q_learning,19
6390,90,-0.07279707334040109,0.27067576017226763,0.15555555555555556,0.26666666666666666,1105,41,Q_learning,19
6480,90,-0.04967433152093024,0.2010510393430199,0.13333333333333333,0.24444444444444444,1105,41,Q_learning,19
6570,90,0.004170911736047049,0.25989179552686215,0.13333333333333333,0.2,1105,41,Q_learning,19
6660,90,0.04462705566067421,0.15049838157816275,0.1,0.17777777777777778,1105,41,Q_learning,19
6750,90,-0.011982545542003327,0.2531427413338791,0.14444444444444443,0.18888888888888888,1105,41,Q_learning,19
6840,90,-0.08912279491448913,0.2865676808606118,0.14444444444444443,0.24444444444444444,1105,41,Q_learning,19
6930,90,-0.0615416227917748,0.3560014886905457,0.26666666666666666,0.3333333333333333,1105,41,Q_learning,19
7020,90,0.004206944519649057,0.17286661110432833,0.15555555555555556,0.17777777777777778,1116,41,Q_learning,19
7110,90,0.06050721507732375,0.16674549200925007,0.14444444444444443,0.2,1116,41,Q_learning,19
7200,90,0.014237064642885884,0.12942619736052535,0.07777777777777778,0.15555555555555556,1116,41,Q_learning,19
7290,90,-0.03813473904803216,0.09340687952735884,0.08888888888888889,0.17777777777777778,1116,41,Q_learning,19
7380,90,-0.1049705132188957,0.3060909117453442,0.13333333333333333,0.24444444444444444,1116,41,Q_learning,19
7470,90,-0.08046166970912733,0.2947351298589178,0.2111111111111111,0.35555555555555557,1116,41,Q_learning,19
7560,90,-0.046697922416299116,0.0711319358044799,0.06666666666666667,0.13333333333333333,1116,41,Q_learning,19
7650,90,-0.0340426831941347,0.15970182194714627,0.1111111111111111,0.1111111111111111,1116,41,Q_learning,19
7740,90,-0.03292866554617198,0.2134747229142877,0.14444444444444443,0.17777777777777778,1116,41,Q_learning,19
7830,90,-0.012479371986833104,0.06472887362784997,0.06666666666666667,0.13333333333333333,1116,41,Q_learning,19
7920,90,-0.010728895882785337,0.1773492520305916,0.14444444444444443,0.2,1116,41,Q_learning,19
8010,90,-0.054201268666042426,0.09347294108014409,0.08888888888888889,0.13333333333333333,1116,41,Q_learning,19
8100,90,-0.03420686255227391,0.3569566567574422,0.18888888888888888,0.28888888888888886,1116,41,Q_learning,19
8190,90,0.11541292822610746,0.2147045211628375,0.13333333333333333,0.2222222222222222,1116,41,Q_learning,19
8280,90,-0.032626788661838386,0.1890383736808346,0.17777777777777778,0.35555555555555557,1116,41,Q_learning,19
8370,90,0.011828447277237631,0.21243848997619913,0.17777777777777778,0.3111111111111111,1116,41,Q_learning,19
8460,90,-0.016237126010209355,0.07923986098465824,0.07777777777777778,0.15555555555555556,1116,41,Q_learning,19
8550,90,-0.032553011006235234,0.13047754382404933,0.07777777777777778,0.14444444444444443,1116,41,Q_learning,19
8640,90,0.07796297564603244,0.1296009178964913,0.06666666666666667,0.13333333333333333,1116,41,Q_learning,19
8730,90,-0.03528353942165266,0.08875632710070568,0.1111111111111111,0.2222222222222222,1116,41,Q_learning,19
8820,90,-0.07702333203198584,0.3306779182946072,0.2,0.3333333333333333,1116,41,Q_learning,19
8910,90,0.00037893879103703123,0.24082887378221265,0.2222222222222222,0.4,1116,41,Q_learning,19
9000,90,-0.03744928478877003,0.28457986920290324,0.28888888888888886,0.4222222222222222,1116,41,Q_learning,19
9090,90,-0.10040948994231982,0.30801984854774506,0.2111111111111111,0.37777777777777777,1116,41,Q_learning,19
9180,90,-0.026693042936778957,0.05758384849906193,0.06666666666666667,0.13333333333333333,1116,41,Q_learning,19
9270,90,-0.007448803631029328,0.037070872031814465,0.06666666666666667,0.1111111111111111,1116,41,Q_learning,19
9360,90,-0.00748997835835741,0.03828954164958559,0.05555555555555555,0.1111111111111111,1116,41,Q_learning,19
9450,90,-0.010784388258551308,0.11026413360466798,0.08888888888888889,0.16666666666666666,1116,41,Q_learning,19
9540,90,0.0217667118534386,0.07196746723517583,0.1,0.2,1116,41,Q_learning,19
9630,90,0.04021853653826909,0.15168931873174457,0.07777777777777778,0.13333333333333333,1116,41,Q_learning,19
9720,90,0.01372378006918606,0.1121491466916713,0.08888888888888889,0.17777777777777778,1116,41,Q_learning,19
9810,90,0.010940617782547084,0.03404619301793482,0.05555555555555555,0.1111111111111111,1116,41,Q_learning,19
9900,90,-0.01208149632525603,0.05854475374941796,0.08888888888888889,0.17777777777777778,1116,41,Q_learning,19
9990,90,-0.02049871933849007,0.16999852008270913,0.16666666666666666,0.23333333333333334,1116,41,Q_learning,19
10080,90,0.11664253143910154,0.14137746239953414,0.044444444444444446,0.08888888888888889,1116,41,Q_learning,19
10170,90,0.001094585063083144,0.06889737639333908,0.07777777777777778,0.13333333333333333,1116,41,Q_learning,19
10260,90,0.006963438467196294,0.09090214525789822,0.05555555555555555,0.1111111111111111,1116,41,Q_learning,19
10350,90,0.11365921407115397,0.21257261900064403,0.14444444444444443,0.2222222222222222,1116,41,Q_learning,19
10440,90,-0.006050816277941526,0.06328408937344585,0.03333333333333333,0.06666666666666667,1116,41,Q_learning,19
10530,90,0.020149123682498903,0.20654709286818232,0.15555555555555556,0.28888888888888886,1116,41,Q_learning,19
10620,90,0.026277778432270936,0.319836238208111,0.18888888888888888,0.3333333333333333,1116,41,Q_learning,19
10710,90,-0.030051685958394227,0.21554717249867666,0.18888888888888888,0.17777777777777778,1116,41,Q_learning,19
10800,90,0.0761282429546799,0.12816187240013918,0.08888888888888889,0.15555555555555556,1116,41,Q_learning,19
10890,90,0.16089538957888191,0.2242621899087897,0.05555555555555555,0.1111111111111111,1116,41,Q_learning,19
10980,90,0.07198878414757635,0.2769861790968116,0.26666666666666666,0.5111111111111111,1116,41,Q_learning,19
11070,90,-0.06253825977969293,0.4097507256103759,0.26666666666666666,0.3,1116,41,Q_learning,19
11160,90,-0.0410348907169216,0.07913880695787336,0.06666666666666667,0.13333333333333333,1116,41,Q_learning,19
11250,90,0.1497181166274353,0.32667361354932944,0.25555555555555554,0.3333333333333333,1116,41,Q_learning,19
11340,90,-0.024936919614561636,0.13354028111533017,0.1,0.1111111111111111,1116,41,Q_learning,19
11430,90,0.06739542168433638,0.21218444981902687,0.12222222222222222,0.2,1116,41,Q_learning,19
11520,90,-0.05851599388772853,0.08291359897876197,0.08888888888888889,0.08888888888888889,1116,41,Q_learning,19
11610,90,-0.01925635415779065,0.1418820793208693,0.12222222222222222,0.2,1116,41,Q_learning,19
11700,90,-0.026159787218375568,0.31502949705842087,0.28888888888888886,0.4666666666666667,1116,41,Q_learning,19
11790,90,-0.06608770190304186,0.15096593452200932,0.14444444444444443,0.28888888888888886,1116,41,Q_learning,19
11880,90,-0.011741636115966615,0.1743435477961793,0.14444444444444443,0.17777777777777778,1116,41,Q_learning,19
11970,90,0.06490608549263469,0.1153377217571401,0.07777777777777778,0.13333333333333333,1116,41,Q_learning,19
12060,90,0.04844893420699132,0.1689874486702455,0.14444444444444443,0.2,1116,41,Q_learning,19
12150,90,0.12712038779879317,0.1951205661020495,0.13333333333333333,0.16666666666666666,1116,41,Q_learning,19
12240,90,0.12118097602808851,0.17949173301525703,0.13333333333333333,0.25555555555555554,1116,41,Q_learning,19
12330,90,0.038862722793231434,0.17920108239116017,0.13333333333333333,0.2222222222222222,1116,41,Q_learning,19
12420,90,0.02445309359111312,0.19357645180431773,0.16666666666666666,0.3333333333333333,1116,41,Q_learning,19
12510,90,0.017277812844554062,0.16555823902716207,0.12222222222222222,0.2222222222222222,1116,41,Q_learning,19
12600,90,0.02632433321214825,0.18945417745926443,0.15555555555555556,0.28888888888888886,1116,41,Q_learning,19
12690,90,-0.09016735885327146,0.3323033752219061,0.24444444444444444,0.4666666666666667,1116,41,Q_learning,19
12780,90,-0.09987987891785757,0.1377004370062616,0.07777777777777778,0.15555555555555556,1116,41,Q_learning,19
12870,90,0.20452317422095334,0.2776503595507593,0.13333333333333333,0.24444444444444444,1116,41,Q_learning,19
12960,90,0.07854007099206671,0.253670507327693,0.14444444444444443,0.28888888888888886,1116,41,Q_learning,19
13050,90,-0.009404909223942314,0.2751786292695999,0.2,0.3333333333333333,1116,41,Q_learning,19
13140,90,-0.039941103610076106,0.12083556307864102,0.1111111111111111,0.14444444444444443,1116,41,Q_learning,19
13230,90,0.00951224302470645,0.04887163435651262,0.044444444444444446,0.06666666666666667,1116,41,Q_learning,19
13320,90,0.024037860154299297,0.146715273184565,0.07777777777777778,0.1111111111111111,1116,41,Q_learning,19
13410,90,0.10931382152303228,0.24095167557166416,0.13333333333333333,0.24444444444444444,1116,41,Q_learning,19
13500,90,-0.059235085006044345,0.19969967434752836,0.15555555555555556,0.3111111111111111,1116,41,Q_learning,19
13590,90,-0.047620442365671936,0.1130653108367219,0.07777777777777778,0.1,1116,41,Q_learning,19
13680,90,0.02138184483226188,0.06318237337689242,0.08888888888888889,0.17777777777777778,1116,41,Q_learning,19
13770,90,-0.011569316008671041,0.2399220181984855,0.14444444444444443,0.24444444444444444,1116,41,Q_learning,19
13860,90,-0.00400098617449997,0.03784793153464364,0.03333333333333333,0.06666666666666667,1116,41,Q_learning,19
13950,90,0.08580573852381163,0.22058891584010512,0.13333333333333333,0.2222222222222222,1116,41,Q_learning,19
14040,90,-0.02046996679156844,0.1769038776828063,0.1111111111111111,0.17777777777777778,1116,41,Q_learning,19
14130,90,0.018485245935559055,0.1573905610468432,0.14444444444444443,0.26666666666666666,1116,41,Q_learning,19
14220,90,-0.00916078825002496,0.0634967300157092,0.05555555555555555,0.08888888888888889,1116,41,Q_learning,19
14310,90,-0.002053227127439374,0.12222821003630009,0.06666666666666667,0.1111111111111111,1116,41,Q_learning,19
14400,90,-0.007678293480363252,0.06456476106737676,0.05555555555555555,0.1111111111111111,1116,41,Q_learning,19
14490,90,0.04339036865205824,0.11460761182329174,0.1111111111111111,0.17777777777777778,1116,41,Q_learning,19
14580,90,0.0638767511188222,0.1380083043036723,0.12222222222222222,0.24444444444444444,1116,41,Q_learning,19
14670,90,0.01508263063860454,0.166961776813714,0.17777777777777778,0.3111111111111111,1116,41,Q_learning,19
14760,90,-0.056956281754012086,0.21395039122396126,0.14444444444444443,0.26666666666666666,1116,41,Q_learning,19
14850,90,-0.018646597867943218,0.16774935049232464,0.12222222222222222,0.2222222222222222,1116,41,Q_learning,19
14940,90,-0.03272168091167513,0.10828635048085757,0.1,0.17777777777777778,1116,41,Q_learning,19
15030,90,-0.07941589519654298,0.09222230690000528,0.08888888888888889,0.15555555555555556,1116,41,Q_learning,19
15120,90,0.026331765769115143,0.1404116459298291,0.1,0.17777777777777778,1116,41,Q_learning,19
15210,90,0.009069332529180832,0.24324361977910927,0.14444444444444443,0.13333333333333333,1131,41,Q_learning,19
15300,90,0.07118572104076858,0.20625166405464637,0.13333333333333333,0.15555555555555556,1134,41,Q_learning,19
15390,90,0.007493196826813235,0.10063991115398198,0.07777777777777778,0.15555555555555556,1134,41,Q_learning,19
15480,90,0.009820984862378913,0.19018155385883959,0.14444444444444443,0.13333333333333333,1134,41,Q_learning,19
15570,90,-0.010517041614735819,0.07744012111755884,0.06666666666666667,0.13333333333333333,1134,41,Q_learning,19
15660,90,-0.09764996645941754,0.26677470658935176,0.1111111111111111,0.2222222222222222,1134,41,Q_learning,19
15750,90,0.027838914683924926,0.09430847608410878,0.06666666666666667,0.13333333333333333,1134,41,Q_learning,19
15840,90,-0.009959806238892048,0.01395143913841753,0.011111111111111112,0.022222222222222223,1134,41,Q_learning,19
15930,90,-0.005195204840886584,0.0734795862528777,0.05555555555555555,0.1111111111111111,1134,41,Q_learning,19
16020,90,0.0379236617368964,0.09040589380111859,0.1,0.08888888888888889,1134,41,Q_learning,19
16110,90,0.08623744632505398,0.14491995746867875,0.08888888888888889,0.1111111111111111,1134,41,Q_learning,19
16200,90,0.016480930267109558,0.13595819059712283,0.13333333333333333,0.06666666666666667,1134,41,Q_learning,19
16290,90,-0.04138310239770434,0.16920524575033535,0.12222222222222222,0.12222222222222222,1134,41,Q_learning,19
16380,90,0.027302096882074908,0.10953528686278931,0.1,0.13333333333333333,1134,41,Q_learning,19
16470,90,-0.006414797444084843,0.3631510209924764,0.26666666666666666,0.4888888888888889,1134,41,Q_learning,19
16560,90,-0.07522248944298646,0.20450679684841258,0.17777777777777778,0.3111111111111111,1134,41,Q_learning,19
16650,90,0.002984199131765369,0.05464153403595194,0.03333333333333333,0.06666666666666667,1134,41,Q_learning,19
16740,90,-0.026620458417745615,0.17039411334506563,0.13333333333333333,0.13333333333333333,1134,41,Q_learning,19
16830,90,0.047632131718390286,0.13057518281213892,0.06666666666666667,0.1111111111111111,1134,41,Q_learning,19
16920,90,-0.006148055877562467,0.036222113019798,0.011111111111111112,0.022222222222222223,1134,41,Q_learning,19
17010,90,-0.05708565564963405,0.14096628867993835,0.08888888888888889,0.15555555555555556,1134,41,Q_learning,19
17100,90,0.01764450810687951,0.08072528992016949,0.08888888888888889,0.13333333333333333,1134,41,Q_learning,19
17190,90,-0.0030266518440177875,0.07432774607430861,0.022222222222222223,0.044444444444444446,1134,41,Q_learning,19
17280,90,0.024309077946674126,0.14504305541211457,0.07777777777777778,0.14444444444444443,1134,41,Q_learning,19
17370,90,0.002718123234612459,0.017577813649691472,0.022222222222222223,0.044444444444444446,1134,41,Q_learning,19
17460,90,0.0035672468811651374,0.0706404059139272,0.044444444444444446,0.08888888888888889,1134,41,Q_learning,19
17550,90,0.07732604290640342,0.12723721844493624,0.06666666666666667,0.06666666666666667,1134,41,Q_learning,19
17640,90,-0.03895571944435371,0.2326246079316699,0.08888888888888889,0.17777777777777778,1134,41,Q_learning,19
17730,90,0.03891188015129874,0.1584119160880564,0.08888888888888889,0.1,1134,41,Q_learning,19
17820,90,-0.004687780079195054,0.028986254435539458,0.011111111111111112,0.022222222222222223,1134,41,Q_learning,19
17910,90,-0.012004225099277994,0.0981889685212418,0.044444444444444446,0.06666666666666667,1134,41,Q_learning,19
18000,90,-0.067546527898015,0.12627454760149331,0.1111111111111111,0.2,1134,41,Q_learning,19
18090,90,-0.041585288111337396,0.05901948633162971,0.05555555555555555,0.1111111111111111,1134,41,Q_learning,19
18180,90,0.005406706898555695,0.04115273557043091,0.011111111111111112,0.022222222222222223,1134,41,Q_learning,19
18270,90,-0.01624265729067825,0.10170577350449561,0.044444444444444446,0.06666666666666667,1134,41,Q_learning,19
18360,90,-0.022500282815458107,0.06567419757743799,0.03333333333333333,0.06666666666666667,1134,41,Q_learning,19
18450,90,0.07588916176960087,0.251177498638493,0.17777777777777778,0.13333333333333333,1134,41,Q_learning,19
18540,90,-0.06811655836917466,0.17800994056318192,0.07777777777777778,0.06666666666666667,1134,41,Q_learning,19
18630,90,-0.11277916637345425,0.35360528429973853,0.2,0.3333333333333333,1134,42,Q_learning,19
18720,90,-0.044529907016094654,0.0689226524157653,0.06666666666666667,0.13333333333333333,1134,42,Q_learning,19
18810,90,-0.003963847389513881,0.10969698955357238,0.07777777777777778,0.15555555555555556,1134,42,Q_learning,19
18900,90,-0.08115330768162424,0.12544336537101208,0.05555555555555555,0.1111111111111111,1134,42,Q_learning,19
18990,90,-0.031360768144970276,0.03974762870850039,0.03333333333333333,0.06666666666666667,1134,42,Q_learning,19
19080,90,0.022978468821875986,0.12242097721221866,0.07777777777777778,0.1111111111111111,1134,42,Q_learning,19
19170,90,-0.018539544382388633,0.14454979480580468,0.05555555555555555,0.1111111111111111,1134,42,Q_learning,19
19260,90,-0.005861673171481309,0.14251394307097573,0.14444444444444443,0.26666666666666666,1134,42,Q_learning,19
19350,90,0.0669697659247276,0.2504751039379606,0.17777777777777778,0.15555555555555556,1134,42,Q_learning,19
19440,90,-0.08479770555970037,0.1970129846948242,0.12222222222222222,0.15555555555555556,1134,42,Q_learning,19
19530,90,-0.03763221374855022,0.07261091823948645,0.1111111111111111,0.15555555555555556,1134,42,Q_learning,19
19620,90,0.011966381503540527,0.03585959668294505,0.011111111111111112,0.022222222222222223,1134,42,Q_learning,19
19710,90,0.00743085330443771,0.06199578004912871,0.06666666666666667,0.08888888888888889,1134,42,Q_learning,19
19800,90,0.02305553181334561,0.09755677996646317,0.05555555555555555,0.1111111111111111,1134,42,Q_learning,19
19890,90,0.006516528317756608,0.09752842527996909,0.1,0.18888888888888888,1134,42,Q_learning,19
19980,90,0.03645190533000451,0.08966989075807558,0.06666666666666667,0.08888888888888889,1134,42,Q_learning,19
20070,90,-0.027643401693898815,0.18283881682739508,0.05555555555555555,0.08888888888888889,1134,42,Q_learning,19
20160,90,0.018914679077702327,0.10861790263576859,0.1111111111111111,0.15555555555555556,1134,42,Q_learning,19
20250,90,-0.02194570498620746,0.03634337271887396,0.03333333333333333,0.05555555555555555,1134,42,Q_learning,19
20340,90,-0.02018595081961341,0.05729938558601871,0.022222222222222223,0.044444444444444446,1134,42,Q_learning,19
20430,90,-0.050696331274524956,0.08876346342906308,0.03333333333333333,0.06666666666666667,1134,42,Q_learning,19
20520,90,0.023800717827596952,0.049415724053386095,0.03333333333333333,0.06666666666666667,1134,42,Q_learning,19
20610,90,-0.013959877342904931,0.15175980151493484,0.12222222222222222,0.1,1134,42,Q_learning,19
20700,90,-0.022727688542256805,0.11443029991947233,0.044444444444444446,0.08888888888888889,1134,42,Q_learning,19
20790,90,-0.005181564165068171,0.12197938074624855,0.12222222222222222,0.13333333333333333,1134,42,Q_learning,19
20880,90,0.0006120624177098176,0.03757005595167595,0.03333333333333333,0.044444444444444446,1134,42,Q_learning,19
20970,90,0.03865275460676453,0.08686781871931092,0.03333333333333333,0.06666666666666667,1134,42,Q_learning,19
21060,90,0.04541946211266033,0.07273014604079332,0.05555555555555555,0.1111111111111111,1134,42,Q_learning,19
21150,90,-0.023010942907465345,0.09962218560466926,0.06666666666666667,0.13333333333333333,1134,42,Q_learning,19
21240,90,-0.05384879988849356,0.2103308098620289,0.16666666666666666,0.2222222222222222,1134,42,Q_learning,19
21330,90,-0.016076115520778197,0.04904560374579344,0.044444444444444446,0.08888888888888889,1134,42,Q_learning,19
21420,90,-0.033226167147256847,0.10292384357466429,0.12222222222222222,0.1,1134,42,Q_learning,19
21510,90,0.11058253725407922,0.1790093361581532,0.05555555555555555,0.07777777777777778,1134,42,Q_learning,19
21600,90,0.20306437465200508,0.5530846631410178,0.17777777777777778,0.35555555555555557,1134,42,Q_learning,19
21690,90,-0.004342156856755591,0.22155944722074805,0.15555555555555556,0.28888888888888886,1134,42,Q_learning,19
21780,90,-0.05292221608938252,0.23558851597837704,0.1,0.15555555555555556,1134,42,Q_learning,19
21870,90,0.0667350443883855,0.08987789816325568,0.03333333333333333,0.06666666666666667,1134,42,Q_learning,19
21960,90,-0.0033677510116400006,0.039994520450926295,0.011111111111111112,0.022222222222222223,1134,42,Q_learning,19
22050,90,0.08747706891104476,0.17755145355980276,0.1111111111111111,0.16666666666666666,1134,42,Q_learning,19
22140,90,-0.009942146557949642,0.0630027463709049,0.06666666666666667,0.13333333333333333,1134,42,Q_learning,19
22230,90,-0.010968673751497847,0.08874186327917234,0.05555555555555555,0.1,1134,42,Q_learning,19
22320,90,-0.02842797471368642,0.08064564840122676,0.044444444444444446,0.08888888888888889,1134,42,Q_learning,19
22410,90,-0.02589073574079365,0.07546029172354729,0.03333333333333333,0.06666666666666667,1134,42,Q_learning,19
22500,90,0.09430755226119264,0.22790200750430722,0.12222222222222222,0.06666666666666667,1134,42,Q_learning,19
22590,90,-0.005552380337970061,0.04630727385639805,0.03333333333333333,0.06666666666666667,1134,42,Q_learning,19
22680,90,-0.0024213623867674547,0.051476105696851605,0.044444444444444446,0.08888888888888889,1134,42,Q_learning,19
22770,90,0.0008608682609055735,0.017150730476702923,0.011111111111111112,0.022222222222222223,1134,42,Q_learning,19
22860,90,-0.07139763120238067,0.10059695284242319,0.022222222222222223,0.044444444444444446,1134,42,Q_learning,19
22950,90,-0.02566549035371193,0.199404149261891,0.2222222222222222,0.022222222222222223,1134,42,Q_learning,19
23040,90,-0.0257429382913053,0.05960997617411723,0.03333333333333333,0.06666666666666667,1134,42,Q_learning,19
23130,90,0.031372360338473,0.1256983918942479,0.05555555555555555,0.06666666666666667,1134,42,Q_learning,19
23220,90,-0.023526630467459942,0.04427571200580133,0.03333333333333333,0.06666666666666667,1134,42,Q_learning,19
23310,90,0.007673291893992583,0.09579887942724774,0.08888888888888889,0.06666666666666667,1134,42,Q_learning,19
23400,90,0.012155100378402688,0.07833500686533706,0.06666666666666667,0.1111111111111111,1134,42,Q_learning,19
23490,90,-0.08785463019438951,0.13800653111494787,0.05555555555555555,0.08888888888888889,1134,42,Q_learning,19
23580,90,-0.031413746571300055,0.049099028932285606,0.03333333333333333,0.06666666666666667,1134,42,Q_learning,19
23670,90,-0.014826608813567763,0.06573771589266124,0.05555555555555555,0.08888888888888889,1134,42,Q_learning,19
23760,90,0.003952042639531875,0.07543008739053046,0.03333333333333333,0.06666666666666667,1134,42,Q_learning,19
23850,90,-0.010832015463528024,0.0298154218289654,0.022222222222222223,0.044444444444444446,1134,42,Q_learning,19
23940,90,-0.011422635573955788,0.04251940096127964,0.03333333333333333,0.06666666666666667,1134,42,Q_learning,19
24000,60,-0.001363061385846933,0.04185768244764229,0.016666666666666666,0.03333333333333333,1134,42,Q_learning,19
90,90,-0.12738586319466397,0.5881752715982175,0.36666666666666664,0.4111111111111111,90,19,Q_learning,43
180,90,0.012240623863823009,0.3583003008887723,0.43333333333333335,0.4,180,24,Q_learning,43
270,90,-0.03417719848037079,0.4742540878733163,0.45555555555555555,0.5,270,26,Q_learning,43
360,90,-0.07266721905295027,0.41785517881683015,0.28888888888888886,0.5222222222222223,360,26,Q_learning,43
450,90,0.04672725802866953,0.3925223263559556,0.25555555555555554,0.4222222222222222,361,27,Q_learning,43
540,90,0.016256485636452055,0.21806378023453094,0.17777777777777778,0.3111111111111111,412,28,Q_learning,43
630,90,0.07465693048820492,0.3935809436391419,0.4,0.34444444444444444,502,32,Q_learning,43
720,90,-0.04653721370706904,0.39427045822127577,0.37777777777777777,0.3888888888888889,517,34,Q_learning,43
810,90,0.03678217452439309,0.5379290017117684,0.45555555555555555,0.6444444444444445,550,35,Q_learning,43
900,90,0.08117720501711283,0.2259757214860357,0.26666666666666666,0.3333333333333333,640,35,Q_learning,43
990,90,0.09771012791092652,0.35589922403152824,0.28888888888888886,0.4111111111111111,669,35,Q_learning,43
1080,90,0.015471794658329187,0.4568961584048528,0.43333333333333335,0.37777777777777777,680,35,Q_learning,43
1170,90,0.046154700145069436,0.34692186781917844,0.28888888888888886,0.4111111111111111,684,35,Q_learning,43
1260,90,-0.018704930183257612,0.3804554559313999,0.2222222222222222,0.35555555555555557,774,36,Q_learning,43
1350,90,-0.06519390240722131,0.51516911596633,0.45555555555555555,0.4888888888888889,774,36,Q_learning,43
1440,90,-0.0167771840006744,0.2365089454334851,0.3,0.4222222222222222,774,36,Q_learning,43
1530,90,0.03784842786854962,0.2582640957652844,0.2,0.23333333333333334,774,36,Q_learning,43
1620,90,0.03828962640622267,0.4015090464068348,0.32222222222222224,0.28888888888888886,774,37,Q_learning,43
1710,90,-0.05102159615018814,0.4526252917545756,0.28888888888888886,0.4222222222222222,779,38,Q_learning,43
1800,90,-0.024757859944914844,0.2419520910025343,0.2,0.24444444444444444,803,38,Q_learning,43
1890,90,-0.0727546805118322,0.4591714478339592,0.36666666666666664,0.4,804,38,Q_learning,43
1980,90,-0.03927459174008455,0.2219125311456182,0.18888888888888888,0.2222222222222222,804,38,Q_learning,43
2070,90,-0.010877582675618494,0.22629989108840323,0.08888888888888889,0.13333333333333333,804,39,Q_learning,43
2160,90,-0.09776735729603166,0.37425976474428624,0.2222222222222222,0.2,894,41,Q_learning,43
2250,90,0.10431361975871876,0.4056786875862101,0.35555555555555557,0.2,904,41,Q_learning,43
2340,90,-0.019411572444961042,0.3528406998073291,0.2111111111111111,0.26666666666666666,965,42,Q_learning,43
2430,90,0.016833254321132755,0.3043872830742704,0.32222222222222224,0.15555555555555556,965,42,Q_learning,43
2520,90,0.03915344691404114,0.27363913881130714,0.26666666666666666,0.17777777777777778,972,42,Q_learning,43
2610,90,-0.024229116852482482,0.1904476721537513,0.14444444444444443,0.28888888888888886,972,42,Q_learning,43
2700,90,-0.03534146307022112,0.5067763970839184,0.4666666666666667,0.28888888888888886,984,42,Q_learning,43
2790,90,0.02325378646533853,0.2152874437791244,0.2222222222222222,0.18888888888888888,985,42,Q_learning,43
2880,90,-0.12474385414159196,0.9552586900399351,0.4222222222222222,0.5333333333333333,989,42,Q_learning,43
2970,90,0.07998571292782702,0.19120334922797927,0.15555555555555556,0.2,989,42,Q_learning,43
3060,90,-0.05282917935005559,0.35094376826524054,0.18888888888888888,0.28888888888888886,989,42,Q_learning,43
3150,90,0.09556664723026634,0.418143348189743,0.4444444444444444,0.3111111111111111,989,42,Q_learning,43
3240,90,-0.04860498065863399,0.42613029149437665,0.3888888888888889,0.5111111111111111,989,42,Q_learning,43
3330,90,-0.06793864634931693,0.46310819264303965,0.26666666666666666,0.4666666666666667,989,42,Q_learning,43
3420,90,0.024127705562945682,0.2805257529775157,0.34444444444444444,0.2111111111111111,989,42,Q_learning,43
3510,90,-0.07024902696950962,0.15930162027905928,0.1,0.2,989,42,Q_learning,43
3600,90,0.0021528752846498114,0.21700358163632505,0.14444444444444443,0.23333333333333334,989,42,Q_learning,43
3690,90,-0.03883112553898437,0.2539707967345607,0.15555555555555556,0.2,1010,42,Q_learning,43
3780,90,0.15902993345423855,0.3069634415567206,0.23333333333333334,0.3333333333333333,1010,42,Q_learning,43
3870,90,0.01245305474220733,0.3010731146874618,0.24444444444444444,0.28888888888888886,1010,42,Q_learning,43
3960,90,0.04237631309454735,0.36732053013620763,0.25555555555555554,0.4,1010,42,Q_learning,43
4050,90,0.04488881466404118,0.1482112660397435,0.1111111111111111,0.17777777777777778,1010,42,Q_learning,43
4140,90,0.12021482283315316,0.37943756252632965,0.24444444444444444,0.3333333333333333,1010,42,Q_learning,43
4230,90,0.08603984581378715,0.2811322655979382,0.2,0.2222222222222222,1010,42,Q_learning,43
4320,90,-0.04939740427386531,0.3046933157435261,0.23333333333333334,0.35555555555555557,1010,42,Q_learning,43
4410,90,0.08328754088440388,0.2575146392335096,0.2,0.28888888888888886,1042,42,Q_learning,43
4500,90,-0.022238090388776575,0.330585391561502,0.17777777777777778,0.24444444444444444,1042,42,Q_learning,43
4590,90,-0.006043521802664487,0.36082577817402306,0.35555555555555557,0.2222222222222222,1042,42,Q_learning,43
4680,90,-0.005462434861129757,0.16473298718619994,0.16666666666666666,0.26666666666666666,1042,42,Q_learning,43
4770,90,0.10711498934680884,0.24106487891469866,0.13333333333333333,0.2,1042,42,Q_learning,43
4860,90,-0.0027764666793862595,0.26820517032155144,0.2111111111111111,0.17777777777777778,1042,42,Q_learning,43
4950,90,0.0061334121456993,0.25373855688618285,0.15555555555555556,0.17777777777777778,1042,42,Q_learning,43
5040,90,0.02380862524764917,0.20024409238948768,0.2777777777777778,0.1111111111111111,1050,42,Q_learning,43
5130,90,0.08271831978203371,0.41205434014641446,0.24444444444444444,0.4,1050,42,Q_learning,43
5220,90,0.0030427580471776255,0.2694752730376003,0.2111111111111111,0.28888888888888886,1061,42,Q_learning,43
5310,90,0.01232235770779013,0.26770958478575807,0.16666666666666666,0.3111111111111111,1061,42,Q_learning,43
5400,90,0.051502817958018886,0.22384023313042248,0.16666666666666666,0.3111111111111111,1061,42,Q_learning,43
5490,90,0.03590573619426531,0.24426891580678461,0.18888888888888888,0.3111111111111111,1061,42,Q_learning,43
5580,90,0.03925201324791152,0.2082080998458404,0.16666666666666666,0.2222222222222222,1061,42,Q_learning,43
5670,90,-0.0309203012420174,0.21221504104647207,0.1111111111111111,0.1111111111111111,1061,42,Q_learning,43
5760,90,0.029314790882465455,0.28400912071578627,0.25555555555555554,0.37777777777777777,1061,42,Q_learning,43
5850,90,0.18954756688135596,0.4550597578384472,0.35555555555555557,0.3,1075,42,Q_learning,43
5940,90,-0.07091558363776432,0.3050708619465072,0.2222222222222222,0.2222222222222222,1075,42,Q_learning,43
6030,90,0.1250076626289929,0.30255585361760257,0.18888888888888888,0.3,1075,42,Q_learning,43
6120,90,-0.03918764610344761,0.3442277690037257,0.25555555555555554,0.28888888888888886,1075,42,Q_learning,43
6210,90,0.048396516024130976,0.29005373561471676,0.25555555555555554,0.4,1075,42,Q_learning,43
6300,90,0.09999632453857649,0.5364267941172255,0.36666666666666664,0.6,1075,42,Q_learning,43
6390,90,-0.017143514766239324,0.40639678850978345,0.3111111111111111,0.4,1075,42,Q_learning,43
6480,90,-0.1338015299119007,0.5222969416682445,0.3888888888888889,0.3111111111111111,1075,42,Q_learning,43
6570,90,-0.11495185255696481,0.5789050041847243,0.3888888888888889,0.5666666666666667,1075,42,Q_learning,43
6660,90,0.007680720981405978,0.16121604579459242,0.13333333333333333,0.2111111111111111,1075,42,Q_learning,43
6750,90,0.020407183257518207,0.2100692170756728,0.2777777777777778,0.37777777777777777,1075,42,Q_learning,43
6840,90,-0.0795125666874249,0.3926806667801618,0.2777777777777778,0.3888888888888889,1075,42,Q_learning,43
6930,90,0.08999239211737042,0.32040660516109043,0.2,0.35555555555555557,1075,42,Q_learning,43
7020,90,0.14112289412653772,0.4850767026501813,0.4,0.3333333333333333,1099,42,Q_learning,43
7110,90,0.10122795458169216,0.30015020421911426,0.24444444444444444,0.4222222222222222,1099,42,Q_learning,43
7200,90,0.023264258646378193,0.3010813877298525,0.17777777777777778,0.2222222222222222,1136,42,Q_learning,43
7290,90,0.008777455927901922,0.3475822062400439,0.34444444444444444,0.2,1136,42,Q_learning,43
7380,90,0.003917898928081405,0.1508763889567321,0.1,0.13333333333333333,1136,42,Q_learning,43
7470,90,-0.10991052301263225,0.6708222106166225,0.4666666666666667,0.4444444444444444,1136,42,Q_learning,43
7560,90,0.03667172122512764,0.24129573382489258,0.17777777777777778,0.1,1136,42,Q_learning,43
7650,90,0.010840291966534446,0.35467554548507896,0.5,0.34444444444444444,1136,42,Q_learning,43
7740,90,0.18277955064566423,0.5163265014925315,0.4666666666666667,0.4666666666666667,1136,42,Q_learning,43
7830,90,0.001598591408633898,0.3734222678761422,0.18888888888888888,0.35555555555555557,1136,42,Q_learning,43
7920,90,-0.03325285321524188,0.1578186263209724,0.18888888888888888,0.14444444444444443,1136,42,Q_learning,43
8010,90,0.07276919152042753,0.25547511051981336,0.18888888888888888,0.3333333333333333,1136,42,Q_learning,43
8100,90,0.05897973872794435,0.300871387982887,0.2222222222222222,0.24444444444444444,1136,42,Q_learning,43
8190,90,0.181602528861763,0.46760163843548613,0.35555555555555557,0.15555555555555556,1136,42,Q_learning,43
8280,90,0.07119798911525366,0.3257974339502615,0.34444444444444444,0.2111111111111111,1136,42,Q_learning,43
8370,90,0.1605785638826173,0.5268160371641283,0.37777777777777777,0.26666666666666666,1136,42,Q_learning,43
8460,90,-0.022761062078839916,0.12555145976213727,0.06666666666666667,0.13333333333333333,1136,42,Q_learning,43
8550,90,0.011069033427337496,0.28168851736466277,0.16666666666666666,0.2222222222222222,1136,42,Q_learning,43
8640,90,0.07448099658230344,0.29899607495865993,0.2111111111111111,0.4222222222222222,1136,42,Q_learning,43
8730,90,-0.04941773061064165,0.16732068432607966,0.12222222222222222,0.14444444444444443,1136,42,Q_learning,43
8820,90,-0.07682667313603772,0.35000135259136705,0.2777777777777778,0.36666666666666664,1136,42,Q_learning,43
8910,90,0.17073744526037718,0.3814973832922356,0.26666666666666666,0.28888888888888886,1136,42,Q_learning,43
9000,90,0.004620519851908115,0.35633155801329813,0.37777777777777777,0.3,1136,42,Q_learning,43
9090,90,0.19937126781213968,0.5289390545765217,0.35555555555555557,0.18888888888888888,1136,42,Q_learning,43
9180,90,-0.002809600697544987,0.41376884784198575,0.37777777777777777,0.17777777777777778,1136,42,Q_learning,43
9270,90,-0.052542321888573065,0.24070668497011533,0.14444444444444443,0.2,1136,42,Q_learning,43
9360,90,-0.01767333023383435,0.4057664044870738,0.3,0.17777777777777778,1136,42,Q_learning,43
9450,90,-0.04086525606037826,0.27986080342958025,0.16666666666666666,0.2222222222222222,1136,42,Q_learning,43
9540,90,-0.010686362350500252,0.21901686210112176,0.12222222222222222,0.17777777777777778,1136,42,Q_learning,43
9630,90,0.06249882774354959,0.27423436204910495,0.24444444444444444,0.13333333333333333,1136,42,Q_learning,43
9720,90,0.1386985876957357,0.43221007797703875,0.32222222222222224,0.15555555555555556,1136,42,Q_learning,43
9810,90,-0.10648375586887293,0.3092959304625025,0.2111111111111111,0.17777777777777778,1136,42,Q_learning,43
9900,90,-0.008848141864667028,0.3215188001622149,0.35555555555555557,0.2222222222222222,1136,42,Q_learning,43
9990,90,-0.06483600392796374,0.4327660376120375,0.36666666666666664,0.43333333333333335,1136,42,Q_learning,43
10080,90,-0.03261523519070467,0.13496371093323317,0.06666666666666667,0.13333333333333333,1136,42,Q_learning,43
10170,90,-0.0011589662171534398,0.11053491382670592,0.07777777777777778,0.13333333333333333,1136,42,Q_learning,43
10260,90,0.03412515616397056,0.2852082744953885,0.2222222222222222,0.16666666666666666,1136,42,Q_learning,43
10350,90,-0.029186947168051994,0.16435364820825132,0.08888888888888889,0.15555555555555556,1136,42,Q_learning,43
10440,90,0.08134906629178824,0.3582691767240828,0.32222222222222224,0.5777777777777777,1136,42,Q_learning,43
10530,90,0.01008666856479628,0.3941351469569648,0.2111111111111111,0.3333333333333333,1136,42,Q_learning,43
10620,90,-0.0404443485028393,0.2101977809129825,0.13333333333333333,0.15555555555555556,1136,42,Q_learning,43
10710,90,0.017588162842057567,0.19195218237065395,0.2222222222222222,0.08888888888888889,1136,42,Q_learning,43
10800,90,0.04613368793894578,0.18292666799851487,0.13333333333333333,0.15555555555555556,1136,42,Q_learning,43
10890,90,-0.003223546662484154,0.12069245212967183,0.07777777777777778,0.14444444444444443,1136,42,Q_learning,43
10980,90,0.06917482099303351,0.12004334711961286,0.05555555555555555,0.08888888888888889,1136,42,Q_learning,43
11070,90,0.21972711700028325,0.4598772513621785,0.3,0.13333333333333333,1136,42,Q_learning,43
11160,90,0.06792295589831966,0.22300199728771578,0.16666666666666666,0.3111111111111111,1136,42,Q_learning,43
11250,90,-0.06465533862421702,0.28558833622507296,0.26666666666666666,0.43333333333333335,1136,42,Q_learning,43
11340,90,-0.008760261057774488,0.1555007898199402,0.1111111111111111,0.15555555555555556,1136,42,Q_learning,43
11430,90,0.029518122934507982,0.08571966903005133,0.044444444444444446,0.08888888888888889,1136,42,Q_learning,43
11520,90,0.051691471999200475,0.11780679801538649,0.07777777777777778,0.1111111111111111,1136,42,Q_learning,43
11610,90,-0.08616501490686201,0.18520471552537085,0.15555555555555556,0.28888888888888886,1136,42,Q_learning,43
11700,90,-0.008963038642357047,0.18975320371789184,0.1,0.15555555555555556,1136,42,Q_learning,43
11790,90,-0.12532282954763993,0.18320783251074152,0.08888888888888889,0.17777777777777778,1136,42,Q_learning,43
11880,90,0.06528922018175332,0.17884382750476174,0.1,0.17777777777777778,1136,42,Q_learning,43
11970,90,0.008281696823132822,0.05941546703029373,0.044444444444444446,0.06666666666666667,1136,42,Q_learning,43
12060,90,0.03514597834845513,0.26908353408043273,0.28888888888888886,0.14444444444444443,1136,42,Q_learning,43
12150,90,0.1755416015830133,0.4692021032200699,0.37777777777777777,0.15555555555555556,1136,42,Q_learning,43
12240,90,0.026271760478154122,0.24445998018917361,0.2111111111111111,0.26666666666666666,1136,42,Q_learning,43
12330,90,0.11466857854984354,0.31502429335949905,0.3111111111111111,0.23333333333333334,1136,42,Q_learning,43
12420,90,0.1758342528148169,0.38655010298889914,0.3111111111111111,0.13333333333333333,1136,42,Q_learning,43
12510,90,0.02281070020053354,0.22468473978136486,0.13333333333333333,0.2,1136,42,Q_learning,43
12600,90,0.12184196771119714,0.4902472456092897,0.2,0.28888888888888886,1136,42,Q_learning,43
12690,90,-0.006837071781824069,0.3406301939588638,0.2,0.12222222222222222,1136,42,Q_learning,43
12780,90,0.010474777244131676,0.16746414049740355,0.1,0.1111111111111111,1136,42,Q_learning,43
12870,90,0.08780660229633294,0.47153023535299005,0.35555555555555557,0.2222222222222222,1136,42,Q_learning,43
12960,90,0.03963141060475023,0.17644870429399218,0.1,0.2,1136,42,Q_learning,43
13050,90,-0.154305068181139,0.49294023944802284,0.3333333333333333,0.2222222222222222,1136,42,Q_learning,43
13140,90,0.0006388244023266235,0.18525429991431072,0.12222222222222222,0.17777777777777778,1136,42,Q_learning,43
13230,90,0.03617146058583123,0.16127987014120151,0.1,0.16666666666666666,1136,42,Q_learning,43
13320,90,-0.08475901953035526,0.1600200885069011,0.1,0.15555555555555556,1136,42,Q_learning,43
13410,90,-0.09463148938029103,0.2160396654503804,0.1111111111111111,0.18888888888888888,1136,42,Q_learning,43
13500,90,0.09921002220361412,0.193892555552795,0.12222222222222222,0.16666666666666666,1136,42,Q_learning,43
13590,90,0.16589958992965745,0.34761512475516654,0.25555555555555554,0.06666666666666667,1136,42,Q_learning,43
13680,90,-0.004652006282726439,0.23680343915508426,0.2,0.13333333333333333,1136,42,Q_learning,43
13770,90,-0.01822225008499458,0.2723403022313496,0.16666666666666666,0.2222222222222222,1136,42,Q_learning,43
13860,90,0.008032105172607225,0.17349933639868237,0.12222222222222222,0.15555555555555556,1136,42,Q_learning,43
13950,90,-0.10836583739210233,0.19889378819623357,0.13333333333333333,0.2222222222222222,1136,42,Q_learning,43
14040,90,-0.015854169188434398,0.08543664810679255,0.044444444444444446,0.08888888888888889,1136,42,Q_learning,43
14130,90,0.20118505101471773,0.3945774196544264,0.23333333333333334,0.17777777777777778,1136,42,Q_learning,43
14220,90,0.028018540675140802,0.1607424524922071,0.16666666666666666,0.17777777777777778,1136,42,Q_learning,43
14310,90,-0.1083150918249936,0.4676375658111696,0.35555555555555557,0.23333333333333334,1136,42,Q_learning,43
14400,90,-0.011644639688894268,0.3157855968164013,0.18888888888888888,0.2222222222222222,1136,42,Q_learning,43
14490,90,-0.038421715924557225,0.32842832336754757,0.1,0.15555555555555556,1136,42,Q_learning,43
14580,90,-0.012888589379787459,0.40583257287310126,0.3,0.12222222222222222,1136,42,Q_learning,43
14670,90,0.05897305040150609,0.15815729640667386,0.07777777777777778,0.08888888888888889,1136,42,Q_learning,43
14760,90,0.08147269949417904,0.16532650285057582,0.07777777777777778,0.13333333333333333,1136,42,Q_learning,43
14850,90,-0.030446699322157465,0.21093157396880993,0.15555555555555556,0.18888888888888888,1136,42,Q_learning,43
14940,90,-0.019699728935778798,0.24658354436788052,0.25555555555555554,0.1111111111111111,1136,42,Q_learning,43
15030,90,0.07321140298445107,0.24467684445195353,0.16666666666666666,0.2222222222222222,1136,42,Q_learning,43
15120,90,-0.06143473273535618,0.21050631474593687,0.16666666666666666,0.15555555555555556,1136,42,Q_learning,43
15210,90,0.05318910223601018,0.15645976105375298,0.07777777777777778,0.15555555555555556,1136,42,Q_learning,43
15300,90,-0.022181790545729815,0.10535820172500047,0.07777777777777778,0.15555555555555556,1136,42,Q_learning,43
15390,90,-0.014482429273217518,0.29779129658192105,0.15555555555555556,0.23333333333333334,1136,42,Q_learning,43
15480,90,0.03691701144076922,0.19738638584695115,0.1111111111111111,0.1111111111111111,1139,42,Q_learning,43
15570,90,0.017456054737475975,0.09560825873800052,0.03333333333333333,0.06666666666666667,1139,42,Q_learning,43
15660,90,-0.0672037862182886,0.11048399234986436,0.06666666666666667,0.1111111111111111,1139,42,Q_learning,43
15750,90,0.006908547668718162,0.28401049001568174,0.2222222222222222,0.37777777777777777,1139,42,Q_learning,43
15840,90,0.08657321580242033,0.15677778338725898,0.08888888888888889,0.15555555555555556,1139,42,Q_learning,43
15930,90,-0.10765073711439767,0.30638673696467117,0.26666666666666666,0.28888888888888886,1139,42,Q_learning,43
16020,90,-0.07380013042267401,0.2660359717901324,0.17777777777777778,0.28888888888888886,1139,42,Q_learning,43
16110,90,-0.05112096047971,0.3264608215990255,0.2777777777777778,0.28888888888888886,1139,42,Q_learning,43
16200,90,0.00528226996102521,0.16185061603881523,0.15555555555555556,0.15555555555555556,1139,42,Q_learning,43
16290,90,-0.03112624295556591,0.08201410111750707,0.03333333333333333,0.06666666666666667,1139,42,Q_learning,43
16380,90,0.1395005046854334,0.2644535996557701,0.08888888888888889,0.12222222222222222,1139,42,Q_learning,43
16470,90,0.19842693376258158,0.36856309660195735,0.25555555555555554,0.06666666666666667,1139,42,Q_learning,43
16560,90,-0.04460365594915541,0.14800397524619974,0.03333333333333333,0.06666666666666667,1139,42,Q_learning,43
16650,90,0.006575249189353006,0.21398740390181592,0.07777777777777778,0.15555555555555556,1139,42,Q_learning,43
16740,90,0.053117803841634385,0.3154241980187088,0.17777777777777778,0.35555555555555557,1139,42,Q_learning,43
16830,90,0.0010360729155384884,0.16525853914441108,0.16666666666666666,0.17777777777777778,1139,42,Q_learning,43
16920,90,0.01237648566076787,0.09608219677339444,0.1,0.12222222222222222,1139,42,Q_learning,43
17010,90,-0.03316822569430484,0.17122784672022137,0.1,0.2,1139,42,Q_learning,43
17100,90,0.1803358280938398,0.3590601805816673,0.2777777777777778,0.08888888888888889,1139,42,Q_learning,43
17190,90,0.04180817122692866,0.14732674798134443,0.13333333333333333,0.1111111111111111,1139,42,Q_learning,43
17280,90,-0.013002022789253248,0.29795535484243835,0.2777777777777778,0.25555555555555554,1139,42,Q_learning,43
17370,90,-0.04443136121543444,0.28890359830053,0.2111111111111111,0.25555555555555554,1139,42,Q_learning,43
17460,90,-0.009584906848708712,0.21077362446117995,0.13333333333333333,0.13333333333333333,1139,42,Q_learning,43
17550,90,-0.020700469704429812,0.13458779858334055,0.1111111111111111,0.16666666666666666,1139,42,Q_learning,43
17640,90,0.0202915796144717,0.062248264611823124,0.044444444444444446,0.06666666666666667,1139,42,Q_learning,43
17730,90,0.0038426736392515384,0.15335258477691963,0.13333333333333333,0.1111111111111111,1139,42,Q_learning,43
17820,90,0.053036274172239654,0.20574805742245117,0.13333333333333333,0.15555555555555556,1139,42,Q_learning,43
17910,90,-0.036807530515861386,0.33270734732412277,0.28888888888888886,0.08888888888888889,1139,42,Q_learning,43
18000,90,0.059583015733924896,0.17689828100242044,0.07777777777777778,0.1111111111111111,1139,42,Q_learning,43
18090,90,0.03865820652510304,0.190715227750937,0.16666666666666666,0.13333333333333333,1139,42,Q_learning,43
18180,90,0.09360804123772933,0.2549192756067388,0.14444444444444443,0.2222222222222222,1139,42,Q_learning,43
18270,90,0.04092960820948654,0.17982472547538025,0.2111111111111111,0.35555555555555557,1139,42,Q_learning,43
18360,90,0.0191954941379131,0.23574891912993717,0.18888888888888888,0.15555555555555556,1139,42,Q_learning,43
18450,90,0.04950991196419784,0.26522758408257696,0.3111111111111111,0.17777777777777778,1139,42,Q_learning,43
18540,90,-0.01561285042973094,0.17259150883491495,0.13333333333333333,0.2222222222222222,1139,42,Q_learning,43
18630,90,0.034014530832326466,0.19172166581789132,0.13333333333333333,0.2,1139,42,Q_learning,43
18720,90,0.02986114471774327,0.16422683146432157,0.12222222222222222,0.1111111111111111,1139,42,Q_learning,43
18810,90,-0.02875419564736256,0.10456118082531053,0.12222222222222222,0.12222222222222222,1139,42,Q_learning,43
18900,90,0.0252964216929754,0.1814687638936076,0.2,0.06666666666666667,1139,42,Q_learning,43
18990,90,-0.030971763764320082,0.08147986541493263,0.03333333333333333,0.06666666666666667,1139,42,Q_learning,43
19080,90,0.016589597155757863,0.10536057538571252,0.05555555555555555,0.08888888888888889,1139,42,Q_learning,43
19170,90,0.10870930977837373,0.38949400124710504,0.2777777777777778,0.4666666666666667,1139,42,Q_learning,43
19260,90,0.008344124987961617,0.1715864087612773,0.1111111111111111,0.2222222222222222,1139,42,Q_learning,43
19350,90,0.026525958171314097,0.09337126040462217,0.044444444444444446,0.08888888888888889,1139,42,Q_learning,43
19440,90,0.03233253498184085,0.14563698088249996,0.1111111111111111,0.1111111111111111,1139,42,Q_learning,43
19530,90,-0.014510285028051831,0.17862173826449299,0.14444444444444443,0.1111111111111111,1139,42,Q_learning,43
19620,90,0.042637813720917704,0.1444342161808874,0.1111111111111111,0.06666666666666667,1139,42,Q_learning,43
19710,90,0.16520437663729373,0.2690951103472851,0.17777777777777778,0.08888888888888889,1139,42,Q_learning,43
19800,90,-0.032849640241534445,0.34293058857507075,0.28888888888888886,0.13333333333333333,1139,42,Q_learning,43
19890,90,-0.05999363278544826,0.10983375691347867,0.03333333333333333,0.06666666666666667,1139,42,Q_learning,43
19980,90,0.2042769010961597,0.35233842993773945,0.26666666666666666,0.06666666666666667,1139,42,Q_learning,43
20070,90,0.014829101940455723,0.1293988088876738,0.044444444444444446,0.08888888888888889,1139,42,Q_learning,43
20160,90,-0.018248621876748836,0.29304561508839944,0.16666666666666666,0.12222222222222222,1139,42,Q_learning,43
20250,90,-0.004172564922886024,0.12450325410472074,0.07777777777777778,0.13333333333333333,1139,42,Q_learning,43
20340,90,0.023800831285657884,0.1264625452601099,0.07777777777777778,0.1111111111111111,1139,42,Q_learning,43
20430,90,-0.0628907239855314,0.18503049521835738,0.15555555555555556,0.23333333333333334,1139,42,Q_learning,43
20520,90,0.03724839449384556,0.1027532743052661,0.05555555555555555,0.1111111111111111,1139,42,Q_learning,43
20610,90,0.020535927235891406,0.06859781539745277,0.011111111111111112,0.022222222222222223,1139,42,Q_learning,43
20700,90,-0.011541373624604426,0.1913904198772707,0.18888888888888888,0.13333333333333333,1139,42,Q_learning,43
20790,90,0.033974947772514426,0.13615995828928967,0.12222222222222222,0.08888888888888889,1139,42,Q_learning,43
20880,90,-0.05176847463334482,0.36175970162930404,0.3111111111111111,0.08888888888888889,1139,42,Q_learning,43
20970,90,-0.029014099962414115,0.08533217935463736,0.03333333333333333,0.011111111111111112,1139,42,Q_learning,43
21060,90,-0.0745195982451815,0.3983058481596997,0.32222222222222224,0.1111111111111111,1139,42,Q_learning,43
21150,90,0.06828554194759082,0.10319416204147652,0.044444444444444446,0.08888888888888889,1139,42,Q_learning,43
21240,90,0.011687388825793841,0.12154532347010132,0.08888888888888889,0.08888888888888889,1139,42,Q_learning,43
21330,90,-0.005065723335452343,0.12587486301315562,0.07777777777777778,0.044444444444444446,1139,42,Q_learning,43
21420,90,-0.02272021026902348,0.1330688245833128,0.1111111111111111,0.13333333333333333,1139,42,Q_learning,43
21510,90,-0.056843348105049665,0.31292714613267164,0.28888888888888886,0.1111111111111111,1139,42,Q_learning,43
21600,90,-0.09342040564136252,0.24950131908470471,0.23333333333333334,0.26666666666666666,1139,42,Q_learning,43
21690,90,-0.04432152885195085,0.10696841562775891,0.1,0.13333333333333333,1139,42,Q_learning,43
21780,90,0.03646312945051529,0.14491151400070512,0.06666666666666667,0.1,1139,42,Q_learning,43
21870,90,0.04840886592710363,0.07536932946111646,0.022222222222222223,0.044444444444444446,1139,42,Q_learning,43
21960,90,0.17622958800295124,0.4137589167751101,0.36666666666666664,0.15555555555555556,1139,42,Q_learning,43
22050,90,-0.0047846748532633845,0.15686246662294284,0.08888888888888889,0.13333333333333333,1139,42,Q_learning,43
22140,90,0.020936867805064638,0.1084146889334287,0.07777777777777778,0.06666666666666667,1139,42,Q_learning,43
22230,90,0.04214206271737707,0.0906530442521535,0.03333333333333333,0.06666666666666667,1139,42,Q_learning,43
22320,90,-0.03823211366191577,0.1825148321062033,0.07777777777777778,0.15555555555555556,1139,42,Q_learning,43
22410,90,-0.03648522783512894,0.0984003932844174,0.022222222222222223,0.044444444444444446,1139,42,Q_learning,43
22500,90,0.005426149998067115,0.0913344960125927,0.03333333333333333,0.06666666666666667,1139,42,Q_learning,43
22590,90,-0.032800418069342877,0.08616875841172046,0.07777777777777778,0.08888888888888889,1139,42,Q_learning,43
22680,90,0.0,0.041646498675646924,0.0,0.0,1139,42,Q_learning,43
22770,90,0.02861649706271445,0.14289985062815044,0.1111111111111111,0.06666666666666667,1139,42,Q_learning,43
22860,90,-0.01389225652869321,0.1501671863662247,0.13333333333333333,0.1111111111111111,1139,42,Q_learning,43
22950,90,0.08068678478817369,0.19153614266013083,0.06666666666666667,0.12222222222222222,1139,42,Q_learning,43
23040,90,0.024366422254716358,0.18113421728728613,0.2,0.3111111111111111,1139,42,Q_learning,43
23130,90,-0.08150882222621116,0.12005980398861028,0.044444444444444446,0.08888888888888889,1139,42,Q_learning,43
23220,90,-0.06218911930690724,0.42797580924673134,0.3333333333333333,0.17777777777777778,1139,42,Q_learning,43
23310,90,0.10011800371730616,0.29594498355445453,0.36666666666666664,0.2,1139,42,Q_learning,43
23400,90,0.09898636989990271,0.25860972447376523,0.32222222222222224,0.2,1139,42,Q_learning,43
23490,90,0.017258329903552007,0.23725383995076013,0.17777777777777778,0.35555555555555557,1139,42,Q_learning,43
23580,90,0.051031424081769125,0.18376960745043192,0.2111111111111111,0.26666666666666666,1139,42,Q_learning,43
23670,90,-0.06407999920197291,0.1578580503075539,0.12222222222222222,0.23333333333333334,1139,42,Q_learning,43
23760,90,-0.02991519526486067,0.09340094938695197,0.08888888888888889,0.1111111111111111,1139,42,Q_learning,43
23850,90,0.08168229713609351,0.2752501830035489,0.3,0.14444444444444443,1139,42,Q_learning,43
23940,90,0.04488407254040213,0.1984627319704185,0.25555555555555554,0.06666666666666667,1139,42,Q_learning,43
24000,60,0.09093053775970475,0.131668201921327,0.05,0.1,1139,42,Q_learning,43
90,90,0.004819467829897908,0.4182510771573097,0.5,0.37777777777777777,90,15,SARSA,7
180,90,0.15570524290814178,0.6109692311210217,0.6555555555555556,0.2222222222222222,180,21,SARSA,7
270,90,0.021462383417315135,0.37744327530855953,0.32222222222222224,0.25555555555555554,239,23,SARSA,7
360,90,0.05409003650019704,0.44872600677955327,0.4777777777777778,0.3111111111111111,329,27,SARSA,7
450,90,-0.09543985960803161,0.525102479239627,0.4,0.26666666666666666,382,30,SARSA,7
540,90,-0.04019954945834024,0.39990040509063723,0.3,0.2222222222222222,472,32,SARSA,7
630,90,0.017940304032080856,0.5554183657209849,0.5444444444444444,0.4222222222222222,562,35,SARSA,7
720,90,-0.08583182282447227,0.5222101612917013,0.45555555555555555,0.2,639,36,SARSA,7
810,90,-0.10208881660354768,0.5758464344626265,0.37777777777777777,0.4,666,36,SARSA,7
900,90,-0.01936297002833001,0.5319246750258698,0.4666666666666667,0.23333333333333334,666,36,SARSA,7
990,90,-0.10542953937160987,0.39109399681454665,0.3111111111111111,0.24444444444444444,732,36,SARSA,7
1080,90,-0.06656040355545192,0.373879643954818,0.28888888888888886,0.4222222222222222,768,38,SARSA,7
1170,90,0.031613398387571864,0.3516664315272233,0.32222222222222224,0.37777777777777777,768,38,SARSA,7
1260,90,0.020546505340646334,0.560957873468566,0.4777777777777778,0.37777777777777777,768,38,SARSA,7
1350,90,0.014009731989472026,0.29185901990703866,0.2222222222222222,0.2,768,38,SARSA,7
1440,90,-0.1331558195528536,0.6302691431753088,0.4,0.3111111111111111,775,38,SARSA,7
1530,90,-0.0413056288437753,0.3884303419739665,0.32222222222222224,0.32222222222222224,775,38,SARSA,7
1620,90,0.05889345925403059,0.27971051144528747,0.2222222222222222,0.13333333333333333,775,38,SARSA,7
1710,90,-0.005530698570177771,0.47037272906492966,0.3111111111111111,0.23333333333333334,775,38,SARSA,7
1800,90,-0.02112315726298521,0.5109064728875703,0.5444444444444444,0.17777777777777778,775,38,SARSA,7
1890,90,-0.1480914810315534,0.5580163443478585,0.3,0.3111111111111111,775,38,SARSA,7
1980,90,-0.07001176179639836,0.3882578294861867,0.36666666666666664,0.2,844,40,SARSA,7
2070,90,-0.024879869997217426,0.19026188722522328,0.08888888888888889,0.15555555555555556,844,40,SARSA,7
2160,90,-0.025659437020657313,0.13697362603494115,0.13333333333333333,0.2,934,40,SARSA,7
2250,90,-0.004713756298048696,0.18366452351239826,0.12222222222222222,0.2,934,40,SARSA,7
2340,90,0.0076366338266909495,0.39770280467048524,0.43333333333333335,0.2,961,40,SARSA,7
2430,90,-0.09952886314687154,0.2871827599538864,0.32222222222222224,0.3333333333333333,961,40,SARSA,7
2520,90,0.015170062312710914,0.18460511847584848,0.16666666666666666,0.3333333333333333,961,40,SARSA,7
2610,90,-0.018063554054017012,0.2691600069672584,0.3,0.28888888888888886,961,40,SARSA,7
2700,90,0.019710375937223003,0.26528141256039334,0.28888888888888886,0.4444444444444444,968,40,SARSA,7
2790,90,-0.017640266278109537,0.38887256413961724,0.23333333333333334,0.3111111111111111,1014,40,SARSA,7
2880,90,0.05406332588343174,0.2798880772393652,0.24444444444444444,0.4444444444444444,1014,40,SARSA,7
2970,90,0.013952428743133398,0.23004074791492915,0.2111111111111111,0.4,1014,40,SARSA,7
3060,90,0.0012909392426669682,0.2831118567243639,0.28888888888888886,0.5111111111111111,1051,40,SARSA,7
3150,90,-0.026933239800717403,0.215790096161272,0.16666666666666666,0.3111111111111111,1051,40,SARSA,7
3240,90,-0.02305871426029021,0.16917459401002802,0.13333333333333333,0.26666666666666666,1070,40,SARSA,7
3330,90,-0.005618601487073814,0.12918728690012707,0.15555555555555556,0.2222222222222222,1070,40,SARSA,7
3420,90,-0.2843250093490375,0.3863973155792385,0.18888888888888888,0.26666666666666666,1070,40,SARSA,7
3510,90,-0.00893313142274867,0.24267663844242354,0.12222222222222222,0.2222222222222222,1070,40,SARSA,7
3600,90,0.00680650730164307,0.24222619447252852,0.2,0.3111111111111111,1070,40,SARSA,7
3690,90,0.17427998997099553,0.5083876771270773,0.23333333333333334,0.37777777777777777,1070,40,SARSA,7
3780,90,-0.02539759531909828,0.21404242920416522,0.13333333333333333,0.26666666666666666,1087,40,SARSA,7
3870,90,0.09587311247453335,0.4057863282514106,0.25555555555555554,0.4666666666666667,1087,40,SARSA,7
3960,90,0.10098953974628042,0.3653451161993344,0.3333333333333333,0.5777777777777777,1087,40,SARSA,7
4050,90,-0.03288059522205641,0.1900112125330202,0.2,0.3111111111111111,1087,40,SARSA,7
4140,90,0.0012070209561639985,0.17300003191941948,0.1111111111111111,0.17777777777777778,1087,40,SARSA,7
4230,90,0.008156611484122578,0.13946181897764184,0.15555555555555556,0.2222222222222222,1087,40,SARSA,7
4320,90,-0.08344633193360836,0.2466655734963864,0.18888888888888888,0.23333333333333334,1087,40,SARSA,7
4410,90,-0.03355084339719155,0.3023077182189126,0.25555555555555554,0.2777777777777778,1101,41,SARSA,7
4500,90,0.010310515832889975,0.3595176271331093,0.36666666666666664,0.3,1101,41,SARSA,7
4590,90,0.04589721380596452,0.7244282613333031,0.4666666666666667,0.4444444444444444,1101,41,SARSA,7
4680,90,0.034861391473729804,0.24778539782139566,0.2111111111111111,0.34444444444444444,1101,41,SARSA,7
4770,90,-0.023055439931262446,0.5004000412576948,0.34444444444444444,0.6222222222222222,1109,41,SARSA,7
4860,90,0.02459635237834239,0.2554704811548466,0.2222222222222222,0.37777777777777777,1109,41,SARSA,7
4950,90,-0.04913039800572942,0.38061198718486855,0.2222222222222222,0.3333333333333333,1109,41,SARSA,7
5040,90,-0.07425742858052131,0.3197884850307464,0.2777777777777778,0.4,1109,41,SARSA,7
5130,90,0.05728427056294943,0.14355094251110756,0.1,0.17777777777777778,1109,41,SARSA,7
5220,90,-0.08042626646106832,0.4682450190389995,0.24444444444444444,0.4444444444444444,1109,41,SARSA,7
5310,90,0.06671999052055969,0.2289117730596066,0.15555555555555556,0.28888888888888886,1109,41,SARSA,7
5400,90,0.09725346058622225,0.303780444083733,0.18888888888888888,0.24444444444444444,1109,41,SARSA,7
5490,90,-0.0954004606638861,0.17534480741014224,0.08888888888888889,0.13333333333333333,1109,41,SARSA,7
5580,90,0.09553571679885897,0.22886225067144647,0.13333333333333333,0.2222222222222222,1109,41,SARSA,7
5670,90,-0.11226603597716303,0.4233268496571301,0.24444444444444444,0.4,1109,41,SARSA,7
5760,90,-0.04330076858745432,0.24608053263456833,0.2111111111111111,0.2111111111111111,1109,41,SARSA,7
5850,90,0.007073348337420926,0.14464139900854495,0.08888888888888889,0.15555555555555556,1120,41,SARSA,7
5940,90,0.1059321893978072,0.3598052250610897,0.2111111111111111,0.35555555555555557,1122,41,SARSA,7
6030,90,-0.02438181979141939,0.20776872533867421,0.18888888888888888,0.35555555555555557,1122,41,SARSA,7
6120,90,0.08806686648453817,0.7877744182381475,0.3,0.5333333333333333,1122,41,SARSA,7
6210,90,-0.06042711659228511,0.4078417739878739,0.2,0.37777777777777777,1122,41,SARSA,7
6300,90,-0.05742535616886827,0.38688486981561687,0.24444444444444444,0.4777777777777778,1122,41,SARSA,7
6390,90,-0.023624957293395265,0.22787152434249766,0.1111111111111111,0.2,1122,41,SARSA,7
6480,90,-0.04943356797036585,0.1225335969268673,0.13333333333333333,0.24444444444444444,1122,41,SARSA,7
6570,90,0.09807487642036947,0.22834979508996772,0.15555555555555556,0.28888888888888886,1122,41,SARSA,7
6660,90,-0.01271808270488233,0.26741084791568337,0.14444444444444443,0.28888888888888886,1122,41,SARSA,7
6750,90,-0.020397038023079,0.2571366905930847,0.2,0.3333333333333333,1122,42,SARSA,7
6840,90,-0.008914496466312686,0.19714439805785716,0.1,0.17777777777777778,1122,42,SARSA,7
6930,90,0.02071965376236166,0.28613869270074377,0.14444444444444443,0.26666666666666666,1128,42,SARSA,7
7020,90,-0.07270497101858836,0.36989501016424386,0.17777777777777778,0.3111111111111111,1128,42,SARSA,7
7110,90,-0.07167447283353082,0.2712750984174034,0.24444444444444444,0.4222222222222222,1128,42,SARSA,7
7200,90,-0.09468827659201963,0.2163350090477927,0.12222222222222222,0.2222222222222222,1128,42,SARSA,7
7290,90,-0.0524388494595895,0.11534996869701822,0.08888888888888889,0.13333333333333333,1128,42,SARSA,7
7380,90,-0.04247705692029381,0.21075240925370026,0.23333333333333334,0.15555555555555556,1128,42,SARSA,7
7470,90,0.007964366011086054,0.11194068909218997,0.12222222222222222,0.1111111111111111,1128,42,SARSA,7
7560,90,-0.06962886566627494,0.10959273053708816,0.08888888888888889,0.15555555555555556,1128,42,SARSA,7
7650,90,-0.037113428306927494,0.15837669235742574,0.06666666666666667,0.13333333333333333,1128,42,SARSA,7
7740,90,-0.03967174601438874,0.19555455152479798,0.15555555555555556,0.25555555555555554,1128,42,SARSA,7
7830,90,0.005027714758149483,0.1087858176185891,0.08888888888888889,0.13333333333333333,1128,42,SARSA,7
7920,90,-0.028973943420544872,0.13300610884752417,0.16666666666666666,0.1,1128,42,SARSA,7
8010,90,0.004139190796331787,0.17248169159866478,0.13333333333333333,0.2222222222222222,1128,42,SARSA,7
8100,90,-0.04328616276953004,0.30093231452195157,0.2222222222222222,0.4,1128,42,SARSA,7
8190,90,-0.024928981166959564,0.18297194146126453,0.1111111111111111,0.2222222222222222,1128,42,SARSA,7
8280,90,0.06022409830052491,0.19411359879228904,0.13333333333333333,0.15555555555555556,1128,42,SARSA,7
8370,90,0.0006908666876201286,0.16814827287219722,0.13333333333333333,0.2,1128,42,SARSA,7
8460,90,0.12192029742823253,0.19056305089219247,0.12222222222222222,0.15555555555555556,1128,42,SARSA,7
8550,90,-0.10892727890671071,0.2900829764388623,0.14444444444444443,0.24444444444444444,1128,42,SARSA,7
8640,90,0.06440781486316852,0.10847032318046591,0.07777777777777778,0.06666666666666667,1128,42,SARSA,7
8730,90,0.0005022110356143959,0.2273312267665404,0.14444444444444443,0.28888888888888886,1128,42,SARSA,7
8820,90,-0.014394808306170927,0.21730621403137088,0.2222222222222222,0.15555555555555556,1128,42,SARSA,7
8910,90,-0.08700200835704312,0.4464424158352338,0.4,0.28888888888888886,1128,42,SARSA,7
9000,90,-0.018794422797179983,0.7188281597504632,0.4222222222222222,0.4,1128,42,SARSA,7
9090,90,0.01351730833461431,0.1982003659769759,0.13333333333333333,0.2222222222222222,1128,42,SARSA,7
9180,90,0.025187736970332168,0.2524055889902668,0.17777777777777778,0.26666666666666666,1128,42,SARSA,7
9270,90,-0.011703321115241931,0.35857371972130203,0.26666666666666666,0.4444444444444444,1128,42,SARSA,7
9360,90,-0.07324836066589673,0.17956606136528563,0.14444444444444443,0.17777777777777778,1128,42,SARSA,7
9450,90,0.027496481875081198,0.1270124929757252,0.07777777777777778,0.1111111111111111,1128,42,SARSA,7
9540,90,0.01844292416112746,0.4129300124503786,0.3333333333333333,0.24444444444444444,1128,42,SARSA,7
9630,90,-0.022550164822860076,0.12681982873899172,0.07777777777777778,0.15555555555555556,1128,42,SARSA,7
9720,90,0.056560023708207584,0.34063991345400546,0.34444444444444444,0.3,1128,42,SARSA,7
9810,90,0.015159795258802393,0.3156567992372603,0.34444444444444444,0.17777777777777778,1128,42,SARSA,7
9900,90,0.04709953048375705,0.18532839990045108,0.14444444444444443,0.2,1128,42,SARSA,7
9990,90,0.02687050138521089,0.3116024560148673,0.26666666666666666,0.3111111111111111,1128,42,SARSA,7
10080,90,0.007849091683859902,0.14997620766761705,0.06666666666666667,0.1111111111111111,1128,42,SARSA,7
10170,90,-0.015510913308785262,0.16860397478399977,0.1,0.2,1128,42,SARSA,7
10260,90,-0.0001992956933562384,0.24211688743042814,0.3111111111111111,0.17777777777777778,1128,42,SARSA,7
10350,90,0.0946763772424004,0.3021470602228014,0.14444444444444443,0.2222222222222222,1128,42,SARSA,7
10440,90,0.1306298178449204,0.4629943390267222,0.4222222222222222,0.6777777777777778,1128,42,SARSA,7
10530,90,0.005880838720127501,0.21815340254899335,0.17777777777777778,0.35555555555555557,1128,42,SARSA,7
10620,90,-0.011076783141742479,0.4434114572258829,0.37777777777777777,0.34444444444444444,1128,42,SARSA,7
10710,90,-0.11743469345831405,0.49329040964462706,0.4,0.4777777777777778,1128,42,SARSA,7
10800,90,0.01389555962738132,0.17369335062794108,0.1111111111111111,0.2,1128,42,SARSA,7
10890,90,-0.0766493410835408,0.09506401585565037,0.044444444444444446,0.07777777777777778,1128,42,SARSA,7
10980,90,-0.14406516827126706,0.20476539879975267,0.1111111111111111,0.2,1128,42,SARSA,7
11070,90,0.07754818543393371,0.25477051819900587,0.2222222222222222,0.23333333333333334,1128,42,SARSA,7
11160,90,0.07924687247184029,0.16345698235379771,0.08888888888888889,0.15555555555555556,1128,42,SARSA,7
11250,90,0.01185247955003898,0.2560139323353639,0.26666666666666666,0.4,1128,42,SARSA,7
11340,90,0.01260129931678249,0.21381785693940847,0.23333333333333334,0.28888888888888886,1128,42,SARSA,7
11430,90,0.004736723646701258,0.2717188333891531,0.1111111111111111,0.1111111111111111,1128,42,SARSA,7
11520,90,0.05085110584632596,0.20074673121043843,0.15555555555555556,0.1111111111111111,1128,42,SARSA,7
11610,90,0.026942658636632474,0.1639883472985978,0.13333333333333333,0.23333333333333334,1128,42,SARSA,7
11700,90,0.03843511954615506,0.22607622113163817,0.25555555555555554,0.26666666666666666,1128,42,SARSA,7
11790,90,-0.05263653519795051,0.18429943974023857,0.1111111111111111,0.15555555555555556,1128,42,SARSA,7
11880,90,0.04179069749874974,0.20514304761446583,0.15555555555555556,0.25555555555555554,1128,42,SARSA,7
11970,90,0.03657997441086295,0.17540321939728726,0.12222222222222222,0.24444444444444444,1128,42,SARSA,7
12060,90,0.06197891035061368,0.21601473896196902,0.18888888888888888,0.17777777777777778,1128,42,SARSA,7
12150,90,0.036742097294207986,0.2723343528794194,0.3111111111111111,0.17777777777777778,1128,42,SARSA,7
12240,90,0.021143556835423065,0.2619448378461149,0.25555555555555554,0.1111111111111111,1128,42,SARSA,7
12330,90,0.015109578649690711,0.22948995342898917,0.13333333333333333,0.26666666666666666,1128,42,SARSA,7
12420,90,0.036038743835625,0.29998240272173454,0.2111111111111111,0.08888888888888889,1128,42,SARSA,7
12510,90,0.10029649580645163,0.4349794218586501,0.34444444444444444,0.4222222222222222,1128,42,SARSA,7
12600,90,0.010423037925600332,0.37989822553429065,0.4888888888888889,0.26666666666666666,1128,42,SARSA,7
12690,90,-0.016088675347649566,0.45410412652641596,0.4444444444444444,0.28888888888888886,1128,42,SARSA,7
12780,90,0.009953565087832702,0.3896873765411809,0.4444444444444444,0.17777777777777778,1128,42,SARSA,7
12870,90,-0.16345359080352787,0.40506183440767524,0.3333333333333333,0.2,1128,42,SARSA,7
12960,90,0.12298333581685741,0.3474982078621545,0.28888888888888886,0.2222222222222222,1128,42,SARSA,7
13050,90,0.004442073845600657,0.09181428382026376,0.03333333333333333,0.044444444444444446,1128,42,SARSA,7
13140,90,0.0019380026841844798,0.32562498577916554,0.26666666666666666,0.17777777777777778,1128,42,SARSA,7
13230,90,0.07808227222348986,0.11234712965493505,0.05555555555555555,0.1111111111111111,1128,42,SARSA,7
13320,90,-0.006133878581302581,0.26167776236961315,0.16666666666666666,0.14444444444444443,1128,42,SARSA,7
13410,90,-0.0016676251909557855,0.26596204586345384,0.32222222222222224,0.06666666666666667,1128,42,SARSA,7
13500,90,0.02035461270896994,0.21256394326497244,0.15555555555555556,0.28888888888888886,1128,42,SARSA,7
13590,90,-0.022497674890866074,0.3396335713879149,0.43333333333333335,0.15555555555555556,1128,42,SARSA,7
13680,90,-0.014706196010153718,0.2295899929135197,0.18888888888888888,0.2222222222222222,1128,42,SARSA,7
13770,90,-0.004324415444284786,0.0632038921067002,0.022222222222222223,0.044444444444444446,1128,42,SARSA,7
13860,90,0.040298800424987305,0.211775270609817,0.14444444444444443,0.2222222222222222,1128,42,SARSA,7
13950,90,0.014684180176218191,0.3064216131404248,0.28888888888888886,0.24444444444444444,1128,42,SARSA,7
14040,90,0.008309330202921732,0.8742498040007198,0.6222222222222222,0.14444444444444443,1128,42,SARSA,7
14130,90,0.0496364100808805,0.3281622807119475,0.32222222222222224,0.2222222222222222,1128,42,SARSA,7
14220,90,0.04330667592151496,0.22913136659512234,0.2,0.2777777777777778,1128,42,SARSA,7
14310,90,-0.1078147232761708,0.5549982348421814,0.36666666666666664,0.25555555555555554,1128,42,SARSA,7
14400,90,-0.03598864630050191,0.26288561658029613,0.25555555555555554,0.12222222222222222,1128,42,SARSA,7
14490,90,0.11614541020163884,0.33919372241243817,0.3111111111111111,0.32222222222222224,1128,42,SARSA,7
14580,90,0.11866849487621384,0.5718697628149899,0.43333333333333335,0.3333333333333333,1128,42,SARSA,7
14670,90,0.02062119866675281,0.4647076627734956,0.5,0.23333333333333334,1128,42,SARSA,7
14760,90,-0.02174100993660013,0.3210248095082055,0.2777777777777778,0.17777777777777778,1128,42,SARSA,7
14850,90,0.030505461357275113,0.22204161893804594,0.2222222222222222,0.17777777777777778,1128,42,SARSA,7
14940,90,-0.007890070277575845,0.3064549073015228,0.25555555555555554,0.3111111111111111,1128,42,SARSA,7
15030,90,0.04853706457806679,0.28005293348086935,0.3111111111111111,0.08888888888888889,1128,42,SARSA,7
15120,90,-0.21688122661980885,0.5200011496335606,0.4222222222222222,0.18888888888888888,1128,42,SARSA,7
15210,90,0.028792971502617254,0.10102860520445489,0.1111111111111111,0.12222222222222222,1128,42,SARSA,7
15300,90,-0.03616846852831507,0.2260033691050629,0.12222222222222222,0.15555555555555556,1128,42,SARSA,7
15390,90,-0.06048161712758938,0.22916333979278608,0.12222222222222222,0.13333333333333333,1128,42,SARSA,7
15480,90,0.04377718893309513,0.2907385938225531,0.14444444444444443,0.13333333333333333,1139,42,SARSA,7
15570,90,0.050409669784642355,0.13744995020383996,0.13333333333333333,0.1,1139,42,SARSA,7
15660,90,0.025827272748435767,0.26413876414695964,0.3333333333333333,0.05555555555555555,1139,42,SARSA,7
15750,90,-0.03460498100688035,0.5208794067237089,0.32222222222222224,0.4222222222222222,1139,42,SARSA,7
15840,90,0.05260812279960476,0.3058506372562297,0.3333333333333333,0.25555555555555554,1139,42,SARSA,7
15930,90,0.005666526238293833,0.16208267669006576,0.1,0.15555555555555556,1140,42,SARSA,7
16020,90,0.04352134879019766,0.1162949689907773,0.1,0.17777777777777778,1140,42,SARSA,7
16110,90,-0.0282038312575342,0.10477795917166116,0.044444444444444446,0.08888888888888889,1140,42,SARSA,7
16200,90,-0.029743746039845732,0.4205437069129249,0.3888888888888889,0.2,1140,42,SARSA,7
16290,90,0.046743951131190994,0.22882905046309435,0.16666666666666666,0.26666666666666666,1140,42,SARSA,7
16380,90,0.050789178736456414,0.23259998568887985,0.25555555555555554,0.3111111111111111,1140,42,SARSA,7
16470,90,0.019980306062655818,0.0779211409821754,0.06666666666666667,0.05555555555555555,1140,42,SARSA,7
16560,90,0.0786570206287216,0.23191857207282354,0.2222222222222222,0.13333333333333333,1140,42,SARSA,7
16650,90,0.03315443598632564,0.24444208802168446,0.16666666666666666,0.15555555555555556,1140,42,SARSA,7
16740,90,0.034375600096016895,0.07639364834416722,0.044444444444444446,0.06666666666666667,1140,42,SARSA,7
16830,90,0.020793855404582538,0.108134451739713,0.08888888888888889,0.08888888888888889,1140,42,SARSA,7
16920,90,0.02115729726160505,0.1586845645986129,0.15555555555555556,0.17777777777777778,1140,42,SARSA,7
17010,90,0.05603070927458817,0.2003940668435916,0.3,0.1,1140,42,SARSA,7
17100,90,-0.011328617571793865,0.2290752429668804,0.18888888888888888,0.14444444444444443,1140,42,SARSA,7
17190,90,0.01806356883626511,0.22604912677740682,0.2777777777777778,0.1111111111111111,1140,42,SARSA,7
17280,90,0.01834284759049045,0.16341953691544117,0.18888888888888888,0.17777777777777778,1140,42,SARSA,7
17370,90,0.016939103846755545,0.2687283398519269,0.2777777777777778,0.1,1140,42,SARSA,7
17460,90,0.024738639884347356,0.1880323789826491,0.14444444444444443,0.2222222222222222,1140,42,SARSA,7
17550,90,0.018515552429953876,0.2586029976845546,0.24444444444444444,0.15555555555555556,1140,42,SARSA,7
17640,90,0.13269693919162817,0.2744747778897053,0.26666666666666666,0.34444444444444444,1140,42,SARSA,7
17730,90,0.07824077804087824,0.1999428030571288,0.16666666666666666,0.15555555555555556,1140,42,SARSA,7
17820,90,-0.008997937879074741,0.4138377501684697,0.4222222222222222,0.2777777777777778,1140,42,SARSA,7
17910,90,0.04867296447749555,0.21605370722574346,0.23333333333333334,0.32222222222222224,1140,42,SARSA,7
18000,90,0.038344483654959904,0.17503705182662174,0.12222222222222222,0.13333333333333333,1140,42,SARSA,7
18090,90,0.16320666666296602,0.4664589617470863,0.4444444444444444,0.17777777777777778,1140,42,SARSA,7
18180,90,0.008621760703281264,0.24402197750999888,0.28888888888888886,0.06666666666666667,1140,42,SARSA,7
18270,90,0.04237693230478293,0.07124593132033544,0.03333333333333333,0.06666666666666667,1140,42,SARSA,7
18360,90,0.15874395354419382,0.49222117090398576,0.5333333333333333,0.2222222222222222,1140,42,SARSA,7
18450,90,-0.0038380864236468395,0.12003579346503736,0.06666666666666667,0.05555555555555555,1140,42,SARSA,7
18540,90,0.08621422539825133,0.3560852052102809,0.34444444444444444,0.2,1140,42,SARSA,7
18630,90,0.08425970465288223,0.2787025293338998,0.23333333333333334,0.12222222222222222,1140,42,SARSA,7
18720,90,0.23643915103331728,0.5166697293398095,0.5555555555555556,0.1111111111111111,1140,42,SARSA,7
18810,90,-0.08449517680225567,0.6196095937169891,0.5111111111111111,0.17777777777777778,1140,42,SARSA,7
18900,90,0.24274503726538965,0.543154743798644,0.5444444444444444,0.08888888888888889,1140,42,SARSA,7
18990,90,0.02182462953933544,0.13615239269950122,0.06666666666666667,0.13333333333333333,1140,42,SARSA,7
19080,90,-0.1664236315596946,0.7817205381683698,0.5555555555555556,0.17777777777777778,1140,42,SARSA,7
19170,90,0.0014677956801128359,0.29535175309962636,0.24444444444444444,0.13333333333333333,1140,42,SARSA,7
19260,90,0.04145061945996119,0.07960543902964802,0.044444444444444446,0.08888888888888889,1140,42,SARSA,7
19350,90,0.11786509637287453,0.31509118010655357,0.32222222222222224,0.13333333333333333,1140,42,SARSA,7
19440,90,-0.04307005241859279,0.4675239870490983,0.4444444444444444,0.16666666666666666,1140,42,SARSA,7
19530,90,0.06578458920152634,0.48111982099521794,0.6111111111111112,0.28888888888888886,1140,42,SARSA,7
19620,90,-0.0613353776654389,0.5930058404695212,0.5444444444444444,0.12222222222222222,1140,42,SARSA,7
19710,90,0.12588383642417192,0.36344034780474277,0.43333333333333335,0.1111111111111111,1140,42,SARSA,7
19800,90,-0.02491038841880266,0.34766264282152765,0.3,0.26666666666666666,1140,42,SARSA,7
19890,90,0.05109040830808183,0.24766795091869917,0.15555555555555556,0.08888888888888889,1140,42,SARSA,7
19980,90,0.050665879920598615,0.6115647916538988,0.7,0.16666666666666666,1140,42,SARSA,7
20070,90,0.03018531074066494,0.25883792948895623,0.28888888888888886,0.13333333333333333,1140,42,SARSA,7
20160,90,-0.20148318423572076,0.7261538000579281,0.4222222222222222,0.2111111111111111,1140,42,SARSA,7
20250,90,0.0904472880602639,0.266333437808116,0.26666666666666666,0.13333333333333333,1140,42,SARSA,7
20340,90,0.039775429224576615,0.39666378394154905,0.3111111111111111,0.15555555555555556,1140,42,SARSA,7
20430,90,0.05368188980658325,0.26765065189969073,0.2222222222222222,0.15555555555555556,1140,42,SARSA,7
20520,90,0.04880645892056207,0.7255360482588445,0.5555555555555556,0.1,1140,42,SARSA,7
20610,90,-0.0016600203888570675,0.32158516824981065,0.18888888888888888,0.14444444444444443,1140,42,SARSA,7
20700,90,0.08936219972260402,0.32499899754977624,0.36666666666666664,0.1111111111111111,1140,42,SARSA,7
20790,90,0.20574014749130387,0.52197080243922,0.5,0.1111111111111111,1140,42,SARSA,7
20880,90,0.04342583824241246,0.5913014148502092,0.5666666666666667,0.1,1140,42,SARSA,7
20970,90,-0.11756250915510501,0.7693003351499268,0.5333333333333333,0.1,1140,42,SARSA,7
21060,90,-0.17845534758952566,0.5952419155796338,0.3888888888888889,0.13333333333333333,1140,42,SARSA,7
21150,90,-0.05294119509095956,0.4074348037980369,0.4222222222222222,0.2,1140,42,SARSA,7
21240,90,0.08595790436360169,0.5516965058598546,0.5444444444444444,0.14444444444444443,1140,42,SARSA,7
21330,90,-0.0306129310463485,0.2825097515745415,0.15555555555555556,0.1111111111111111,1140,42,SARSA,7
21420,90,0.19319998255583057,0.6258936875031549,0.6555555555555556,0.08888888888888889,1140,42,SARSA,7
21510,90,-0.20576924523381854,0.6164049420193058,0.45555555555555555,0.13333333333333333,1140,42,SARSA,7
21600,90,0.06422134998824469,0.22637323778885496,0.17777777777777778,0.3333333333333333,1140,42,SARSA,7
21690,90,0.016237135608710433,0.23831968205546752,0.12222222222222222,0.18888888888888888,1140,42,SARSA,7
21780,90,0.0022053673300062608,0.25080447968717473,0.13333333333333333,0.2,1140,42,SARSA,7
21870,90,-0.02673413323208746,0.04989694616920554,0.03333333333333333,0.06666666666666667,1140,42,SARSA,7
21960,90,-0.006468175465156972,0.022898078829778616,0.011111111111111112,0.022222222222222223,1140,42,SARSA,7
22050,90,-0.01978046356066136,0.153413358020495,0.16666666666666666,0.12222222222222222,1140,42,SARSA,7
22140,90,0.008304816827348684,0.15781172911307723,0.044444444444444446,0.07777777777777778,1140,42,SARSA,7
22230,90,-0.01050629500866354,0.09746014539869347,0.08888888888888889,0.1,1140,42,SARSA,7
22320,90,0.024198259150354992,0.1741088472998422,0.1,0.12222222222222222,1140,42,SARSA,7
22410,90,0.037800479522176474,0.12552770299610083,0.08888888888888889,0.08888888888888889,1140,42,SARSA,7
22500,90,0.05475262528821113,0.1618216595804169,0.08888888888888889,0.17777777777777778,1140,42,SARSA,7
22590,90,0.02635953122783656,0.0962827875173643,0.044444444444444446,0.08888888888888889,1140,42,SARSA,7
22680,90,0.0,0.022048242069827546,0.0,0.0,1140,42,SARSA,7
22770,90,0.053366489827888546,0.18911703826957874,0.15555555555555556,0.24444444444444444,1140,42,SARSA,7
22860,90,0.022847045812013744,0.16323427205376398,0.17777777777777778,0.2111111111111111,1140,42,SARSA,7
22950,90,-0.037900606821342414,0.13559024715039023,0.06666666666666667,0.13333333333333333,1140,42,SARSA,7
23040,90,0.032858131798735736,0.19285088339876957,0.12222222222222222,0.17777777777777778,1140,42,SARSA,7
23130,90,-0.07060945800302137,0.23524549352655633,0.17777777777777778,0.14444444444444443,1140,42,SARSA,7
23220,90,0.011686990853877073,0.21297067011916176,0.12222222222222222,0.17777777777777778,1140,42,SARSA,7
23310,90,0.03347994839993081,0.11254555741350061,0.06666666666666667,0.06666666666666667,1140,42,SARSA,7
23400,90,-0.025742922676715782,0.32711629724837166,0.25555555555555554,0.35555555555555557,1140,42,SARSA,7
23490,90,0.047571786964286406,0.19368824326813333,0.12222222222222222,0.1111111111111111,1140,42,SARSA,7
23580,90,0.13584788803930223,0.4603703782164062,0.36666666666666664,0.2,1140,42,SARSA,7
23670,90,-0.011216216113783295,0.19759602003808543,0.14444444444444443,0.17777777777777778,1140,42,SARSA,7
23760,90,0.032628900052258235,0.27341922073626307,0.15555555555555556,0.14444444444444443,1140,42,SARSA,7
23850,90,0.06620436196520785,0.21685512620809072,0.16666666666666666,0.14444444444444443,1140,42,SARSA,7
23940,90,-0.04125577271099565,0.31402598261194287,0.2222222222222222,0.28888888888888886,1140,42,SARSA,7
24000,60,-0.08467987254019364,0.3627773934956261,0.13333333333333333,0.16666666666666666,1143,42,SARSA,7
90,90,0.052099945910765756,0.3355024389484644,0.4222222222222222,0.37777777777777777,90,20,SARSA,19
180,90,-0.11342312817673962,0.4522938619786988,0.4,0.24444444444444444,180,21,SARSA,19
270,90,-0.0304455947806594,0.657636493828031,0.4222222222222222,0.4444444444444444,224,23,SARSA,19
360,90,-0.0503653737076183,0.25569028257422166,0.28888888888888886,0.3333333333333333,314,25,SARSA,19
450,90,0.11685503433445105,0.3847459183530382,0.28888888888888886,0.4111111111111111,404,31,SARSA,19
540,90,0.09655194712605794,0.4460098866939765,0.36666666666666664,0.35555555555555557,420,31,SARSA,19
630,90,-0.02677085050258922,0.5085674105510489,0.3333333333333333,0.24444444444444444,450,31,SARSA,19
720,90,-0.08779808792680442,0.6157821356809838,0.34444444444444444,0.36666666666666664,512,32,SARSA,19
810,90,0.007563815178001512,0.5496875558221928,0.4888888888888889,0.5555555555555556,556,34,SARSA,19
900,90,-0.11979750678207536,0.4676730181643197,0.26666666666666666,0.28888888888888886,590,35,SARSA,19
990,90,-0.012075051389428045,0.19330213029550225,0.17777777777777778,0.26666666666666666,665,35,SARSA,19
1080,90,0.03179016133498667,0.824931073861309,0.5555555555555556,0.5222222222222223,755,39,SARSA,19
1170,90,0.020076794909853646,0.426618939237109,0.28888888888888886,0.4,755,39,SARSA,19
1260,90,-0.03737880993168558,0.26887237882967635,0.2222222222222222,0.36666666666666664,799,40,SARSA,19
1350,90,-0.02708050925520995,0.3275128536936042,0.2,0.37777777777777777,799,40,SARSA,19
1440,90,-0.12739333053464968,0.4203609849693421,0.28888888888888886,0.4666666666666667,805,40,SARSA,19
1530,90,-0.00494929753629268,0.15671688331360184,0.14444444444444443,0.26666666666666666,812,40,SARSA,19
1620,90,-0.0872542156305673,0.28658293879163976,0.24444444444444444,0.2111111111111111,812,40,SARSA,19
1710,90,-0.005868323111114205,0.4797795899802935,0.32222222222222224,0.37777777777777777,839,41,SARSA,19
1800,90,0.024713689280233483,0.34796709289722594,0.3111111111111111,0.5444444444444444,839,41,SARSA,19
1890,90,-0.0391876860985084,0.45643595677647103,0.37777777777777777,0.5888888888888889,839,41,SARSA,19
1980,90,-0.04562411870793403,0.20505543307182483,0.17777777777777778,0.3333333333333333,913,41,SARSA,19
2070,90,0.05775354134496721,0.36354385214232354,0.26666666666666666,0.3888888888888889,913,41,SARSA,19
2160,90,0.02639352733470349,0.502851325546301,0.36666666666666664,0.36666666666666664,928,41,SARSA,19
2250,90,-0.005819202766556152,0.6513037515806533,0.32222222222222224,0.4666666666666667,995,41,SARSA,19
2340,90,-0.012450276788967788,0.6451505742797724,0.28888888888888886,0.45555555555555555,995,41,SARSA,19
2430,90,-0.23837322110518297,0.6407355872729492,0.3333333333333333,0.35555555555555557,995,41,SARSA,19
2520,90,-0.017430134481566554,0.1065298951851005,0.06666666666666667,0.13333333333333333,1025,41,SARSA,19
2610,90,-0.014491567834729806,0.21838571255509007,0.13333333333333333,0.2222222222222222,1025,41,SARSA,19
2700,90,-0.034532509419527777,0.38356013644168535,0.18888888888888888,0.3333333333333333,1054,41,SARSA,19
2790,90,0.10285979454336841,0.3641759404760887,0.3888888888888889,0.3,1054,41,SARSA,19
2880,90,-0.07264415362598253,0.2945878375826002,0.23333333333333334,0.2777777777777778,1054,41,SARSA,19
2970,90,0.03099124414130749,0.2285343940568331,0.17777777777777778,0.3111111111111111,1054,41,SARSA,19
3060,90,-0.027223780460698004,0.3198358804373779,0.26666666666666666,0.4888888888888889,1054,41,SARSA,19
3150,90,-0.08503072857891539,0.3162687210838391,0.2777777777777778,0.3888888888888889,1054,41,SARSA,19
3240,90,-0.04083321308599377,0.2112946116831335,0.15555555555555556,0.24444444444444444,1054,41,SARSA,19
3330,90,0.12710200053477932,0.35114539015079194,0.18888888888888888,0.26666666666666666,1054,41,SARSA,19
3420,90,-0.022274975709182382,0.2189063331126999,0.15555555555555556,0.26666666666666666,1054,41,SARSA,19
3510,90,-0.003447597351281152,0.3070534023430235,0.3,0.3888888888888889,1054,41,SARSA,19
3600,90,0.059951961192318826,0.3281805607771816,0.17777777777777778,0.25555555555555554,1054,41,SARSA,19
3690,90,0.06375908474665332,0.5559163218672148,0.3111111111111111,0.4666666666666667,1054,41,SARSA,19
3780,90,-0.012157122577683742,0.17567870902112406,0.25555555555555554,0.24444444444444444,1054,41,SARSA,19
3870,90,-0.1411681110534968,0.34087901722595115,0.23333333333333334,0.43333333333333335,1054,41,SARSA,19
3960,90,0.03247377651369694,0.29445987969785675,0.2,0.2777777777777778,1054,41,SARSA,19
4050,90,0.011079838746706016,0.18769595693460495,0.1,0.13333333333333333,1054,41,SARSA,19
4140,90,-0.030553752447088498,0.3082110480525255,0.25555555555555554,0.2222222222222222,1054,41,SARSA,19
4230,90,-0.12937600617660316,0.2844071059839195,0.18888888888888888,0.24444444444444444,1054,41,SARSA,19
4320,90,-0.018189983540428806,0.10786497400247269,0.1111111111111111,0.2,1054,41,SARSA,19
4410,90,0.13661205001922888,0.5781945869934044,0.3333333333333333,0.4444444444444444,1054,41,SARSA,19
4500,90,0.02624866941127643,0.1429928270699603,0.05555555555555555,0.1111111111111111,1054,41,SARSA,19
4590,90,-0.026738639046156986,0.4338199200450795,0.35555555555555557,0.5,1054,41,SARSA,19
4680,90,0.03020646354585542,0.26880752229736304,0.13333333333333333,0.1,1054,41,SARSA,19
4770,90,0.06265688496020386,0.23206600533222077,0.17777777777777778,0.26666666666666666,1054,41,SARSA,19
4860,90,-0.05228985700448268,0.4695924497337666,0.28888888888888886,0.35555555555555557,1054,41,SARSA,19
4950,90,0.02777952819510821,0.25487136618911593,0.18888888888888888,0.28888888888888886,1057,41,SARSA,19
5040,90,-0.022029675331545314,0.27013116905083945,0.25555555555555554,0.37777777777777777,1057,41,SARSA,19
5130,90,-0.00786233137115429,0.13846422968612482,0.18888888888888888,0.06666666666666667,1057,41,SARSA,19
5220,90,0.010108690930234311,0.13619240294975737,0.12222222222222222,0.2222222222222222,1057,41,SARSA,19
5310,90,0.03876318568763531,0.3124289676336185,0.18888888888888888,0.13333333333333333,1057,41,SARSA,19
5400,90,0.09728673260279597,0.33894825233570164,0.25555555555555554,0.24444444444444444,1094,41,SARSA,19
5490,90,-0.015909253882634613,0.36723560507981884,0.2,0.2222222222222222,1105,41,SARSA,19
5580,90,-0.001050900923291599,0.2976226706946977,0.18888888888888888,0.35555555555555557,1105,41,SARSA,19
5670,90,-0.09165403155523846,0.3681691719727616,0.3111111111111111,0.24444444444444444,1105,41,SARSA,19
5760,90,0.10433952648430868,0.6744651635014163,0.37777777777777777,0.4444444444444444,1105,41,SARSA,19
5850,90,0.004772031652739001,0.37193588935190475,0.24444444444444444,0.26666666666666666,1105,41,SARSA,19
5940,90,-0.0396639766402243,0.33002203107916284,0.35555555555555557,0.28888888888888886,1105,41,SARSA,19
6030,90,0.03508563729448415,0.49446076576222153,0.4,0.4666666666666667,1105,41,SARSA,19
6120,90,-0.08836570239978067,0.41076681803153686,0.28888888888888886,0.37777777777777777,1105,41,SARSA,19
6210,90,0.06397659549079303,0.2194333408463464,0.15555555555555556,0.15555555555555556,1105,41,SARSA,19
6300,90,-0.03375415067832144,0.271637407141805,0.18888888888888888,0.17777777777777778,1105,41,SARSA,19
6390,90,-0.08489905934580196,0.40809121439719165,0.24444444444444444,0.2222222222222222,1105,41,SARSA,19
6480,90,-0.06813158870316198,0.252664844419922,0.24444444444444444,0.2,1105,41,SARSA,19
6570,90,0.1365921066998642,0.3913589135479626,0.18888888888888888,0.13333333333333333,1105,41,SARSA,19
6660,90,0.03460036092559205,0.16075270571821568,0.1,0.13333333333333333,1105,41,SARSA,19
6750,90,0.017129975502549837,0.14198480603796,0.1,0.17777777777777778,1105,41,SARSA,19
6840,90,-0.1095627415597643,0.28001628769294806,0.2111111111111111,0.24444444444444444,1105,41,SARSA,19
6930,90,-0.05000525012762028,0.4837963906742042,0.4444444444444444,0.08888888888888889,1105,41,SARSA,19
7020,90,0.06930335295539039,0.48262086034535046,0.37777777777777777,0.13333333333333333,1116,41,SARSA,19
7110,90,0.1707714014181742,0.5242412471010932,0.37777777777777777,0.2,1116,41,SARSA,19
7200,90,0.008577852023865103,0.30677045249118107,0.2111111111111111,0.15555555555555556,1116,41,SARSA,19
7290,90,-0.05597784319848611,0.3134640193076061,0.2111111111111111,0.2111111111111111,1116,41,SARSA,19
7380,90,0.121202782028298,1.0547025467626168,0.4666666666666667,0.2,1116,41,SARSA,19
7470,90,0.039245593892509145,0.8029211126815571,0.4444444444444444,0.16666666666666666,1116,41,SARSA,19
7560,90,-0.010418718803874433,0.241244242757891,0.25555555555555554,0.1111111111111111,1116,41,SARSA,19
7650,90,-0.09013001140475073,0.29725492677287296,0.2111111111111111,0.14444444444444443,1116,41,SARSA,19
7740,90,-0.050720114785112395,0.4928791133899799,0.4666666666666667,0.13333333333333333,1116,41,SARSA,19
7830,90,0.07092599613690906,0.21674426693359117,0.18888888888888888,0.13333333333333333,1116,41,SARSA,19
7920,90,-0.04078771196996139,0.3159353189958209,0.2111111111111111,0.24444444444444444,1116,41,SARSA,19
8010,90,-0.059713737335377284,0.12266025099152936,0.1,0.15555555555555556,1116,41,SARSA,19
8100,90,-0.0434165334300777,0.546301582215514,0.4,0.26666666666666666,1116,41,SARSA,19
8190,90,0.006617243283418977,0.256747802373336,0.2111111111111111,0.2,1116,41,SARSA,19
8280,90,0.009113283159391639,0.3644601877677734,0.32222222222222224,0.37777777777777777,1116,41,SARSA,19
8370,90,-0.010003163162080182,0.2904307272569091,0.23333333333333334,0.3111111111111111,1116,41,SARSA,19
8460,90,0.016882711914646454,0.17105206371865145,0.17777777777777778,0.15555555555555556,1116,41,SARSA,19
8550,90,-0.03841223460248865,0.2504232379366028,0.15555555555555556,0.23333333333333334,1116,41,SARSA,19
8640,90,0.09260359343460692,0.4727158017302424,0.32222222222222224,0.24444444444444444,1116,41,SARSA,19
8730,90,0.034644018835197264,0.3769682448864249,0.3333333333333333,0.3333333333333333,1116,41,SARSA,19
8820,90,-0.047971456122025836,0.39337795542154624,0.2777777777777778,0.36666666666666664,1116,41,SARSA,19
8910,90,0.1248499702540678,0.3110384059785244,0.3333333333333333,0.18888888888888888,1116,41,SARSA,19
9000,90,-0.09710115707164664,0.6157893566314676,0.4444444444444444,0.23333333333333334,1116,41,SARSA,19
9090,90,-0.09705684848110023,0.3244178971218285,0.15555555555555556,0.2222222222222222,1116,41,SARSA,19
9180,90,0.13055240688862407,0.6549441312937232,0.3,0.13333333333333333,1116,41,SARSA,19
9270,90,-0.0016080616754520747,0.16137510638189329,0.12222222222222222,0.13333333333333333,1116,41,SARSA,19
9360,90,-0.021554714198455772,0.060590197306519496,0.06666666666666667,0.13333333333333333,1116,41,SARSA,19
9450,90,0.035958936241552726,0.34092155143571007,0.26666666666666666,0.16666666666666666,1116,41,SARSA,19
9540,90,-0.02585206108486934,0.24061036241768402,0.24444444444444444,0.37777777777777777,1116,41,SARSA,19
9630,90,0.04928942398215056,0.19130415206661727,0.15555555555555556,0.15555555555555556,1116,41,SARSA,19
9720,90,0.06040494382473315,0.43662752602484817,0.35555555555555557,0.23333333333333334,1116,41,SARSA,19
9810,90,0.017211836058132972,0.11213488355765008,0.1,0.2,1116,41,SARSA,19
9900,90,0.007786182617163152,0.10853657819063302,0.1,0.2,1116,41,SARSA,19
9990,90,-0.009635524862288055,0.39319810213613465,0.32222222222222224,0.36666666666666664,1116,41,SARSA,19
10080,90,0.11394905378656463,0.3266960601577287,0.3,0.17777777777777778,1116,41,SARSA,19
10170,90,0.12465696326741948,0.45564002755207206,0.2,0.2222222222222222,1116,41,SARSA,19
10260,90,0.03285748074870743,0.3012571166456164,0.36666666666666664,0.1111111111111111,1116,41,SARSA,19
10350,90,-0.007069081902268392,0.4120320051229409,0.2777777777777778,0.14444444444444443,1116,41,SARSA,19
10440,90,0.1372724032716915,0.7964735178809038,0.36666666666666664,0.13333333333333333,1116,41,SARSA,19
10530,90,-0.039542768305546296,0.6093126239816637,0.4,0.3111111111111111,1116,41,SARSA,19
10620,90,-0.0015685860346039797,0.37936800211296606,0.24444444444444444,0.2777777777777778,1116,41,SARSA,19
10710,90,-0.11031249202422304,0.5694922150128753,0.5555555555555556,0.23333333333333334,1116,41,SARSA,19
10800,90,0.017782695924441753,0.15959285871685455,0.16666666666666666,0.13333333333333333,1116,41,SARSA,19
10890,90,0.060775013251371156,0.6455420507693587,0.24444444444444444,0.28888888888888886,1116,41,SARSA,19
10980,90,0.20502274949976093,0.4620951940893607,0.4666666666666667,0.1111111111111111,1116,41,SARSA,19
11070,90,-0.16111767264101037,0.7491236247708954,0.6,0.34444444444444444,1116,41,SARSA,19
11160,90,-0.1178997977900205,0.2308963318239575,0.17777777777777778,0.3,1116,41,SARSA,19
11250,90,0.18888440518409663,0.2645919164629576,0.16666666666666666,0.15555555555555556,1116,41,SARSA,19
11340,90,0.05314718698702852,0.20866164257189623,0.24444444444444444,0.16666666666666666,1116,41,SARSA,19
11430,90,0.034883225579710506,0.3315164625164824,0.23333333333333334,0.26666666666666666,1116,41,SARSA,19
11520,90,-0.025169986401997416,0.28100828532320626,0.15555555555555556,0.15555555555555556,1116,41,SARSA,19
11610,90,-0.0960909263889027,0.5809823937320596,0.4111111111111111,0.35555555555555557,1116,41,SARSA,19
11700,90,-0.10272674140122227,0.5028001423242936,0.4444444444444444,0.36666666666666664,1116,41,SARSA,19
11790,90,-0.04663045092552849,0.30639530070175836,0.3,0.18888888888888888,1116,41,SARSA,19
11880,90,0.09963802489744228,0.682536525431052,0.6111111111111112,0.17777777777777778,1116,41,SARSA,19
11970,90,0.0071318896060891335,0.4847375814686208,0.34444444444444444,0.15555555555555556,1116,41,SARSA,19
12060,90,0.11908150706254032,0.29907552505038715,0.37777777777777777,0.16666666666666666,1116,41,SARSA,19
12150,90,0.18545412398685934,0.3572822873730154,0.36666666666666664,0.12222222222222222,1116,41,SARSA,19
12240,90,0.17115840407092786,0.48571430609824856,0.45555555555555555,0.14444444444444443,1116,41,SARSA,19
12330,90,0.07282703659243739,0.29304087538978074,0.32222222222222224,0.17777777777777778,1116,41,SARSA,19
12420,90,0.1616703858673936,0.6138825165663325,0.6,0.13333333333333333,1116,41,SARSA,19
12510,90,0.09324182773733922,0.37855715278869595,0.3111111111111111,0.18888888888888888,1116,41,SARSA,19
12600,90,0.1307308400926178,0.41113567525831113,0.3111111111111111,0.13333333333333333,1116,41,SARSA,19
12690,90,-0.006355598001823513,0.6996384335753415,0.5,0.35555555555555557,1116,41,SARSA,19
12780,90,-0.01984581749593122,1.028778734110727,0.5555555555555556,0.25555555555555554,1116,41,SARSA,19
12870,90,0.2335283844206412,0.5340063267807631,0.5222222222222223,0.07777777777777778,1116,41,SARSA,19
12960,90,-0.03978730881421282,0.6091047704810192,0.4,0.2,1116,41,SARSA,19
13050,90,-0.03516556051317386,0.37177471349969593,0.26666666666666666,0.2222222222222222,1116,41,SARSA,19
13140,90,-0.03778624474868092,0.25936218140909156,0.32222222222222224,0.16666666666666666,1116,41,SARSA,19
13230,90,0.01840713867811123,0.351355610344797,0.28888888888888886,0.13333333333333333,1116,41,SARSA,19
13320,90,-0.013272869907158825,0.24603551244903168,0.17777777777777778,0.15555555555555556,1116,41,SARSA,19
13410,90,0.03147321749483967,0.29981430098740885,0.2111111111111111,0.24444444444444444,1116,41,SARSA,19
13500,90,-0.13181319491398008,0.5801159423304706,0.4111111111111111,0.3111111111111111,1116,41,SARSA,19
13590,90,-0.0219271155345658,0.23438092087547693,0.2,0.14444444444444443,1116,41,SARSA,19
13680,90,0.028253502999768754,0.2349538661820369,0.23333333333333334,0.2,1116,41,SARSA,19
13770,90,-0.02984497254968624,0.3456238816847255,0.26666666666666666,0.18888888888888888,1116,41,SARSA,19
13860,90,0.009278501465370551,0.1697723721720929,0.16666666666666666,0.06666666666666667,1116,41,SARSA,19
13950,90,0.0314721890959335,0.24179385061787195,0.15555555555555556,0.15555555555555556,1116,41,SARSA,19
14040,90,0.004646928278293869,0.501522609477407,0.35555555555555557,0.4666666666666667,1116,41,SARSA,19
14130,90,0.0854271294585495,0.3165154735991845,0.35555555555555557,0.28888888888888886,1116,41,SARSA,19
14220,90,-0.06272371143464975,0.16618842163752953,0.1111111111111111,0.2,1116,41,SARSA,19
14310,90,-0.08632260439506918,0.6497783073470716,0.4,0.5111111111111111,1116,41,SARSA,19
14400,90,0.05862190963058605,0.8311412743112075,0.6222222222222222,0.16666666666666666,1116,41,SARSA,19
14490,90,0.11373594426198476,0.3579376698057894,0.4222222222222222,0.14444444444444443,1116,41,SARSA,19
14580,90,0.03354811311859336,0.2002289129943963,0.13333333333333333,0.1,1116,41,SARSA,19
14670,90,0.08593050078071758,0.38034170429711206,0.45555555555555555,0.24444444444444444,1116,41,SARSA,19
14760,90,0.06715623720211913,0.5262368138089878,0.4111111111111111,0.26666666666666666,1116,41,SARSA,19
14850,90,0.16769719829343227,0.4279088087723368,0.2777777777777778,0.23333333333333334,1116,41,SARSA,19
14940,90,0.07949680816579024,0.4581192752720472,0.36666666666666664,0.2111111111111111,1116,41,SARSA,19
15030,90,-0.011067521537811622,0.32019970980137674,0.37777777777777777,0.1,1116,41,SARSA,19
15120,90,-0.024871506947411415,0.2880200538729947,0.2222222222222222,0.26666666666666666,1116,41,SARSA,19
15210,90,0.051836412012268886,0.7654175938583693,0.5555555555555556,0.08888888888888889,1131,41,SARSA,19
15300,90,0.06748563969065766,0.7452945088203746,0.5777777777777777,0.17777777777777778,1134,41,SARSA,19
15390,90,-0.05053607223950597,0.5113740365200242,0.37777777777777777,0.28888888888888886,1134,41,SARSA,19
15480,90,0.07609629166761207,0.680803332913968,0.5222222222222223,0.14444444444444443,1134,41,SARSA,19
15570,90,0.1370188782987534,0.3774859346171319,0.34444444444444444,0.17777777777777778,1134,41,SARSA,19
15660,90,0.016142719130310457,0.9750275699252295,0.4888888888888889,0.24444444444444444,1134,41,SARSA,19
15750,90,0.013028600593564038,0.6518198736612196,0.5888888888888889,0.1111111111111111,1134,41,SARSA,19
15840,90,-0.027345594572511876,0.03892576315718677,0.022222222222222223,0.044444444444444446,1134,41,SARSA,19
15930,90,0.13556764857556822,0.34371996610124483,0.28888888888888886,0.1111111111111111,1134,41,SARSA,19
16020,90,0.037905839871219156,0.28225913916762535,0.35555555555555557,0.13333333333333333,1134,41,SARSA,19
16110,90,0.019967468579426734,0.19499887844904254,0.16666666666666666,0.13333333333333333,1134,41,SARSA,19
16200,90,0.0924296290320797,0.3019133687090647,0.24444444444444444,0.13333333333333333,1134,41,SARSA,19
16290,90,-0.0004138826023602703,0.33759436367891854,0.24444444444444444,0.13333333333333333,1134,41,SARSA,19
16380,90,0.1468066217172579,0.35664087148144685,0.26666666666666666,0.18888888888888888,1134,41,SARSA,19
16470,90,-0.006067381750827318,0.6296472633205512,0.5555555555555556,0.2777777777777778,1134,41,SARSA,19
16560,90,-0.021913675099616406,0.44534885399137997,0.4666666666666667,0.6555555555555556,1134,41,SARSA,19
16650,90,0.12913998065173035,0.5245979914331751,0.5,0.4777777777777778,1134,41,SARSA,19
16740,90,-0.09820587001661682,0.6516674034069881,0.6222222222222222,0.25555555555555554,1134,41,SARSA,19
16830,90,0.03935349805684373,0.6422614473215384,0.4222222222222222,0.26666666666666666,1134,41,SARSA,19
16920,90,0.026245725810227594,0.4278285917216978,0.4222222222222222,0.2111111111111111,1134,41,SARSA,19
17010,90,-0.07066300280215533,0.5323512352199062,0.4888888888888889,0.34444444444444444,1134,41,SARSA,19
17100,90,0.018131685196788407,0.366120272516801,0.37777777777777777,0.6,1134,41,SARSA,19
17190,90,-0.014907598220236136,0.4651778276489477,0.4222222222222222,0.4111111111111111,1134,41,SARSA,19
17280,90,-0.10696576467957779,0.6712923603150627,0.4777777777777778,0.2777777777777778,1134,41,SARSA,19
17370,90,0.04317782929635305,0.19998224669019532,0.2,0.08888888888888889,1134,41,SARSA,19
17460,90,-0.10542607536260083,0.3914451194681244,0.37777777777777777,0.4888888888888889,1134,41,SARSA,19
17550,90,-0.04268488023615039,0.3937905896413038,0.25555555555555554,0.08888888888888889,1134,41,SARSA,19
17640,90,0.025867547332219028,1.0490788447706174,0.6,0.23333333333333334,1134,41,SARSA,19
17730,90,-0.007439739483656302,0.28693257774440384,0.18888888888888888,0.2111111111111111,1134,41,SARSA,19
17820,90,-0.01907282515648122,0.11244769434483425,0.1,0.1111111111111111,1134,41,SARSA,19
17910,90,0.08386459902328801,0.8022795018589671,0.37777777777777777,0.15555555555555556,1134,41,SARSA,19
18000,90,-0.014354097346301763,0.24821185326869383,0.3,0.23333333333333334,1134,41,SARSA,19
18090,90,-0.04763932325892056,0.3050434484573005,0.32222222222222224,0.13333333333333333,1134,41,SARSA,19
18180,90,0.08821123334504581,0.23771683700908064,0.15555555555555556,0.08888888888888889,1134,41,SARSA,19
18270,90,0.2415118782782321,1.093659154464278,0.5111111111111111,0.2,1134,41,SARSA,19
18360,90,0.08138861078370481,0.9639890120015703,0.5555555555555556,0.16666666666666666,1134,41,SARSA,19
18450,90,0.14926587820877923,0.8569050319728653,0.5777777777777777,0.1111111111111111,1134,41,SARSA,19
18540,90,0.03842379181122463,0.7914488955951452,0.34444444444444444,0.15555555555555556,1134,41,SARSA,19
18630,90,-0.15658860036539698,0.5618175469940166,0.28888888888888886,0.14444444444444443,1134,42,SARSA,19
18720,90,0.005143883710898637,0.3030474811561552,0.25555555555555554,0.24444444444444444,1134,42,SARSA,19
18810,90,0.03773219759033302,0.2840785203362804,0.2222222222222222,0.14444444444444443,1134,42,SARSA,19
18900,90,-0.05537116232057183,0.6514720932760736,0.4888888888888889,0.32222222222222224,1134,42,SARSA,19
18990,90,0.018720458827215545,0.2105151726626471,0.13333333333333333,0.1,1134,42,SARSA,19
19080,90,0.10811583327179011,0.2707744207115527,0.23333333333333334,0.15555555555555556,1134,42,SARSA,19
19170,90,-0.06313827885681716,0.3421043567211503,0.17777777777777778,0.07777777777777778,1134,42,SARSA,19
19260,90,-0.005899209158091535,0.3342533978686524,0.35555555555555557,0.3,1134,42,SARSA,19
19350,90,0.13888869004223808,0.4568256096947897,0.3333333333333333,0.4222222222222222,1134,42,SARSA,19
19440,90,-0.20426896936543867,0.5580866933983603,0.4444444444444444,0.32222222222222224,1134,42,SARSA,19
19530,90,-0.05006878219155319,0.34539385877359763,0.4111111111111111,0.15555555555555556,1134,42,SARSA,19
19620,90,0.023139764616553166,0.2599172264466976,0.28888888888888886,0.06666666666666667,1134,42,SARSA,19
19710,90,0.051508637874419234,0.23266873816986508,0.3,0.08888888888888889,1134,42,SARSA,19
19800,90,0.168267284802902,1.1354265459372694,0.5666666666666667,0.2111111111111111,1134,42,SARSA,19
19890,90,0.14123819170572954,0.4420874562903793,0.43333333333333335,0.1,1134,42,SARSA,19
19980,90,0.06005326490889969,0.6347064029076306,0.5777777777777777,0.14444444444444443,1134,42,SARSA,19
20070,90,-0.08956837131485328,0.21719551066498322,0.12222222222222222,0.06666666666666667,1134,42,SARSA,19
20160,90,0.01783431451952055,0.18790177591482224,0.16666666666666666,0.2,1134,42,SARSA,19
20250,90,0.17018384546813742,0.5815570536708083,0.5888888888888889,0.1111111111111111,1134,42,SARSA,19
20340,90,0.029539146639744298,0.1796371914970062,0.16666666666666666,0.08888888888888889,1134,42,SARSA,19
20430,90,0.03451247521991348,0.625320798361259,0.6,0.12222222222222222,1134,42,SARSA,19
20520,90,0.0371140496363287,0.11908788750953272,0.08888888888888889,0.1111111111111111,1134,42,SARSA,19
20610,90,-0.0868028245233831,0.4473389094391524,0.4111111111111111,0.1,1134,42,SARSA,19
20700,90,-0.07858241189780614,0.5931898256201569,0.5444444444444444,0.07777777777777778,1134,42,SARSA,19
20790,90,0.06905505026936457,0.6329128682398132,0.5888888888888889,0.06666666666666667,1134,42,SARSA,19
20880,90,0.04268649270726978,0.21182279790921568,0.2777777777777778,0.05555555555555555,1134,42,SARSA,19
20970,90,0.1453496100913268,0.6288274832288232,0.23333333333333334,0.13333333333333333,1134,42,SARSA,19
21060,90,0.21195018952679012,0.46813477360517286,0.4444444444444444,0.1111111111111111,1134,42,SARSA,19
21150,90,-0.03872957603390998,0.25425246140010543,0.24444444444444444,0.13333333333333333,1134,42,SARSA,19
21240,90,-0.06510957487909542,0.3895650495833005,0.3333333333333333,0.12222222222222222,1134,42,SARSA,19
21330,90,-0.025200320673529373,0.2802161761884169,0.3,0.07777777777777778,1134,42,SARSA,19
21420,90,-0.03602203864402028,0.3199430679636928,0.3,0.18888888888888888,1134,42,SARSA,19
21510,90,0.06197089944185653,0.23952728784607835,0.17777777777777778,0.1,1134,42,SARSA,19
21600,90,0.2293361446406923,0.9533499261469703,0.3888888888888889,0.08888888888888889,1134,42,SARSA,19
21690,90,0.045539012444424494,0.6037162560730225,0.5333333333333333,0.1111111111111111,1134,42,SARSA,19
21780,90,-0.026116328885832787,0.49657217204295107,0.3333333333333333,0.044444444444444446,1134,42,SARSA,19
21870,90,0.023966895939124433,0.2703756557899317,0.14444444444444443,0.05555555555555555,1134,42,SARSA,19
21960,90,0.12544128818258074,0.7900842710032918,0.3333333333333333,0.1111111111111111,1134,42,SARSA,19
22050,90,0.044505931755095506,0.2291466248504456,0.2,0.1111111111111111,1134,42,SARSA,19
22140,90,0.12031718214950161,0.36021222385695606,0.32222222222222224,0.15555555555555556,1134,42,SARSA,19
22230,90,0.08389584471683267,0.2993453203415754,0.23333333333333334,0.1,1134,42,SARSA,19
22320,90,0.23652424467358013,1.0631667393454864,0.4666666666666667,0.1111111111111111,1134,42,SARSA,19
22410,90,0.17390894466892518,1.1133395699304425,0.5,0.17777777777777778,1134,42,SARSA,19
22500,90,0.07095637445691458,0.7508889679732259,0.5222222222222223,0.08888888888888889,1134,42,SARSA,19
22590,90,0.00360341553273896,0.26429035963439684,0.3333333333333333,0.05555555555555555,1134,42,SARSA,19
22680,90,0.09185448924283518,0.24919454879857533,0.25555555555555554,0.1,1134,42,SARSA,19
22770,90,-0.02423164583463091,0.05605512990250047,0.06666666666666667,0.022222222222222223,1134,42,SARSA,19
22860,90,0.09066907386671705,0.8372145323532708,0.35555555555555557,0.08888888888888889,1134,42,SARSA,19
22950,90,-0.021659577056179248,0.3079374864125404,0.3,0.1,1134,42,SARSA,19
23040,90,-0.022214711135396872,0.8063224818848115,0.5444444444444444,0.18888888888888888,1134,42,SARSA,19
23130,90,-0.01036341027972291,0.19657535451221958,0.16666666666666666,0.08888888888888889,1134,42,SARSA,19
23220,90,0.071666892262874,0.2517132942697788,0.2111111111111111,0.06666666666666667,1134,42,SARSA,19
23310,90,0.0678211127230036,0.6639546231775371,0.5777777777777777,0.08888888888888889,1134,42,SARSA,19
23400,90,0.1245343017155935,0.5636294028940994,0.5,0.16666666666666666,1134,42,SARSA,19
23490,90,-0.029397791427529848,0.4910580479603548,0.4111111111111111,0.08888888888888889,1134,42,SARSA,19
23580,90,0.06400575803261523,0.2819293604119678,0.2222222222222222,0.06666666666666667,1134,42,SARSA,19
23670,90,0.047201639761830935,0.6583889601110756,0.6,0.14444444444444443,1134,42,SARSA,19
23760,90,0.08208920810581348,0.28055466630888237,0.2222222222222222,0.06666666666666667,1134,42,SARSA,19
23850,90,-0.04854844343301024,0.26554740246308794,0.24444444444444444,0.1,1134,42,SARSA,19
23940,90,-0.014394516517339667,0.7146671860712789,0.5555555555555556,0.07777777777777778,1134,42,SARSA,19
24000,60,0.04563443736818497,0.3001488151619919,0.25,0.11666666666666667,1134,42,SARSA,19
90,90,-0.12332490865582463,0.5875870448653049,0.35555555555555557,0.3888888888888889,90,18,SARSA,43
180,90,-0.0024818718359738367,0.3714778257924738,0.4111111111111111,0.35555555555555557,180,24,SARSA,43
270,90,-0.011760083120856933,0.3916473822264321,0.4111111111111111,0.5,270,26,SARSA,43
360,90,-0.07554465656883155,0.4532751519526694,0.3,0.5222222222222223,360,26,SARSA,43
450,90,0.07882392832013906,0.5082815060099829,0.32222222222222224,0.5555555555555556,361,27,SARSA,43
540,90,-0.0564285644382175,0.24760252053445847,0.17777777777777778,0.3333333333333333,412,28,SARSA,43
630,90,0.09897256561700744,0.5266033337498149,0.4444444444444444,0.43333333333333335,502,32,SARSA,43
720,90,-0.04880231068117708,0.41720260279213517,0.3,0.3333333333333333,517,33,SARSA,43
810,90,0.06602277216947608,0.3423854627902469,0.23333333333333334,0.35555555555555557,550,34,SARSA,43
900,90,0.09194020416861484,0.25983208605944264,0.24444444444444444,0.28888888888888886,640,34,SARSA,43
990,90,0.11241365026841946,0.35299238378656905,0.2777777777777778,0.3888888888888889,669,34,SARSA,43
1080,90,-0.009318519033979915,0.5101723320529723,0.45555555555555555,0.4444444444444444,680,34,SARSA,43
1170,90,0.046154700145069436,0.3385085087893821,0.28888888888888886,0.4111111111111111,684,34,SARSA,43
1260,90,0.021197027013615158,0.48762425586507685,0.32222222222222224,0.4,774,35,SARSA,43
1350,90,-0.13371624110279362,0.36540408756242876,0.3111111111111111,0.5111111111111111,774,35,SARSA,43
1440,90,-0.0167771840006744,0.26314297927147573,0.3,0.4222222222222222,774,35,SARSA,43
1530,90,0.0073300533838407305,0.21927161281197144,0.13333333333333333,0.25555555555555554,774,35,SARSA,43
1620,90,0.01058115280569722,0.34971799038956347,0.28888888888888886,0.35555555555555557,774,36,SARSA,43
1710,90,-0.033140537109836,0.44404203425119165,0.28888888888888886,0.4444444444444444,779,37,SARSA,43
1800,90,-0.009869330225855675,0.22135738581324962,0.17777777777777778,0.2,803,37,SARSA,43
1890,90,-0.14134781642922714,0.44098321492229486,0.3111111111111111,0.28888888888888886,804,37,SARSA,43
1980,90,-0.03927459174008455,0.24208948264252067,0.18888888888888888,0.2222222222222222,804,37,SARSA,43
2070,90,-0.010877582675618494,0.23252147791833527,0.08888888888888889,0.13333333333333333,804,38,SARSA,43
2160,90,-0.023906778512167985,0.2645948217761891,0.18888888888888888,0.2222222222222222,894,40,SARSA,43
2250,90,0.10342724533076968,0.4670008911172254,0.37777777777777777,0.2222222222222222,904,40,SARSA,43
2340,90,-0.0138683486700048,0.33142786876126945,0.23333333333333334,0.3111111111111111,965,41,SARSA,43
2430,90,-0.05073198173552298,0.20362473453094745,0.18888888888888888,0.28888888888888886,965,41,SARSA,43
2520,90,0.02729011563854925,0.2798906289237678,0.26666666666666666,0.17777777777777778,972,41,SARSA,43
2610,90,-0.05466305023564089,0.2969848745030797,0.2,0.24444444444444444,972,41,SARSA,43
2700,90,-0.06541400385293869,0.5035010214234972,0.4111111111111111,0.4444444444444444,984,42,SARSA,43
2790,90,0.07365854490508172,0.3158765544103647,0.3,0.34444444444444444,985,42,SARSA,43
2880,90,0.216841247504078,0.8149324193554053,0.3333333333333333,0.17777777777777778,989,42,SARSA,43
2970,90,-0.05978533713154068,0.6452904722519782,0.5222222222222223,0.24444444444444444,989,42,SARSA,43
3060,90,-0.170054529203411,0.8467175854728329,0.4666666666666667,0.4111111111111111,989,42,SARSA,43
3150,90,0.06428287726152977,0.2644624980027887,0.26666666666666666,0.24444444444444444,989,42,SARSA,43
3240,90,-0.07480832842070072,0.37000536556144137,0.3,0.26666666666666666,989,42,SARSA,43
3330,90,0.06190166462687718,0.4220813304442858,0.32222222222222224,0.35555555555555557,989,42,SARSA,43
3420,90,0.029303411023953993,0.30021666391066076,0.3333333333333333,0.23333333333333334,989,42,SARSA,43
3510,90,0.0006921330860422989,0.6702140181459474,0.5666666666666667,0.3,989,42,SARSA,43
3600,90,0.0016674151917744431,0.32417202128965167,0.23333333333333334,0.25555555555555554,989,42,SARSA,43
3690,90,-0.0986502895353325,0.4022421566996591,0.2222222222222222,0.3,1010,42,SARSA,43
3780,90,0.1489953465566744,0.34875874937886575,0.24444444444444444,0.35555555555555557,1010,42,SARSA,43
3870,90,-0.02093434425071581,0.1932369125766228,0.2,0.28888888888888886,1010,42,SARSA,43
3960,90,0.04237631309454735,0.41623976357848547,0.25555555555555554,0.4,1010,42,SARSA,43
4050,90,-0.020631770632617712,0.3287131648369174,0.2222222222222222,0.37777777777777777,1010,42,SARSA,43
4140,90,0.14210881639146222,0.6137486737394658,0.4111111111111111,0.2777777777777778,1010,42,SARSA,43
4230,90,0.08397215232343339,0.38865819024409526,0.4,0.26666666666666666,1010,42,SARSA,43
4320,90,-0.02536797887183312,0.23181692351464803,0.16666666666666666,0.26666666666666666,1010,42,SARSA,43
4410,90,0.10405872179300163,0.4239391001695503,0.3333333333333333,0.2,1042,42,SARSA,43
4500,90,-0.04069540823896222,0.229942617802037,0.12222222222222222,0.2222222222222222,1042,42,SARSA,43
4590,90,-0.033804858547596066,0.2652652167961818,0.24444444444444444,0.2222222222222222,1042,42,SARSA,43
4680,90,-0.03497483855467471,0.28167487024153925,0.2777777777777778,0.4666666666666667,1042,42,SARSA,43
4770,90,-0.01564536373543224,0.4590350415406066,0.4222222222222222,0.1,1042,42,SARSA,43
4860,90,0.014107440103821934,0.2180906248415664,0.15555555555555556,0.17777777777777778,1042,42,SARSA,43
4950,90,0.0002262497424681974,0.20577429692905208,0.13333333333333333,0.17777777777777778,1042,42,SARSA,43
5040,90,0.036888867184586026,0.24378586048898596,0.28888888888888886,0.2111111111111111,1050,42,SARSA,43
5130,90,0.08087671463715342,0.519775006179398,0.3,0.28888888888888886,1050,42,SARSA,43
5220,90,-0.005079290554227173,0.26165525581107973,0.17777777777777778,0.24444444444444444,1061,42,SARSA,43
5310,90,0.04470822696664965,0.2814759071386783,0.2,0.3111111111111111,1061,42,SARSA,43
5400,90,0.03719010868750237,0.31299215343770925,0.28888888888888886,0.28888888888888886,1061,42,SARSA,43
5490,90,0.0480772720628413,0.3861023056489573,0.3,0.24444444444444444,1061,42,SARSA,43
5580,90,0.015551605966280574,0.19791819446609485,0.12222222222222222,0.2,1061,42,SARSA,43
5670,90,-0.05160095316683302,0.12502080622505285,0.05555555555555555,0.1111111111111111,1061,42,SARSA,43
5760,90,0.05182829163004309,0.227143477902472,0.16666666666666666,0.2,1061,42,SARSA,43
5850,90,0.0937486207675756,0.28441365770724897,0.23333333333333334,0.3111111111111111,1075,42,SARSA,43
5940,90,-0.09033980973045473,0.26168128415703207,0.2,0.17777777777777778,1075,42,SARSA,43
6030,90,0.15435761189021793,0.30528209807590484,0.2111111111111111,0.23333333333333334,1075,42,SARSA,43
6120,90,-0.04710098377975564,0.3356708274263121,0.24444444444444444,0.24444444444444444,1075,42,SARSA,43
6210,90,0.02030122747010359,0.19853185683374822,0.17777777777777778,0.24444444444444444,1075,42,SARSA,43
6300,90,0.11160214900628683,0.4502631838516799,0.3333333333333333,0.5333333333333333,1075,42,SARSA,43
6390,90,-0.0063644547191084155,0.4675615691785359,0.4222222222222222,0.3333333333333333,1075,42,SARSA,43
6480,90,-0.06451670411807507,0.4194975673488689,0.3111111111111111,0.28888888888888886,1075,42,SARSA,43
6570,90,-0.10262893684791123,0.5891846057031757,0.4,0.5666666666666667,1075,42,SARSA,43
6660,90,0.007680720981405978,0.1827876054499573,0.13333333333333333,0.2111111111111111,1075,42,SARSA,43
6750,90,0.0039738574141572214,0.14483971591836037,0.2,0.35555555555555557,1075,42,SARSA,43
6840,90,-0.0795125666874249,0.3756738514119496,0.2777777777777778,0.3888888888888889,1075,42,SARSA,43
6930,90,-0.03837662676378566,0.3720552827048652,0.23333333333333334,0.2,1075,42,SARSA,43
7020,90,0.12241848822577565,0.23029986130937272,0.15555555555555556,0.15555555555555556,1099,42,SARSA,43
7110,90,0.06324840974203347,0.20252407732055644,0.12222222222222222,0.2,1099,42,SARSA,43
7200,90,0.005569575856632417,0.30479861360897675,0.16666666666666666,0.2,1136,42,SARSA,43
7290,90,-0.030130440062996068,0.2148867234540003,0.13333333333333333,0.17777777777777778,1136,42,SARSA,43
7380,90,-0.03589584485086076,0.16385549559351814,0.1,0.1111111111111111,1136,42,SARSA,43
7470,90,-0.08786592605321328,0.366464246320908,0.2111111111111111,0.17777777777777778,1136,42,SARSA,43
7560,90,0.018977038435381868,0.2093218355640495,0.16666666666666666,0.07777777777777778,1136,42,SARSA,43
7650,90,0.0014619933868941116,0.294713036055373,0.37777777777777777,0.23333333333333334,1136,42,SARSA,43
7740,90,-0.012100685294783803,0.32997342482628395,0.34444444444444444,0.37777777777777777,1136,42,SARSA,43
7830,90,-0.00024001689164909745,0.30462739707085607,0.15555555555555556,0.28888888888888886,1136,42,SARSA,43
7920,90,0.007314699718271658,0.17888719995688282,0.2111111111111111,0.12222222222222222,1136,42,SARSA,43
8010,90,-0.02176738726363349,0.23625684456697812,0.13333333333333333,0.2222222222222222,1136,42,SARSA,43
8100,90,0.09060742519398678,0.2614067872700856,0.2222222222222222,0.26666666666666666,1136,42,SARSA,43
8190,90,0.1677246749513265,0.4058149427753625,0.32222222222222224,0.13333333333333333,1136,42,SARSA,43
8280,90,0.0845827102015497,0.266503620076267,0.3111111111111111,0.14444444444444443,1136,42,SARSA,43
8370,90,0.1443780118798347,0.5056272491146175,0.4111111111111111,0.3111111111111111,1136,42,SARSA,43
8460,90,0.014143087369253312,0.10522053736634537,0.06666666666666667,0.13333333333333333,1136,42,SARSA,43
8550,90,0.05530585686296414,0.19087575669515747,0.12222222222222222,0.13333333333333333,1136,42,SARSA,43
8640,90,0.07708324066020732,0.12591191399568422,0.1,0.2,1136,42,SARSA,43
8730,90,-0.09264568759572281,0.22034445497268132,0.18888888888888888,0.14444444444444443,1136,42,SARSA,43
8820,90,-0.04380728197922377,0.29472697087401567,0.24444444444444444,0.3,1136,42,SARSA,43
8910,90,0.15913874426311828,0.39399145046263584,0.3,0.35555555555555557,1136,42,SARSA,43
9000,90,-0.030075426925506514,0.3664006359377885,0.4,0.4111111111111111,1136,42,SARSA,43
9090,90,0.18192621317411056,0.39854302471657954,0.25555555555555554,0.3,1136,42,SARSA,43
9180,90,0.0151905822191105,0.42682740755383736,0.4222222222222222,0.28888888888888886,1136,42,SARSA,43
9270,90,-0.052542321888573065,0.22741980781971224,0.14444444444444443,0.2,1136,42,SARSA,43
9360,90,0.007221258163620603,0.41219090784453816,0.3333333333333333,0.17777777777777778,1136,42,SARSA,43
9450,90,-0.03223374334885142,0.17455905919915843,0.12222222222222222,0.15555555555555556,1136,42,SARSA,43
9540,90,-0.0020548496389734107,0.14104807287449392,0.07777777777777778,0.1111111111111111,1136,42,SARSA,43
9630,90,0.018971701605139932,0.17854217110574125,0.18888888888888888,0.08888888888888889,1136,42,SARSA,43
9720,90,0.16371030029777284,0.2780258455124942,0.17777777777777778,0.13333333333333333,1136,42,SARSA,43
9810,90,-0.1180377576274799,0.31926550002661863,0.23333333333333334,0.2,1136,42,SARSA,43
9900,90,-0.0028610998927657925,0.2346134838252663,0.2,0.17777777777777778,1136,42,SARSA,43
9990,90,-0.07240599408114551,0.43333730280060295,0.37777777777777777,0.4111111111111111,1136,42,SARSA,43
10080,90,-0.016699600783466512,0.1113022929189636,0.05555555555555555,0.1111111111111111,1136,42,SARSA,43
10170,90,0.002768096234573515,0.09355477715389769,0.1,0.13333333333333333,1136,42,SARSA,43
10260,90,0.05709671138315267,0.2908739740550764,0.28888888888888886,0.14444444444444443,1136,42,SARSA,43
10350,90,-0.029186947168051994,0.16716848470635912,0.08888888888888889,0.15555555555555556,1136,42,SARSA,43
10440,90,0.06126771400620464,0.27930462278453444,0.18888888888888888,0.28888888888888886,1136,42,SARSA,43
10530,90,0.05697714427232587,0.18825256823433661,0.08888888888888889,0.17777777777777778,1136,42,SARSA,43
10620,90,0.041791609445087155,0.18503679987048105,0.14444444444444443,0.17777777777777778,1136,42,SARSA,43
10710,90,0.054035942092022775,0.289181443434341,0.3333333333333333,0.24444444444444444,1136,42,SARSA,43
10800,90,0.06521456980283483,0.29857253451260496,0.25555555555555554,0.4888888888888889,1136,42,SARSA,43
10890,90,-0.05640466991826362,0.2912944298691856,0.3111111111111111,0.2777777777777778,1136,42,SARSA,43
10980,90,0.077297198023833,0.15636629250249165,0.1111111111111111,0.13333333333333333,1136,42,SARSA,43
11070,90,0.10148979296117788,0.2917507859848002,0.2222222222222222,0.24444444444444444,1136,42,SARSA,43
11160,90,0.08918576231968317,0.28417316733153514,0.2,0.28888888888888886,1136,42,SARSA,43
11250,90,-0.03990389110969389,0.376693198858968,0.4,0.34444444444444444,1136,42,SARSA,43
11340,90,-0.014129385228626754,0.1453431463662503,0.08888888888888889,0.15555555555555556,1136,42,SARSA,43
11430,90,0.0953884548784855,0.17678646388839253,0.12222222222222222,0.13333333333333333,1136,42,SARSA,43
11520,90,-0.0017182888118264968,0.4505941738574525,0.4111111111111111,0.2222222222222222,1136,42,SARSA,43
11610,90,-0.07385683541843663,0.17260869916196916,0.13333333333333333,0.26666666666666666,1136,42,SARSA,43
11700,90,-0.006331717527628173,0.19865598571873086,0.1111111111111111,0.2,1136,42,SARSA,43
11790,90,-0.12532282954763993,0.21168096434900532,0.08888888888888889,0.17777777777777778,1136,42,SARSA,43
11880,90,0.06378739708257679,0.226906608643868,0.16666666666666666,0.3111111111111111,1136,42,SARSA,43
11970,90,0.016874252315687226,0.13166980049139151,0.07777777777777778,0.13333333333333333,1136,42,SARSA,43
12060,90,0.05940570593058573,0.3773877588383773,0.3888888888888889,0.23333333333333334,1136,42,SARSA,43
12150,90,0.1755416015830133,0.45329144702141305,0.37777777777777777,0.15555555555555556,1136,42,SARSA,43
12240,90,0.042399591853066486,0.24809935876813405,0.2222222222222222,0.28888888888888886,1136,42,SARSA,43
12330,90,0.08599274114510888,0.2757975349245264,0.2111111111111111,0.23333333333333334,1136,42,SARSA,43
12420,90,0.16084332002658064,0.49700494096676473,0.4444444444444444,0.35555555555555557,1136,42,SARSA,43
12510,90,0.03202108933911155,0.19475857096741672,0.1111111111111111,0.15555555555555556,1136,42,SARSA,43
12600,90,0.09310376552087117,0.531622493016079,0.2222222222222222,0.3111111111111111,1136,42,SARSA,43
12690,90,-0.006837071781824069,0.32094848508234786,0.2,0.12222222222222222,1136,42,SARSA,43
12780,90,0.010474777244131676,0.16165457791627427,0.1,0.1111111111111111,1136,42,SARSA,43
12870,90,0.11191946046495214,0.3504714336710951,0.24444444444444444,0.2,1136,42,SARSA,43
12960,90,0.03963141060475023,0.1773498579760743,0.1,0.2,1136,42,SARSA,43
13050,90,-0.154305068181139,0.4807328596510998,0.3333333333333333,0.2222222222222222,1136,42,SARSA,43
13140,90,0.021251444330425542,0.08500337118850178,0.07777777777777778,0.1111111111111111,1136,42,SARSA,43
13230,90,0.030875208212420773,0.15717611858793254,0.08888888888888889,0.14444444444444443,1136,42,SARSA,43
13320,90,-0.08475901953035526,0.1627618514446995,0.1,0.15555555555555556,1136,42,SARSA,43
13410,90,-0.1008926223345841,0.21985532996396018,0.12222222222222222,0.2111111111111111,1136,42,SARSA,43
13500,90,0.09921002220361412,0.18503076609074284,0.12222222222222222,0.16666666666666666,1136,42,SARSA,43
13590,90,0.16589958992965745,0.3366105705498013,0.25555555555555554,0.06666666666666667,1136,42,SARSA,43
13680,90,-0.004652006282726439,0.21859491989230434,0.2,0.13333333333333333,1136,42,SARSA,43
13770,90,-0.006463597171989667,0.26587173940887043,0.15555555555555556,0.2,1136,42,SARSA,43
13860,90,0.019552472682861786,0.15578504939207552,0.1,0.15555555555555556,1136,42,SARSA,43
13950,90,-0.1136620897655128,0.20241156641759328,0.12222222222222222,0.2,1136,42,SARSA,43
14040,90,-0.015854169188434398,0.07728582665578458,0.044444444444444446,0.08888888888888889,1136,42,SARSA,43
14130,90,0.18227651174365794,0.34072176194622406,0.18888888888888888,0.17777777777777778,1136,42,SARSA,43
14220,90,0.0452203682114253,0.169964499435554,0.12222222222222222,0.13333333333333333,1136,42,SARSA,43
14310,90,-0.057614170036888304,0.4462287815483103,0.36666666666666664,0.15555555555555556,1136,42,SARSA,43
14400,90,-0.036695902128014664,0.3775549331825871,0.2222222222222222,0.17777777777777778,1136,42,SARSA,43
14490,90,0.0017732369446099275,0.35448330340758194,0.2222222222222222,0.1,1136,42,SARSA,43
14580,90,-0.015789550706846685,0.4174699820586527,0.32222222222222224,0.1,1136,42,SARSA,43
14670,90,0.06929530342727046,0.20589944352481018,0.14444444444444443,0.08888888888888889,1136,42,SARSA,43
14760,90,0.022635325723633713,0.2782291433245355,0.1,0.13333333333333333,1136,42,SARSA,43
14850,90,-0.09104255147556709,0.3427416367584814,0.36666666666666664,0.14444444444444443,1136,42,SARSA,43
14940,90,-0.04875868267442611,0.1782816479019564,0.15555555555555556,0.1111111111111111,1136,42,SARSA,43
15030,90,0.18876560862323508,0.30181034655938377,0.14444444444444443,0.15555555555555556,1136,42,SARSA,43
15120,90,-0.03990454776065221,0.172354351998574,0.1,0.17777777777777778,1136,42,SARSA,43
15210,90,0.05318910223601018,0.1531012324694877,0.07777777777777778,0.15555555555555556,1136,42,SARSA,43
15300,90,-0.022181790545729815,0.11953796422414355,0.07777777777777778,0.15555555555555556,1136,42,SARSA,43
15390,90,0.0008380566605543477,0.2732469593886266,0.16666666666666666,0.14444444444444443,1136,42,SARSA,43
15480,90,0.034813949985528,0.22519941729042559,0.13333333333333333,0.1111111111111111,1139,42,SARSA,43
15570,90,0.017456054737475975,0.0683703185567008,0.03333333333333333,0.06666666666666667,1139,42,SARSA,43
15660,90,-0.0672037862182886,0.11144963466244291,0.06666666666666667,0.1111111111111111,1139,42,SARSA,43
15750,90,0.022441008498491507,0.29717933169167865,0.28888888888888886,0.2777777777777778,1139,42,SARSA,43
15840,90,0.08657321580242033,0.14578946123220124,0.08888888888888889,0.15555555555555556,1139,42,SARSA,43
15930,90,-0.08491435428264081,0.3581068334819973,0.3333333333333333,0.17777777777777778,1139,42,SARSA,43
16020,90,-0.12393148194073783,0.3188769919537275,0.2111111111111111,0.2,1139,42,SARSA,43
16110,90,-0.03989038719507875,0.25754474024429835,0.2222222222222222,0.35555555555555557,1139,42,SARSA,43
16200,90,0.020444985689563606,0.15574726702953315,0.15555555555555556,0.15555555555555556,1139,42,SARSA,43
16290,90,-0.03112624295556591,0.06560263230770193,0.03333333333333333,0.06666666666666667,1139,42,SARSA,43
16380,90,0.1395005046854334,0.2693716790385765,0.08888888888888889,0.12222222222222222,1139,42,SARSA,43
16470,90,0.20140791858551094,0.23053651715595846,0.1,0.06666666666666667,1139,42,SARSA,43
16560,90,-0.04460365594915541,0.14587219354779116,0.03333333333333333,0.06666666666666667,1139,42,SARSA,43
16650,90,0.006575249189353006,0.25125447686776714,0.07777777777777778,0.15555555555555556,1139,42,SARSA,43
16740,90,0.056881783299361464,0.3541548864500403,0.2111111111111111,0.4,1139,42,SARSA,43
16830,90,0.0010360729155384884,0.16863369758314226,0.16666666666666666,0.17777777777777778,1139,42,SARSA,43
16920,90,0.01237648566076787,0.08773557935391965,0.1,0.12222222222222222,1139,42,SARSA,43
17010,90,-0.03316822569430484,0.16313270544406627,0.1,0.2,1139,42,SARSA,43
17100,90,0.18331681291676918,0.2254254683825423,0.12222222222222222,0.08888888888888889,1139,42,SARSA,43
17190,90,0.04180817122692866,0.1549897191017848,0.13333333333333333,0.1111111111111111,1139,42,SARSA,43
17280,90,-0.013002022789253248,0.31012329823680207,0.2777777777777778,0.25555555555555554,1139,42,SARSA,43
17370,90,-0.019536772817979484,0.2881271856559964,0.24444444444444444,0.25555555555555554,1139,42,SARSA,43
17460,90,-0.021138908607315668,0.22940050967536224,0.15555555555555556,0.15555555555555556,1139,42,SARSA,43
17550,90,-0.020700469704429812,0.14543188555814698,0.1111111111111111,0.16666666666666666,1139,42,SARSA,43
17640,90,0.0202915796144717,0.06643870895299757,0.044444444444444446,0.06666666666666667,1139,42,SARSA,43
17730,90,0.0038426736392515384,0.1541292161109818,0.13333333333333333,0.1111111111111111,1139,42,SARSA,43
17820,90,0.040706010907217365,0.2354418129187852,0.15555555555555556,0.2,1139,42,SARSA,43
17910,90,-0.036807530515861386,0.31239481282619097,0.28888888888888886,0.08888888888888889,1139,42,SARSA,43
18000,90,0.059583015733924896,0.1614494322746149,0.07777777777777778,0.1111111111111111,1139,42,SARSA,43
18090,90,0.023452424545922834,0.14302568826365197,0.12222222222222222,0.17777777777777778,1139,42,SARSA,43
18180,90,0.09360804123772933,0.25216712139837916,0.14444444444444443,0.2222222222222222,1139,42,SARSA,43
18270,90,0.03324332392836604,0.18134058720889665,0.2,0.35555555555555557,1139,42,SARSA,43
18360,90,0.011439552577594225,0.2130530026360445,0.14444444444444443,0.17777777777777778,1139,42,SARSA,43
18450,90,0.019564990605477974,0.16227433748692208,0.1111111111111111,0.17777777777777778,1139,42,SARSA,43
18540,90,-0.013801453496229393,0.24751330655320755,0.2222222222222222,0.4,1139,42,SARSA,43
18630,90,0.0743958396408656,0.2324465481897879,0.15555555555555556,0.24444444444444444,1139,42,SARSA,43
18720,90,0.026544442180171844,0.08141882086608111,0.05555555555555555,0.08888888888888889,1139,42,SARSA,43
18810,90,-0.02875419564736256,0.11340305300787432,0.12222222222222222,0.12222222222222222,1139,42,SARSA,43
18900,90,0.03189000324041469,0.0859102073961919,0.03333333333333333,0.022222222222222223,1139,42,SARSA,43
18990,90,-0.06465437519255474,0.14474884599572718,0.13333333333333333,0.26666666666666666,1139,42,SARSA,43
19080,90,0.016589597155757863,0.09489294823617406,0.05555555555555555,0.08888888888888889,1139,42,SARSA,43
19170,90,0.10870930977837373,0.3952577865978926,0.2777777777777778,0.4666666666666667,1139,42,SARSA,43
19260,90,0.008344124987961617,0.19551255234926804,0.1111111111111111,0.2222222222222222,1139,42,SARSA,43
19350,90,0.026525958171314097,0.09726323462004925,0.044444444444444446,0.08888888888888889,1139,42,SARSA,43
19440,90,0.03233253498184085,0.15754259992615507,0.1111111111111111,0.1111111111111111,1139,42,SARSA,43
19530,90,0.029109824936193737,0.2099616832527102,0.16666666666666666,0.1111111111111111,1139,42,SARSA,43
19620,90,0.001325145685073497,0.285568118272483,0.2777777777777778,0.06666666666666667,1139,42,SARSA,43
19710,90,0.17232361605310623,0.25752427741308015,0.16666666666666666,0.08888888888888889,1139,42,SARSA,43
19800,90,-0.032849640241534445,0.34204162874235033,0.28888888888888886,0.13333333333333333,1139,42,SARSA,43
19890,90,-0.05999363278544826,0.10283261896322379,0.03333333333333333,0.06666666666666667,1139,42,SARSA,43
19980,90,0.18216537182355258,0.242339852252965,0.16666666666666666,0.06666666666666667,1139,42,SARSA,43
20070,90,0.00019678757952936227,0.15433283662493602,0.06666666666666667,0.13333333333333333,1139,42,SARSA,43
20160,90,-0.018248621876748836,0.29187495966611576,0.16666666666666666,0.12222222222222222,1139,42,SARSA,43
20250,90,0.017625520963801808,0.1139526142552395,0.06666666666666667,0.13333333333333333,1139,42,SARSA,43
20340,90,0.023800831285657884,0.12104949333822038,0.07777777777777778,0.1111111111111111,1139,42,SARSA,43
20430,90,-0.0628907239855314,0.1897894182123586,0.15555555555555556,0.23333333333333334,1139,42,SARSA,43
20520,90,0.03724839449384556,0.10692159208007926,0.05555555555555555,0.1111111111111111,1139,42,SARSA,43
20610,90,0.020535927235891406,0.06035835596532337,0.011111111111111112,0.022222222222222223,1139,42,SARSA,43
20700,90,0.006535002841812908,0.1378720038277057,0.1111111111111111,0.13333333333333333,1139,42,SARSA,43
20790,90,0.033974947772514426,0.13483491427111366,0.12222222222222222,0.08888888888888889,1139,42,SARSA,43
20880,90,-0.05176847463334482,0.36041254430469344,0.3111111111111111,0.08888888888888889,1139,42,SARSA,43
20970,90,-0.029014099962414115,0.07393250575057571,0.03333333333333333,0.011111111111111112,1139,42,SARSA,43
21060,90,-0.0745195982451815,0.37247991192109087,0.32222222222222224,0.1111111111111111,1139,42,SARSA,43
21150,90,0.06651878757477046,0.11680223899324618,0.07777777777777778,0.08888888888888889,1139,42,SARSA,43
21240,90,0.011687388825793841,0.12427765792871301,0.08888888888888889,0.08888888888888889,1139,42,SARSA,43
21330,90,-0.005065723335452343,0.11663536614170879,0.07777777777777778,0.044444444444444446,1139,42,SARSA,43
21420,90,-0.02272021026902348,0.14816720564998637,0.1111111111111111,0.13333333333333333,1139,42,SARSA,43
21510,90,-0.056843348105049665,0.30227500888150693,0.28888888888888886,0.1111111111111111,1139,42,SARSA,43
21600,90,-0.09342040564136252,0.2437532479770364,0.23333333333333334,0.26666666666666666,1139,42,SARSA,43
21690,90,-0.04547025976340381,0.11301009053474906,0.07777777777777778,0.15555555555555556,1139,42,SARSA,43
21780,90,0.03646312945051529,0.13980126684606578,0.06666666666666667,0.1,1139,42,SARSA,43
21870,90,0.04840886592710363,0.0649195926222274,0.022222222222222223,0.044444444444444446,1139,42,SARSA,43
21960,90,0.17386990213010783,0.2932730338971608,0.2111111111111111,0.2222222222222222,1139,42,SARSA,43
22050,90,0.004045065981546419,0.12917690620086753,0.06666666666666667,0.08888888888888889,1139,42,SARSA,43
22140,90,0.020936867805064638,0.10472949287813055,0.07777777777777778,0.06666666666666667,1139,42,SARSA,43
22230,90,0.04214206271737707,0.08455107343078615,0.03333333333333333,0.06666666666666667,1139,42,SARSA,43
22320,90,-0.03823211366191577,0.1893680922290424,0.07777777777777778,0.15555555555555556,1139,42,SARSA,43
22410,90,-0.03648522783512894,0.09456324415682861,0.022222222222222223,0.044444444444444446,1139,42,SARSA,43
22500,90,0.005426149998067115,0.08377996055488332,0.03333333333333333,0.06666666666666667,1139,42,SARSA,43
22590,90,-0.032800418069342877,0.08991924990474101,0.07777777777777778,0.08888888888888889,1139,42,SARSA,43
22680,90,0.0,0.0310075893864677,0.0,0.0,1139,42,SARSA,43
22770,90,0.01912280370671675,0.12092906044257365,0.07777777777777778,0.06666666666666667,1139,42,SARSA,43
22860,90,-0.01389225652869321,0.1659052273429854,0.13333333333333333,0.1111111111111111,1139,42,SARSA,43
22950,90,0.08068678478817369,0.18866106757816606,0.06666666666666667,0.12222222222222222,1139,42,SARSA,43
23040,90,0.02268950073875427,0.19293013801143527,0.18888888888888888,0.28888888888888886,1139,42,SARSA,43
23130,90,-0.08150882222621116,0.12101861412019302,0.044444444444444446,0.08888888888888889,1139,42,SARSA,43
23220,90,-0.06218911930690724,0.4322017523481785,0.3333333333333333,0.17777777777777778,1139,42,SARSA,43
23310,90,0.07774933799057702,0.1900687887861997,0.15555555555555556,0.17777777777777778,1139,42,SARSA,43
23400,90,0.07968708004589584,0.16094898891117587,0.12222222222222222,0.2,1139,42,SARSA,43
23490,90,0.017258329903552007,0.2392538147619681,0.17777777777777778,0.35555555555555557,1139,42,SARSA,43
23580,90,0.051031424081769125,0.20080643975694557,0.2111111111111111,0.26666666666666666,1139,42,SARSA,43
23670,90,-0.06407999920197291,0.15085853733329357,0.12222222222222222,0.23333333333333334,1139,42,SARSA,43
23760,90,-0.033042335466338744,0.07341579720261014,0.05555555555555555,0.06666666666666667,1139,42,SARSA,43
23850,90,0.06066956903358296,0.16837347041405368,0.1,0.14444444444444443,1139,42,SARSA,43
23940,90,-0.01622879486816105,0.12448054611561234,0.07777777777777778,0.1111111111111111,1139,42,SARSA,43
24000,60,0.09093053775970475,0.12690265948291696,0.05,0.1,1139,42,SARSA,43
90,90,0.004819467829897908,0.4117771421993758,0.5,0.37777777777777777,90,15,Expected_SARSA,7
180,90,0.15570524290814178,0.6124646696851056,0.6555555555555556,0.2222222222222222,180,21,Expected_SARSA,7
270,90,0.021462383417315135,0.37852059954168177,0.32222222222222224,0.25555555555555554,239,23,Expected_SARSA,7
360,90,0.07049460649117761,0.4129045679146511,0.4666666666666667,0.3333333333333333,329,27,Expected_SARSA,7
450,90,-0.16672302438962813,0.470047631626256,0.35555555555555557,0.26666666666666666,382,30,Expected_SARSA,7
540,90,-0.13546540880607497,0.42168622097350217,0.2777777777777778,0.17777777777777778,472,32,Expected_SARSA,7
630,90,-0.0001442953923125323,0.37406506557407565,0.34444444444444444,0.37777777777777777,562,35,Expected_SARSA,7
720,90,0.02691941368899849,0.22799817784313983,0.23333333333333334,0.24444444444444444,639,36,Expected_SARSA,7
810,90,-0.09126200570713415,0.5485452418631048,0.37777777777777777,0.34444444444444444,666,36,Expected_SARSA,7
900,90,0.013557767714057022,0.4228201775062059,0.35555555555555557,0.26666666666666666,666,36,Expected_SARSA,7
990,90,-0.10542953937160987,0.3754593576213622,0.3111111111111111,0.24444444444444444,732,36,Expected_SARSA,7
1080,90,-0.0497307974093441,0.44206857038643077,0.3333333333333333,0.5111111111111111,768,38,Expected_SARSA,7
1170,90,0.05651754450027997,0.403702783073904,0.34444444444444444,0.4222222222222222,768,38,Expected_SARSA,7
1260,90,0.033752372313925486,0.47407384090408,0.43333333333333335,0.37777777777777777,768,38,Expected_SARSA,7
1350,90,-0.040773030434503026,0.23955071949615486,0.13333333333333333,0.26666666666666666,768,38,Expected_SARSA,7
1440,90,-0.07430855761979967,0.4756032373026083,0.3333333333333333,0.26666666666666666,775,38,Expected_SARSA,7
1530,90,-0.06901439418230824,0.3277480690241366,0.32222222222222224,0.16666666666666666,775,38,Expected_SARSA,7
1620,90,-0.030604431590057216,0.1186539828358088,0.1,0.06666666666666667,775,38,Expected_SARSA,7
1710,90,0.0026250028052439834,0.2249365076660797,0.13333333333333333,0.16666666666666666,775,38,Expected_SARSA,7
1800,90,-0.01451360433514396,0.47284865944761606,0.5333333333333333,0.24444444444444444,775,38,Expected_SARSA,7
1890,90,-0.10650566068595002,0.39537783000589033,0.2111111111111111,0.3111111111111111,775,38,Expected_SARSA,7
1980,90,-0.0860369701126709,0.45198822459928795,0.4,0.28888888888888886,844,40,Expected_SARSA,7
2070,90,-0.0278771720907327,0.14954480311545112,0.1,0.15555555555555556,844,40,Expected_SARSA,7
2160,90,0.008233034485071183,0.14934217617663773,0.14444444444444443,0.2222222222222222,934,40,Expected_SARSA,7
2250,90,-0.03703163247748166,0.24934750725255717,0.15555555555555556,0.26666666666666666,934,40,Expected_SARSA,7
2340,90,0.0003719680738266907,0.36692812238043093,0.4111111111111111,0.2,961,40,Expected_SARSA,7
2430,90,-0.08102641660784154,0.2591811027632257,0.3,0.35555555555555557,961,40,Expected_SARSA,7
2520,90,0.015170062312710914,0.1798027029907451,0.16666666666666666,0.3333333333333333,961,40,Expected_SARSA,7
2610,90,-0.025822928544429396,0.23087922456788348,0.26666666666666666,0.35555555555555557,961,40,Expected_SARSA,7
2700,90,0.02984771878704646,0.22673011061046475,0.25555555555555554,0.4222222222222222,968,40,Expected_SARSA,7
2790,90,-0.034396092342901204,0.3764290742661737,0.2222222222222222,0.3333333333333333,1014,40,Expected_SARSA,7
2880,90,0.06720558357847281,0.2729325439618751,0.23333333333333334,0.4222222222222222,1014,40,Expected_SARSA,7
2970,90,-0.022029928875531752,0.20153578843180253,0.2,0.37777777777777777,1014,40,Expected_SARSA,7
3060,90,0.01076518192115284,0.2735646447857249,0.3,0.5111111111111111,1051,40,Expected_SARSA,7
3150,90,-0.02403978877364856,0.23714620925211508,0.2111111111111111,0.3333333333333333,1051,40,Expected_SARSA,7
3240,90,-0.02946597730685304,0.22925316939414253,0.16666666666666666,0.3333333333333333,1070,40,Expected_SARSA,7
3330,90,-0.005618601487073814,0.12110351948683237,0.15555555555555556,0.2222222222222222,1070,40,Expected_SARSA,7
3420,90,-0.2598257574079555,0.35191551862030623,0.17777777777777778,0.28888888888888886,1070,40,Expected_SARSA,7
3510,90,0.026804909535712886,0.2642432500825494,0.15555555555555556,0.28888888888888886,1070,40,Expected_SARSA,7
3600,90,-0.014267434829597527,0.28380610852812793,0.23333333333333334,0.3111111111111111,1070,40,Expected_SARSA,7
3690,90,0.17786175553892075,0.40003482077368063,0.18888888888888888,0.35555555555555557,1070,40,Expected_SARSA,7
3780,90,-0.026409384142762792,0.20821847028099225,0.13333333333333333,0.26666666666666666,1087,40,Expected_SARSA,7
3870,90,0.11489853940028436,0.4205031587549326,0.26666666666666666,0.4888888888888889,1087,40,Expected_SARSA,7
3960,90,0.08482142800279822,0.3403862976068944,0.35555555555555557,0.6,1087,40,Expected_SARSA,7
4050,90,-0.018907509073729484,0.14996071447839593,0.1111111111111111,0.2222222222222222,1087,40,Expected_SARSA,7
4140,90,-0.035439860119557964,0.110146094465766,0.1,0.2,1087,40,Expected_SARSA,7
4230,90,0.04047638783350333,0.1363069452106113,0.15555555555555556,0.2222222222222222,1087,40,Expected_SARSA,7
4320,90,-0.07495613868602477,0.24977914972117216,0.16666666666666666,0.25555555555555554,1087,40,Expected_SARSA,7
4410,90,-0.0022909705842322843,0.3702704387824896,0.32222222222222224,0.2777777777777778,1101,41,Expected_SARSA,7
4500,90,0.021601510545903726,0.454688051477067,0.4444444444444444,0.2777777777777778,1101,41,Expected_SARSA,7
4590,90,0.003186788008167239,0.7715599418696284,0.4666666666666667,0.4666666666666667,1101,41,Expected_SARSA,7
4680,90,0.023595688979704092,0.23531554767389815,0.2222222222222222,0.36666666666666664,1101,41,Expected_SARSA,7
4770,90,-0.039342606302970186,0.41976631093969796,0.3111111111111111,0.5555555555555556,1109,41,Expected_SARSA,7
4860,90,0.0298927330614348,0.23420779306565484,0.2,0.35555555555555557,1109,41,Expected_SARSA,7
4950,90,-0.03907114974331696,0.3023190107893964,0.16666666666666666,0.3111111111111111,1109,41,Expected_SARSA,7
5040,90,-0.07220532817295264,0.2962414102064028,0.23333333333333334,0.4444444444444444,1109,41,Expected_SARSA,7
5130,90,0.05728427056294943,0.15073979627923093,0.1,0.17777777777777778,1109,41,Expected_SARSA,7
5220,90,-0.09978496235040196,0.5675227193806597,0.3,0.35555555555555557,1109,41,Expected_SARSA,7
5310,90,0.06671999052055969,0.20729021384091154,0.15555555555555556,0.28888888888888886,1109,41,Expected_SARSA,7
5400,90,0.058175487531912554,0.24783270560032922,0.13333333333333333,0.17777777777777778,1109,41,Expected_SARSA,7
5490,90,-0.05379581373430262,0.1343946837323598,0.07777777777777778,0.1111111111111111,1109,41,Expected_SARSA,7
5580,90,0.10650425187149959,0.30402333078683125,0.2111111111111111,0.2222222222222222,1109,41,Expected_SARSA,7
5670,90,-0.0912206861122805,0.4370051676692837,0.2777777777777778,0.4666666666666667,1109,41,Expected_SARSA,7
5760,90,-0.06752498065947897,0.27493833189109473,0.23333333333333334,0.23333333333333334,1109,41,Expected_SARSA,7
5850,90,-0.00884228606981723,0.16231823913317864,0.1,0.17777777777777778,1120,41,Expected_SARSA,7
5940,90,0.1059321893978072,0.3437723916366561,0.2111111111111111,0.35555555555555557,1122,41,Expected_SARSA,7
6030,90,-0.033340755841262636,0.2379341992110682,0.16666666666666666,0.26666666666666666,1122,41,Expected_SARSA,7
6120,90,0.06985054616577555,0.6890623743039309,0.26666666666666666,0.5111111111111111,1122,41,Expected_SARSA,7
6210,90,-0.025782760870509583,0.3573356635355115,0.18888888888888888,0.35555555555555557,1122,41,Expected_SARSA,7
6300,90,-0.08281279763834698,0.3990956752503567,0.2777777777777778,0.4111111111111111,1122,41,Expected_SARSA,7
6390,90,0.004549613303780826,0.2350612653382534,0.12222222222222222,0.2,1122,41,Expected_SARSA,7
6480,90,-0.03060026055922605,0.1254223405202379,0.14444444444444443,0.2222222222222222,1122,41,Expected_SARSA,7
6570,90,0.12245591737896544,0.27684702252053284,0.2,0.37777777777777777,1122,41,Expected_SARSA,7
6660,90,-0.035311885250351206,0.3042856440484967,0.17777777777777778,0.3111111111111111,1122,41,Expected_SARSA,7
6750,90,0.005777794001296599,0.23900058711008706,0.23333333333333334,0.3888888888888889,1122,42,Expected_SARSA,7
6840,90,-0.02004869138206541,0.33388500845891234,0.2,0.28888888888888886,1122,42,Expected_SARSA,7
6930,90,0.025804121810864455,0.3949772799295871,0.2222222222222222,0.34444444444444444,1128,42,Expected_SARSA,7
7020,90,-0.06747571021309152,0.4243265782045492,0.26666666666666666,0.24444444444444444,1128,42,Expected_SARSA,7
7110,90,-0.050946571307107044,0.23248288387450627,0.2111111111111111,0.35555555555555557,1128,42,Expected_SARSA,7
7200,90,-0.12959431030921403,0.2718571153945314,0.17777777777777778,0.2,1128,42,Expected_SARSA,7
7290,90,-0.018181530606366278,0.21578263913966894,0.2,0.2,1128,42,Expected_SARSA,7
7380,90,-0.03815332035861515,0.2498989806077394,0.26666666666666666,0.15555555555555556,1128,42,Expected_SARSA,7
7470,90,0.00958056283479971,0.1431536081602253,0.16666666666666666,0.13333333333333333,1128,42,Expected_SARSA,7
7560,90,-0.030958646496757163,0.2805142741965085,0.3333333333333333,0.1111111111111111,1128,42,Expected_SARSA,7
7650,90,-0.025315300088007184,0.18818473745730718,0.1111111111111111,0.17777777777777778,1128,42,Expected_SARSA,7
7740,90,-0.011110316923121026,0.2351912754513954,0.23333333333333334,0.2777777777777778,1128,42,Expected_SARSA,7
7830,90,0.040358839881419986,0.24118844727305522,0.28888888888888886,0.13333333333333333,1128,42,Expected_SARSA,7
7920,90,-0.0021882504446312494,0.37105783638257156,0.5,0.12222222222222222,1128,42,Expected_SARSA,7
8010,90,0.0020361293410905645,0.18421272845217926,0.15555555555555556,0.2222222222222222,1128,42,Expected_SARSA,7
8100,90,-0.14869964656401752,0.46666225089321056,0.3888888888888889,0.24444444444444444,1128,42,Expected_SARSA,7
8190,90,-0.024928981166959564,0.17294878003865696,0.1111111111111111,0.2222222222222222,1128,42,Expected_SARSA,7
8280,90,0.015710246325473416,0.15426856339837478,0.12222222222222222,0.15555555555555556,1128,42,Expected_SARSA,7
8370,90,0.017047609538553613,0.15759799526364102,0.15555555555555556,0.24444444444444444,1128,42,Expected_SARSA,7
8460,90,0.08793289810084813,0.16243813961710216,0.1,0.15555555555555556,1128,42,Expected_SARSA,7
8550,90,-0.059575279323939086,0.24552787707327128,0.13333333333333333,0.24444444444444444,1128,42,Expected_SARSA,7
8640,90,0.031159837394553178,0.14127476256855404,0.05555555555555555,0.08888888888888889,1128,42,Expected_SARSA,7
8730,90,0.04394423781435208,0.24121528222387387,0.2111111111111111,0.35555555555555557,1128,42,Expected_SARSA,7
8820,90,0.0029278172548289206,0.2753387478038462,0.32222222222222224,0.2,1128,42,Expected_SARSA,7
8910,90,-0.10983381697251249,0.3857999172209057,0.35555555555555557,0.26666666666666666,1128,42,Expected_SARSA,7
9000,90,0.05097578862761814,0.4055579303235014,0.23333333333333334,0.4222222222222222,1128,42,Expected_SARSA,7
9090,90,0.10557592527594852,0.24056794563558392,0.18888888888888888,0.28888888888888886,1128,42,Expected_SARSA,7
9180,90,0.04879395794603964,0.26924281563978014,0.23333333333333334,0.24444444444444444,1128,42,Expected_SARSA,7
9270,90,-0.06082570264957309,0.3633028461186506,0.2777777777777778,0.3111111111111111,1128,42,Expected_SARSA,7
9360,90,-0.0011954816367329886,0.1599686918911081,0.15555555555555556,0.08888888888888889,1128,42,Expected_SARSA,7
9450,90,0.08918777951770919,0.1409340787798096,0.07777777777777778,0.13333333333333333,1128,42,Expected_SARSA,7
9540,90,-0.03044384024805505,0.42266224039083944,0.3888888888888889,0.2,1128,42,Expected_SARSA,7
9630,90,0.013806734377518682,0.07385199063399485,0.05555555555555555,0.1111111111111111,1128,42,Expected_SARSA,7
9720,90,0.04130081080002756,0.3333419455223647,0.36666666666666664,0.25555555555555554,1128,42,Expected_SARSA,7
9810,90,0.028704411885531484,0.2682003162383344,0.32222222222222224,0.12222222222222222,1128,42,Expected_SARSA,7
9900,90,0.06553803876637669,0.2113662715836628,0.15555555555555556,0.2222222222222222,1128,42,Expected_SARSA,7
9990,90,0.00474530467983869,0.20560034666036647,0.2,0.2,1128,42,Expected_SARSA,7
10080,90,0.012631678316867342,0.14035011436652928,0.07777777777777778,0.13333333333333333,1128,42,Expected_SARSA,7
10170,90,0.004088354431276583,0.17369485249949548,0.1111111111111111,0.2222222222222222,1128,42,Expected_SARSA,7
10260,90,-0.0001992956933562384,0.23321433699063973,0.3111111111111111,0.17777777777777778,1128,42,Expected_SARSA,7
10350,90,0.1045876417052544,0.29763698936672905,0.15555555555555556,0.24444444444444444,1128,42,Expected_SARSA,7
10440,90,0.13209771961218297,0.45720455433445256,0.43333333333333335,0.7,1128,42,Expected_SARSA,7
10530,90,0.02905967779372772,0.22018161043076828,0.18888888888888888,0.37777777777777777,1128,42,Expected_SARSA,7
10620,90,-0.0014841130478658302,0.3989260306554304,0.3888888888888889,0.32222222222222224,1128,42,Expected_SARSA,7
10710,90,-0.2109758444038731,0.4384011255863935,0.3888888888888889,0.5444444444444444,1128,42,Expected_SARSA,7
10800,90,0.03979441475887643,0.2835216113897058,0.16666666666666666,0.28888888888888886,1128,42,Expected_SARSA,7
10890,90,-0.003238695866633381,0.2150405126601795,0.1,0.18888888888888888,1128,42,Expected_SARSA,7
10980,90,-0.14406516827126706,0.19240611514411213,0.1111111111111111,0.2,1128,42,Expected_SARSA,7
11070,90,0.01352907428936718,0.32351029283956256,0.28888888888888886,0.2222222222222222,1128,42,Expected_SARSA,7
11160,90,0.13254440802079692,0.2856441160533381,0.15555555555555556,0.26666666666666666,1128,42,Expected_SARSA,7
11250,90,0.015999091772638578,0.3229822844191301,0.34444444444444444,0.36666666666666664,1128,42,Expected_SARSA,7
11340,90,-0.1607743317233072,0.2718756494989381,0.12222222222222222,0.2,1128,42,Expected_SARSA,7
11430,90,0.07561134758548513,0.24837778072221808,0.13333333333333333,0.08888888888888889,1128,42,Expected_SARSA,7
11520,90,0.05085110584632596,0.21736281228531168,0.15555555555555556,0.1111111111111111,1128,42,Expected_SARSA,7
11610,90,0.015340463530817323,0.1068695419280204,0.05555555555555555,0.1111111111111111,1128,42,Expected_SARSA,7
11700,90,0.07195288688137759,0.2333766116656906,0.26666666666666666,0.15555555555555556,1128,42,Expected_SARSA,7
11790,90,-0.08402647293004332,0.1488949415185442,0.1,0.17777777777777778,1128,42,Expected_SARSA,7
11880,90,-0.007068232198319509,0.15532821924649406,0.13333333333333333,0.23333333333333334,1128,42,Expected_SARSA,7
11970,90,0.043927398578296015,0.16106868632005245,0.12222222222222222,0.24444444444444444,1128,42,Expected_SARSA,7
12060,90,0.042466122354262656,0.19571491140781797,0.2,0.13333333333333333,1128,42,Expected_SARSA,7
12150,90,0.01505166709880681,0.19288684992749888,0.2111111111111111,0.2,1128,42,Expected_SARSA,7
12240,90,-0.004818232374241739,0.08107260584447676,0.06666666666666667,0.13333333333333333,1128,42,Expected_SARSA,7
12330,90,0.015109578649690711,0.22509634899280975,0.13333333333333333,0.26666666666666666,1128,42,Expected_SARSA,7
12420,90,0.02707558498061204,0.30109506224510574,0.2222222222222222,0.1111111111111111,1128,42,Expected_SARSA,7
12510,90,0.09426459718524022,0.4785517572850176,0.4111111111111111,0.3333333333333333,1128,42,Expected_SARSA,7
12600,90,0.03793918406584377,0.2541713021931941,0.3,0.2222222222222222,1128,42,Expected_SARSA,7
12690,90,-0.04463662116237732,0.3944684596063555,0.37777777777777777,0.3111111111111111,1128,42,Expected_SARSA,7
12780,90,-0.027044956626210866,0.3036501168110375,0.37777777777777777,0.17777777777777778,1128,42,Expected_SARSA,7
12870,90,-0.16390261475163576,0.34838417469078986,0.24444444444444444,0.35555555555555557,1128,42,Expected_SARSA,7
12960,90,0.0890206424796358,0.2828598746796101,0.26666666666666666,0.1111111111111111,1128,42,Expected_SARSA,7
13050,90,-0.005231954025914767,0.15093794944382252,0.08888888888888889,0.06666666666666667,1128,42,Expected_SARSA,7
13140,90,0.027328749395367686,0.44857438530621846,0.4444444444444444,0.2,1128,42,Expected_SARSA,7
13230,90,0.07808227222348986,0.11177914399941717,0.05555555555555555,0.1111111111111111,1128,42,Expected_SARSA,7
13320,90,-0.011752049454267758,0.29652514774075944,0.2,0.15555555555555556,1128,42,Expected_SARSA,7
13410,90,0.010421896216595764,0.13916032872942655,0.13333333333333333,0.07777777777777778,1128,42,Expected_SARSA,7
13500,90,-0.04232129356592375,0.2773683934194695,0.18888888888888888,0.28888888888888886,1128,42,Expected_SARSA,7
13590,90,-0.018283970697011057,0.09643545853213199,0.08888888888888889,0.15555555555555556,1128,42,Expected_SARSA,7
13680,90,-0.06228001452602759,0.15181983825900655,0.15555555555555556,0.2222222222222222,1128,42,Expected_SARSA,7
13770,90,-0.020240049851522942,0.09377894388156816,0.03333333333333333,0.06666666666666667,1128,42,Expected_SARSA,7
13860,90,0.09633517395993005,0.29060900041614657,0.28888888888888886,0.15555555555555556,1128,42,Expected_SARSA,7
13950,90,-0.022021811974983728,0.23574784699481863,0.2777777777777778,0.13333333333333333,1128,42,Expected_SARSA,7
14040,90,0.047862689409515824,0.48718718468642,0.4111111111111111,0.1111111111111111,1128,42,Expected_SARSA,7
14130,90,0.012377176293838863,0.20076404173300347,0.2,0.2,1128,42,Expected_SARSA,7
14220,90,0.03534475182807981,0.21850630451340283,0.16666666666666666,0.18888888888888888,1128,42,Expected_SARSA,7
14310,90,-0.032152111274996696,0.5207535174591039,0.35555555555555557,0.18888888888888888,1128,42,Expected_SARSA,7
14400,90,-0.025050923884956718,0.08261664673780729,0.05555555555555555,0.1,1128,42,Expected_SARSA,7
14490,90,0.052035334892513746,0.22349270089199771,0.25555555555555554,0.06666666666666667,1128,42,Expected_SARSA,7
14580,90,0.12513846981620574,0.31017187812894165,0.24444444444444444,0.12222222222222222,1128,42,Expected_SARSA,7
14670,90,0.00018132598796321254,0.23281199960806412,0.25555555555555554,0.1,1128,42,Expected_SARSA,7
14760,90,0.030170578299999043,0.11043671635223154,0.08888888888888889,0.06666666666666667,1128,42,Expected_SARSA,7
14850,90,-0.020517244986238182,0.14870095401174718,0.14444444444444443,0.13333333333333333,1128,42,Expected_SARSA,7
14940,90,0.016260093082583745,0.35810346423788136,0.34444444444444444,0.13333333333333333,1128,42,Expected_SARSA,7
15030,90,0.013642787668308124,0.163596957189207,0.13333333333333333,0.06666666666666667,1128,42,Expected_SARSA,7
15120,90,-0.14302940034805767,0.4036401557936002,0.26666666666666666,0.06666666666666667,1128,42,Expected_SARSA,7
15210,90,-5.103150462977854e-05,0.0828819432029427,0.07777777777777778,0.05555555555555555,1128,42,Expected_SARSA,7
15300,90,0.017790827338812418,0.1464646779428605,0.1,0.17777777777777778,1128,42,Expected_SARSA,7
15390,90,-0.10934054682465863,0.2029806210846708,0.1,0.1111111111111111,1128,42,Expected_SARSA,7
15480,90,0.09205232847872122,0.30055376695816866,0.14444444444444443,0.1111111111111111,1139,42,Expected_SARSA,7
15570,90,0.026084379386640554,0.06907529304294936,0.05555555555555555,0.044444444444444446,1139,42,Expected_SARSA,7
15660,90,-0.0038628629307507854,0.07812389430448577,0.06666666666666667,0.1111111111111111,1139,42,Expected_SARSA,7
15750,90,-0.01719094426689366,0.5393353083203161,0.34444444444444444,0.37777777777777777,1139,42,Expected_SARSA,7
15840,90,-0.005012982804048467,0.11041603304749699,0.1111111111111111,0.2,1139,42,Expected_SARSA,7
15930,90,0.051838604328678706,0.18192890227264194,0.12222222222222222,0.13333333333333333,1140,42,Expected_SARSA,7
16020,90,0.04352134879019766,0.10459370710636537,0.1,0.17777777777777778,1140,42,Expected_SARSA,7
16110,90,-0.0282038312575342,0.12061909012305996,0.044444444444444446,0.08888888888888889,1140,42,Expected_SARSA,7
16200,90,0.01609802537590244,0.17133587112589344,0.13333333333333333,0.15555555555555556,1140,42,Expected_SARSA,7
16290,90,0.06576644279311009,0.2564914587234243,0.23333333333333334,0.2222222222222222,1140,42,Expected_SARSA,7
16380,90,0.06711213881405106,0.2608150476397297,0.32222222222222224,0.17777777777777778,1140,42,Expected_SARSA,7
16470,90,0.07922092060353872,0.3579304961166849,0.3111111111111111,0.5444444444444444,1140,42,Expected_SARSA,7
16560,90,0.013363005451374832,0.15982268989000298,0.14444444444444443,0.2,1140,42,Expected_SARSA,7
16650,90,0.03842056092457667,0.19705831458309891,0.1,0.17777777777777778,1140,42,Expected_SARSA,7
16740,90,0.05639168059378289,0.129325129470038,0.16666666666666666,0.3111111111111111,1140,42,Expected_SARSA,7
16830,90,0.034863219657626905,0.08165968756624305,0.044444444444444446,0.08888888888888889,1140,42,Expected_SARSA,7
16920,90,0.01452775708132429,0.18865118578935766,0.17777777777777778,0.26666666666666666,1140,42,Expected_SARSA,7
17010,90,0.038835161027183755,0.3698138172599896,0.3333333333333333,0.6222222222222222,1140,42,Expected_SARSA,7
17100,90,-0.03655933134143111,0.1838624490286103,0.13333333333333333,0.15555555555555556,1140,42,Expected_SARSA,7
17190,90,-0.05420250149939117,0.2002987390429046,0.28888888888888886,0.3111111111111111,1140,42,Expected_SARSA,7
17280,90,0.004608354231378368,0.10227570865528621,0.13333333333333333,0.24444444444444444,1140,42,Expected_SARSA,7
17370,90,-0.026855893985883596,0.13660132233823183,0.1111111111111111,0.17777777777777778,1140,42,Expected_SARSA,7
17460,90,0.04612294386404439,0.2746229030776546,0.26666666666666666,0.28888888888888886,1140,42,Expected_SARSA,7
17550,90,-0.018302868742033705,0.14739647264064193,0.1,0.17777777777777778,1140,42,Expected_SARSA,7
17640,90,0.14474710896711415,0.36386627482480444,0.4111111111111111,0.26666666666666666,1140,42,Expected_SARSA,7
17730,90,0.061995164660571256,0.2803315714507039,0.2,0.3333333333333333,1140,42,Expected_SARSA,7
17820,90,-0.03577495962565664,0.2821227697422649,0.3111111111111111,0.12222222222222222,1140,42,Expected_SARSA,7
17910,90,0.11119893522638612,0.26902154216439306,0.3333333333333333,0.26666666666666666,1140,42,Expected_SARSA,7
18000,90,-0.01597116312172837,0.24509086374214345,0.12222222222222222,0.2222222222222222,1140,42,Expected_SARSA,7
18090,90,0.1533425357979244,0.30775222279082814,0.2111111111111111,0.13333333333333333,1140,42,Expected_SARSA,7
18180,90,0.10943136477431867,0.17169361575659847,0.05555555555555555,0.07777777777777778,1140,42,Expected_SARSA,7
18270,90,0.06439301280254893,0.13996815974195215,0.15555555555555556,0.3111111111111111,1140,42,Expected_SARSA,7
18360,90,0.18724010271412947,0.5318597706455586,0.4111111111111111,0.17777777777777778,1140,42,Expected_SARSA,7
18450,90,-0.08285517743506884,0.2298067667630111,0.13333333333333333,0.2222222222222222,1140,42,Expected_SARSA,7
18540,90,-0.004509024434407085,0.266828210696196,0.2222222222222222,0.26666666666666666,1140,42,Expected_SARSA,7
18630,90,0.11064408365444442,0.36949786989786093,0.34444444444444444,0.18888888888888888,1140,42,Expected_SARSA,7
18720,90,0.17980806425550544,0.46749666247255955,0.37777777777777777,0.2,1140,42,Expected_SARSA,7
18810,90,-0.12031927114670916,0.5469178384987026,0.3888888888888889,0.2222222222222222,1140,42,Expected_SARSA,7
18900,90,0.20500573920051796,0.4466519623464853,0.32222222222222224,0.13333333333333333,1140,42,Expected_SARSA,7
18990,90,0.02182462953933544,0.13565725990600472,0.06666666666666667,0.13333333333333333,1140,42,Expected_SARSA,7
19080,90,-0.06507605524796255,0.30395364661221563,0.16666666666666666,0.2222222222222222,1140,42,Expected_SARSA,7
19170,90,-0.012850149463333547,0.36072085769634754,0.24444444444444444,0.2222222222222222,1140,42,Expected_SARSA,7
19260,90,0.04145061945996119,0.07718212332951255,0.044444444444444446,0.08888888888888889,1140,42,Expected_SARSA,7
19350,90,-0.0058676283326555305,0.1828816001272519,0.12222222222222222,0.17777777777777778,1140,42,Expected_SARSA,7
19440,90,-0.05182268760757987,0.36713160657600785,0.32222222222222224,0.12222222222222222,1140,42,Expected_SARSA,7
19530,90,0.015173565273563226,0.15745666798429028,0.14444444444444443,0.15555555555555556,1140,42,Expected_SARSA,7
19620,90,0.0873921750152963,0.2624280113900399,0.18888888888888888,0.1111111111111111,1140,42,Expected_SARSA,7
19710,90,0.11210520334857435,0.29560261937477506,0.34444444444444444,0.15555555555555556,1140,42,Expected_SARSA,7
19800,90,-0.061317503361989975,0.3220101984347657,0.23333333333333334,0.3333333333333333,1140,42,Expected_SARSA,7
19890,90,-0.0253436246679758,0.24714933040794662,0.15555555555555556,0.08888888888888889,1140,42,Expected_SARSA,7
19980,90,-0.04565036291276394,0.35363985794852143,0.34444444444444444,0.6111111111111112,1140,42,Expected_SARSA,7
20070,90,0.013772425622391412,0.1337576487702501,0.17777777777777778,0.35555555555555557,1140,42,Expected_SARSA,7
20160,90,-0.11534282519694901,0.3452189857639163,0.18888888888888888,0.26666666666666666,1140,42,Expected_SARSA,7
20250,90,0.057982957476100064,0.10770131983968133,0.07777777777777778,0.15555555555555556,1140,42,Expected_SARSA,7
20340,90,0.00979096909875535,0.16999193538398916,0.12222222222222222,0.15555555555555556,1140,42,Expected_SARSA,7
20430,90,0.023273749583639435,0.2119769357294167,0.14444444444444443,0.17777777777777778,1140,42,Expected_SARSA,7
20520,90,-0.0339119189115478,0.0658523751133139,0.03333333333333333,0.06666666666666667,1140,42,Expected_SARSA,7
20610,90,0.034265052051416355,0.16802225630360762,0.08888888888888889,0.12222222222222222,1140,42,Expected_SARSA,7
20700,90,-0.013342709826433591,0.17748678543901072,0.16666666666666666,0.17777777777777778,1140,42,Expected_SARSA,7
20790,90,0.15712743735503942,0.37780369072425035,0.2777777777777778,0.13333333333333333,1140,42,Expected_SARSA,7
20880,90,-0.0012528922629256966,0.3686378436814326,0.28888888888888886,0.5444444444444444,1140,42,Expected_SARSA,7
20970,90,0.013576981439034312,0.46088764927623993,0.28888888888888886,0.4,1140,42,Expected_SARSA,7
21060,90,-0.07430056649306747,0.27491254170180107,0.15555555555555556,0.15555555555555556,1140,42,Expected_SARSA,7
21150,90,-0.035216454028141136,0.20718212493079935,0.18888888888888888,0.15555555555555556,1140,42,Expected_SARSA,7
21240,90,-0.034040572013092886,0.056088522566292286,0.022222222222222223,0.044444444444444446,1140,42,Expected_SARSA,7
21330,90,0.0053121413939249094,0.11748413034362637,0.05555555555555555,0.08888888888888889,1140,42,Expected_SARSA,7
21420,90,0.15190779146174285,0.37876794978903305,0.3111111111111111,0.1111111111111111,1140,42,Expected_SARSA,7
21510,90,0.019870635680176003,0.14324190968978898,0.1,0.044444444444444446,1140,42,Expected_SARSA,7
21600,90,0.08078176165625413,0.13706718573492618,0.08888888888888889,0.17777777777777778,1140,42,Expected_SARSA,7
21690,90,0.0619740367512911,0.1202750905345777,0.05555555555555555,0.08888888888888889,1140,42,Expected_SARSA,7
21780,90,0.05508911941261411,0.23135004803234252,0.1111111111111111,0.14444444444444443,1140,42,Expected_SARSA,7
21870,90,-0.02673413323208746,0.045363489780629235,0.03333333333333333,0.06666666666666667,1140,42,Expected_SARSA,7
21960,90,-0.006468175465156972,0.018160388594621626,0.011111111111111112,0.022222222222222223,1140,42,Expected_SARSA,7
22050,90,0.03591914358777264,0.1617209932686356,0.12222222222222222,0.06666666666666667,1140,42,Expected_SARSA,7
22140,90,-0.007610817579889471,0.1770458496042916,0.05555555555555555,0.1,1140,42,Expected_SARSA,7
22230,90,0.038259011330013644,0.16293447355900012,0.12222222222222222,0.06666666666666667,1140,42,Expected_SARSA,7
22320,90,0.012482999084416822,0.13125475970540093,0.07777777777777778,0.1,1140,42,Expected_SARSA,7
22410,90,0.031091554672673338,0.2178477128441858,0.25555555555555554,0.08888888888888889,1140,42,Expected_SARSA,7
22500,90,0.05475262528821113,0.14099406172267478,0.08888888888888889,0.17777777777777778,1140,42,Expected_SARSA,7
22590,90,0.02635953122783656,0.09493923792989087,0.044444444444444446,0.08888888888888889,1140,42,Expected_SARSA,7
22680,90,-0.015915634407238154,0.048852463473191755,0.011111111111111112,0.022222222222222223,1140,42,Expected_SARSA,7
22770,90,0.043385910508320684,0.20554502137037176,0.14444444444444443,0.17777777777777778,1140,42,Expected_SARSA,7
22860,90,0.008958977387859475,0.12489782481656246,0.1111111111111111,0.07777777777777778,1140,42,Expected_SARSA,7
22950,90,-0.02441698419504387,0.11835890408603604,0.05555555555555555,0.1111111111111111,1140,42,Expected_SARSA,7
23040,90,0.031000584441137177,0.19738737270369064,0.14444444444444443,0.2222222222222222,1140,42,Expected_SARSA,7
23130,90,-0.07028127667965647,0.21111529052632616,0.15555555555555556,0.12222222222222222,1140,42,Expected_SARSA,7
23220,90,-0.008659781923587944,0.21298622069234677,0.14444444444444443,0.2222222222222222,1140,42,Expected_SARSA,7
23310,90,0.013133175622465796,0.14996023760684496,0.08888888888888889,0.1111111111111111,1140,42,Expected_SARSA,7
23400,90,-0.019143249790769198,0.19317506640492732,0.13333333333333333,0.1111111111111111,1140,42,Expected_SARSA,7
23490,90,-0.001735312019801184,0.17677253438571025,0.15555555555555556,0.13333333333333333,1140,42,Expected_SARSA,7
23580,90,0.1669361492361282,0.376523818345345,0.3,0.08888888888888889,1140,42,Expected_SARSA,7
23670,90,0.028664870161231093,0.16055288860848763,0.13333333333333333,0.08888888888888889,1140,42,Expected_SARSA,7
23760,90,0.03473196150749946,0.23260531584920657,0.13333333333333333,0.14444444444444443,1140,42,Expected_SARSA,7
23850,90,0.018513182819849778,0.17360000923438482,0.14444444444444443,0.1111111111111111,1140,42,Expected_SARSA,7
23940,90,0.021341616857541088,0.14573308490012313,0.08888888888888889,0.022222222222222223,1140,42,Expected_SARSA,7
24000,60,-0.08467987254019364,0.33718069489414354,0.13333333333333333,0.16666666666666666,1143,42,Expected_SARSA,7
90,90,0.052099945910765756,0.331136604447133,0.4222222222222222,0.37777777777777777,90,20,Expected_SARSA,19
180,90,-0.07025218890633005,0.5120808424493709,0.4444444444444444,0.2222222222222222,180,22,Expected_SARSA,19
270,90,-0.09621811835461055,0.690974281304493,0.4777777777777778,0.4888888888888889,224,24,Expected_SARSA,19
360,90,-0.033718021624932835,0.18970264727483938,0.17777777777777778,0.2222222222222222,314,26,Expected_SARSA,19
450,90,0.06845752774594342,0.3481541023762484,0.2777777777777778,0.34444444444444444,404,31,Expected_SARSA,19
540,90,0.07025093106517795,0.35816564751615004,0.28888888888888886,0.37777777777777777,420,31,Expected_SARSA,19
630,90,-0.12416223813453633,0.42129560057707593,0.28888888888888886,0.3111111111111111,450,31,Expected_SARSA,19
720,90,-0.03808522933607914,0.37832403545455306,0.25555555555555554,0.43333333333333335,512,32,Expected_SARSA,19
810,90,-0.015101555046729689,0.4984920097733605,0.45555555555555555,0.4888888888888889,556,34,Expected_SARSA,19
900,90,-0.12052153089272057,0.3540426795658566,0.2222222222222222,0.25555555555555554,590,36,Expected_SARSA,19
990,90,0.004266001893394988,0.19193879627292076,0.18888888888888888,0.3333333333333333,665,36,Expected_SARSA,19
1080,90,0.023886808402036688,0.67584745583386,0.4777777777777778,0.5333333333333333,755,40,Expected_SARSA,19
1170,90,-0.036567644966637676,0.22863438224294974,0.16666666666666666,0.17777777777777778,755,40,Expected_SARSA,19
1260,90,-0.022746982541444357,0.2400009182105736,0.2,0.3,799,40,Expected_SARSA,19
1350,90,0.060836952727702454,0.31317460418493337,0.24444444444444444,0.2,799,40,Expected_SARSA,19
1440,90,-0.061813323186926575,0.38961844000380996,0.34444444444444444,0.24444444444444444,805,40,Expected_SARSA,19
1530,90,-0.0027446173520865886,0.17681697827922085,0.13333333333333333,0.24444444444444444,812,40,Expected_SARSA,19
1620,90,-0.1869025562251158,0.33190008815426536,0.24444444444444444,0.23333333333333334,812,40,Expected_SARSA,19
1710,90,0.04824968411123384,0.48153456039019915,0.37777777777777777,0.3333333333333333,839,41,Expected_SARSA,19
1800,90,-0.0058512117714199325,0.1540792568382808,0.16666666666666666,0.17777777777777778,839,41,Expected_SARSA,19
1890,90,-0.04100738895851123,0.1836402790667364,0.17777777777777778,0.2111111111111111,839,41,Expected_SARSA,19
1980,90,-0.034237608727264106,0.1748324897374141,0.16666666666666666,0.26666666666666666,913,41,Expected_SARSA,19
2070,90,0.03704785468886395,0.3350453531708511,0.24444444444444444,0.34444444444444444,913,41,Expected_SARSA,19
2160,90,0.033269394528730296,0.47392189769121446,0.35555555555555557,0.36666666666666664,928,41,Expected_SARSA,19
2250,90,-0.041877487554977416,0.4582473684092399,0.24444444444444444,0.26666666666666666,995,41,Expected_SARSA,19
2340,90,-0.07307361402259407,0.36608044315367466,0.2111111111111111,0.23333333333333334,995,41,Expected_SARSA,19
2430,90,-0.11446741257782027,0.446024187185006,0.25555555555555554,0.2222222222222222,995,41,Expected_SARSA,19
2520,90,0.0001640394936180388,0.1506818208267886,0.1,0.13333333333333333,1025,41,Expected_SARSA,19
2610,90,-0.013634911876332565,0.36205951485650983,0.34444444444444444,0.26666666666666666,1025,41,Expected_SARSA,19
2700,90,-0.06960086190638276,0.5416178713504871,0.28888888888888886,0.3111111111111111,1054,41,Expected_SARSA,19
2790,90,0.07560273835196102,0.34516908013610065,0.4222222222222222,0.6777777777777778,1054,41,Expected_SARSA,19
2880,90,-0.06197384660260347,0.18535806415610925,0.15555555555555556,0.28888888888888886,1054,41,Expected_SARSA,19
2970,90,-0.010927040420764316,0.1385201470831307,0.12222222222222222,0.2,1054,41,Expected_SARSA,19
3060,90,0.003853323016561518,0.23161316837888365,0.18888888888888888,0.3333333333333333,1054,41,Expected_SARSA,19
3150,90,-0.06706283565416908,0.3245732613485917,0.32222222222222224,0.3888888888888889,1054,41,Expected_SARSA,19
3240,90,-0.04083321308599377,0.2081664613332538,0.15555555555555556,0.24444444444444444,1054,41,Expected_SARSA,19
3330,90,0.13662116883154468,0.3516808134275144,0.23333333333333334,0.2222222222222222,1054,41,Expected_SARSA,19
3420,90,-0.010475171930838072,0.20151730789393987,0.15555555555555556,0.28888888888888886,1054,41,Expected_SARSA,19
3510,90,0.014243444962785493,0.37786348627937877,0.4444444444444444,0.43333333333333335,1054,41,Expected_SARSA,19
3600,90,0.11518117255654925,0.41266669171931797,0.34444444444444444,0.3,1054,41,Expected_SARSA,19
3690,90,-0.07803048207042272,0.5451846758625271,0.32222222222222224,0.4666666666666667,1054,41,Expected_SARSA,19
3780,90,-0.018158524045608984,0.16746495546497425,0.2222222222222222,0.17777777777777778,1054,41,Expected_SARSA,19
3870,90,-0.012585553519189639,0.3530104519298768,0.34444444444444444,0.5,1054,41,Expected_SARSA,19
3960,90,0.05275871488011922,0.34155726817930215,0.3,0.25555555555555554,1054,41,Expected_SARSA,19
4050,90,0.048816988572311884,0.4334507242478159,0.24444444444444444,0.1111111111111111,1054,41,Expected_SARSA,19
4140,90,-0.054968242593627,0.39049120840288953,0.4,0.2,1054,41,Expected_SARSA,19
4230,90,-0.22516308314030153,0.3912953100963341,0.3,0.2,1054,41,Expected_SARSA,19
4320,90,-0.09089130404471647,0.20836304878026293,0.15555555555555556,0.17777777777777778,1054,41,Expected_SARSA,19
4410,90,0.08841750838474463,0.4391379119072931,0.26666666666666666,0.28888888888888886,1054,41,Expected_SARSA,19
4500,90,0.02624866941127643,0.11627394821837639,0.05555555555555555,0.1111111111111111,1054,41,Expected_SARSA,19
4590,90,-0.002785753574965333,0.4207507155031364,0.36666666666666664,0.5222222222222223,1054,41,Expected_SARSA,19
4680,90,0.03020646354585542,0.25096914684648525,0.13333333333333333,0.1,1054,41,Expected_SARSA,19
4770,90,0.10328496277319782,0.42189435860098995,0.34444444444444444,0.5111111111111111,1054,41,Expected_SARSA,19
4860,90,-0.06231668062651925,0.3750220368138964,0.23333333333333334,0.24444444444444444,1054,41,Expected_SARSA,19
4950,90,0.02777952819510821,0.26614442235289715,0.18888888888888888,0.28888888888888886,1057,41,Expected_SARSA,19
5040,90,-0.061032081900456794,0.23982384379961164,0.2222222222222222,0.4,1057,41,Expected_SARSA,19
5130,90,0.02386081607472872,0.05840907742297396,0.05555555555555555,0.08888888888888889,1057,41,Expected_SARSA,19
5220,90,0.032520979265773596,0.1564557711491553,0.12222222222222222,0.18888888888888888,1057,41,Expected_SARSA,19
5310,90,-0.03022833992823125,0.39938678041548364,0.26666666666666666,0.3888888888888889,1057,41,Expected_SARSA,19
5400,90,0.03028777249784926,0.2977760820653556,0.2,0.37777777777777777,1094,41,Expected_SARSA,19
5490,90,-0.06585775309843449,0.23724529809097797,0.13333333333333333,0.24444444444444444,1105,41,Expected_SARSA,19
5580,90,-0.001050900923291599,0.2911140958987299,0.18888888888888888,0.35555555555555557,1105,41,Expected_SARSA,19
5670,90,-0.06668094055867116,0.24119247647538847,0.14444444444444443,0.2222222222222222,1105,41,Expected_SARSA,19
5760,90,0.0630282084284894,0.6347151270119077,0.4111111111111111,0.6222222222222222,1105,41,Expected_SARSA,19
5850,90,-0.06133483940927713,0.45169271075199036,0.3111111111111111,0.4888888888888889,1105,41,Expected_SARSA,19
5940,90,0.001669726614126619,0.18242373495664113,0.2111111111111111,0.3111111111111111,1105,41,Expected_SARSA,19
6030,90,0.006507638132512608,0.32973768509248647,0.25555555555555554,0.4444444444444444,1105,41,Expected_SARSA,19
6120,90,-0.0561097644947322,0.23536707197397558,0.18888888888888888,0.3111111111111111,1105,41,Expected_SARSA,19
6210,90,0.022469764074504912,0.1795800884628592,0.12222222222222222,0.2,1105,41,Expected_SARSA,19
6300,90,-0.02010957644449504,0.12732500077004175,0.06666666666666667,0.13333333333333333,1105,41,Expected_SARSA,19
6390,90,-0.09348143244029422,0.2720619346165227,0.14444444444444443,0.24444444444444444,1105,41,Expected_SARSA,19
6480,90,-0.02942555909569443,0.16847919318257254,0.14444444444444443,0.26666666666666666,1105,41,Expected_SARSA,19
6570,90,0.026665543217192476,0.3555063659455811,0.18888888888888888,0.28888888888888886,1105,41,Expected_SARSA,19
6660,90,0.023029493299739235,0.21526327276738585,0.14444444444444443,0.2222222222222222,1105,41,Expected_SARSA,19
6750,90,0.025233112643271306,0.20823079366826341,0.17777777777777778,0.17777777777777778,1105,41,Expected_SARSA,19
6840,90,-0.06952352717442728,0.2985876344190838,0.15555555555555556,0.26666666666666666,1105,41,Expected_SARSA,19
6930,90,-0.003245996583316539,0.21417977432650204,0.15555555555555556,0.1111111111111111,1105,41,Expected_SARSA,19
7020,90,0.004206944519649057,0.20849717339040955,0.15555555555555556,0.17777777777777778,1116,41,Expected_SARSA,19
7110,90,0.04859859069368047,0.17937442172094964,0.13333333333333333,0.2222222222222222,1116,41,Expected_SARSA,19
7200,90,0.014877538370801652,0.12177122605864196,0.08888888888888889,0.15555555555555556,1116,41,Expected_SARSA,19
7290,90,-0.013399916895011854,0.13705664213566313,0.12222222222222222,0.2,1116,41,Expected_SARSA,19
7380,90,-0.1049705132188957,0.31462662118175294,0.13333333333333333,0.24444444444444444,1116,41,Expected_SARSA,19
7470,90,-0.08567036428633591,0.3287556684929349,0.3111111111111111,0.17777777777777778,1116,41,Expected_SARSA,19
7560,90,-0.05255076826463408,0.21747156548668917,0.17777777777777778,0.3333333333333333,1116,41,Expected_SARSA,19
7650,90,-0.09781870381139958,0.23543168134325998,0.16666666666666666,0.2,1116,41,Expected_SARSA,19
7740,90,-0.00885343565889636,0.21875043883295686,0.17777777777777778,0.17777777777777778,1116,41,Expected_SARSA,19
7830,90,-0.012479371986833104,0.0949347630543734,0.06666666666666667,0.13333333333333333,1116,41,Expected_SARSA,19
7920,90,-0.03614255247332561,0.21050597661645348,0.16666666666666666,0.24444444444444444,1116,41,Expected_SARSA,19
8010,90,-0.059713737335377284,0.10976659804109479,0.1,0.15555555555555556,1116,41,Expected_SARSA,19
8100,90,0.018508436190876783,0.49591831592710134,0.3333333333333333,0.28888888888888886,1116,41,Expected_SARSA,19
8190,90,0.04515964932448312,0.20696230270849508,0.14444444444444443,0.2222222222222222,1116,41,Expected_SARSA,19
8280,90,-0.060096714463953343,0.18306779761555572,0.16666666666666666,0.3333333333333333,1116,41,Expected_SARSA,19
8370,90,-0.033272721136966416,0.19611928957268596,0.14444444444444443,0.24444444444444444,1116,41,Expected_SARSA,19
8460,90,0.019267437122942037,0.06299040611585649,0.044444444444444446,0.06666666666666667,1116,41,Expected_SARSA,19
8550,90,-0.050322888880285306,0.2050124859303029,0.13333333333333333,0.18888888888888888,1116,41,Expected_SARSA,19
8640,90,0.07796297564603244,0.14355374701324555,0.06666666666666667,0.13333333333333333,1116,41,Expected_SARSA,19
8730,90,-0.03474235344054018,0.1142760459471289,0.13333333333333333,0.2,1116,41,Expected_SARSA,19
8820,90,-0.09381239552815382,0.37398374891490793,0.2111111111111111,0.3333333333333333,1116,41,Expected_SARSA,19
8910,90,0.06234185731097849,0.18377428162645448,0.2111111111111111,0.16666666666666666,1116,41,Expected_SARSA,19
9000,90,-0.10955037130481501,0.6061561322755683,0.5,0.4222222222222222,1116,41,Expected_SARSA,19
9090,90,-0.0382194747105549,0.1839783864186736,0.13333333333333333,0.2222222222222222,1116,41,Expected_SARSA,19
9180,90,-0.026693042936778957,0.09668233371356799,0.06666666666666667,0.13333333333333333,1116,41,Expected_SARSA,19
9270,90,-0.003696467506317791,0.14889462824542593,0.23333333333333334,0.1111111111111111,1116,41,Expected_SARSA,19
9360,90,-0.038403560014317224,0.1040942921221588,0.1111111111111111,0.2,1116,41,Expected_SARSA,19
9450,90,-0.011707409948452829,0.11877624741766003,0.1,0.18888888888888888,1116,41,Expected_SARSA,19
9540,90,-0.014304304668160175,0.1274126220833505,0.16666666666666666,0.2,1116,41,Expected_SARSA,19
9630,90,0.04021853653826909,0.14150011453276562,0.07777777777777778,0.13333333333333333,1116,41,Expected_SARSA,19
9720,90,0.01372378006918606,0.11921595745959844,0.08888888888888889,0.17777777777777778,1116,41,Expected_SARSA,19
9810,90,-0.018767206590759172,0.09459149063308728,0.1,0.15555555555555556,1116,41,Expected_SARSA,19
9900,90,0.0025107404411043133,0.0513748265554244,0.07777777777777778,0.15555555555555556,1116,41,Expected_SARSA,19
9990,90,-0.008710367574235687,0.1714662039292213,0.15555555555555556,0.23333333333333334,1116,41,Expected_SARSA,19
10080,90,0.12553717770216938,0.1580797856522275,0.05555555555555555,0.08888888888888889,1116,41,Expected_SARSA,19
10170,90,0.001094585063083144,0.07076573679320604,0.07777777777777778,0.13333333333333333,1116,41,Expected_SARSA,19
10260,90,0.005545696243724101,0.10909788660164706,0.1,0.06666666666666667,1116,41,Expected_SARSA,19
10350,90,0.10588052446399072,0.2196501698825992,0.15555555555555556,0.2,1116,41,Expected_SARSA,19
10440,90,-0.006050816277941526,0.06890817826561461,0.03333333333333333,0.06666666666666667,1116,41,Expected_SARSA,19
10530,90,0.020149123682498903,0.2119877600847055,0.15555555555555556,0.28888888888888886,1116,41,Expected_SARSA,19
10620,90,-0.01472741390826724,0.4376227586592511,0.26666666666666666,0.3,1116,41,Expected_SARSA,19
10710,90,-0.08361146938148244,0.3207886701022284,0.3111111111111111,0.13333333333333333,1116,41,Expected_SARSA,19
10800,90,0.06176396681630726,0.14543872751496462,0.1,0.15555555555555556,1116,41,Expected_SARSA,19
10890,90,0.16089538957888191,0.22598613612971702,0.05555555555555555,0.1111111111111111,1116,41,Expected_SARSA,19
10980,90,0.15059995369979645,0.3849862922986863,0.36666666666666664,0.35555555555555557,1116,41,Expected_SARSA,19
11070,90,-0.058758757581033424,0.43697015939727424,0.32222222222222224,0.3,1116,41,Expected_SARSA,19
11160,90,-0.04892697055808286,0.09275760407613058,0.07777777777777778,0.13333333333333333,1116,41,Expected_SARSA,19
11250,90,0.18888440518409663,0.2402749635816619,0.16666666666666666,0.15555555555555556,1116,41,Expected_SARSA,19
11340,90,-0.00353553064504222,0.11696932258145036,0.08888888888888889,0.08888888888888889,1116,41,Expected_SARSA,19
11430,90,0.06739542168433638,0.22586167765599371,0.12222222222222222,0.2,1116,41,Expected_SARSA,19
11520,90,-0.05519378286271197,0.13809909831967654,0.07777777777777778,0.06666666666666667,1116,41,Expected_SARSA,19
11610,90,-0.010162596819864768,0.18052772110069665,0.14444444444444443,0.17777777777777778,1116,41,Expected_SARSA,19
11700,90,-0.0005822712043293537,0.31185235365216235,0.2777777777777778,0.4,1116,41,Expected_SARSA,19
11790,90,-0.0661217799866102,0.2256985577876307,0.2222222222222222,0.2111111111111111,1116,41,Expected_SARSA,19
11880,90,0.02236326276720966,0.2706888950246691,0.2111111111111111,0.15555555555555556,1116,41,Expected_SARSA,19
11970,90,0.06490608549263469,0.1165040819494416,0.07777777777777778,0.13333333333333333,1116,41,Expected_SARSA,19
12060,90,0.06322628906323123,0.27297258274021635,0.28888888888888886,0.17777777777777778,1116,41,Expected_SARSA,19
12150,90,0.14169381910003537,0.29236616992793557,0.3,0.18888888888888888,1116,41,Expected_SARSA,19
12240,90,0.18017494805165477,0.396130270889203,0.34444444444444444,0.18888888888888888,1116,41,Expected_SARSA,19
12330,90,0.044016802583821006,0.18855244407409427,0.16666666666666666,0.17777777777777778,1116,41,Expected_SARSA,19
12420,90,0.15555685521547163,0.4427182151287195,0.35555555555555557,0.17777777777777778,1116,41,Expected_SARSA,19
12510,90,0.05266492497530084,0.27222710526539046,0.2111111111111111,0.2222222222222222,1116,41,Expected_SARSA,19
12600,90,0.058071916647383225,0.2887701254545191,0.24444444444444444,0.26666666666666666,1116,41,Expected_SARSA,19
12690,90,-0.09027946101790128,0.40014245881450355,0.28888888888888886,0.4222222222222222,1116,41,Expected_SARSA,19
12780,90,-0.10262158373833567,0.23870682927965162,0.13333333333333333,0.15555555555555556,1116,41,Expected_SARSA,19
12870,90,0.22158487546519778,0.3455403102260402,0.24444444444444444,0.1,1116,41,Expected_SARSA,19
12960,90,0.10880690472058482,0.29433952806488495,0.17777777777777778,0.28888888888888886,1116,41,Expected_SARSA,19
13050,90,0.005513320086073896,0.30963866956182146,0.2222222222222222,0.3333333333333333,1116,41,Expected_SARSA,19
13140,90,-0.039941103610076106,0.1399564517553577,0.1111111111111111,0.14444444444444443,1116,41,Expected_SARSA,19
13230,90,0.00951224302470645,0.05083873839204793,0.044444444444444446,0.06666666666666667,1116,41,Expected_SARSA,19
13320,90,0.024037860154299297,0.15020031164560052,0.07777777777777778,0.1111111111111111,1116,41,Expected_SARSA,19
13410,90,0.09339818711579412,0.26682913074166115,0.14444444444444443,0.26666666666666666,1116,41,Expected_SARSA,19
13500,90,-0.0751507194132825,0.22252755457537296,0.16666666666666666,0.3333333333333333,1116,41,Expected_SARSA,19
13590,90,-0.047160255999014834,0.14963939595814635,0.1111111111111111,0.05555555555555555,1116,41,Expected_SARSA,19
13680,90,0.028253502999768754,0.19825191174792509,0.23333333333333334,0.2,1116,41,Expected_SARSA,19
13770,90,-0.016381000178228917,0.276862611132583,0.2,0.15555555555555556,1116,41,Expected_SARSA,19
13860,90,0.009278501465370551,0.16615266548412516,0.16666666666666666,0.06666666666666667,1116,41,Expected_SARSA,19
13950,90,0.05465260584228825,0.194323456568264,0.12222222222222222,0.1111111111111111,1116,41,Expected_SARSA,19
14040,90,-0.0017052470714938501,0.20195449819987513,0.12222222222222222,0.13333333333333333,1116,41,Expected_SARSA,19
14130,90,0.03398660573103193,0.20413050586215367,0.16666666666666666,0.17777777777777778,1116,41,Expected_SARSA,19
14220,90,-0.009202700318304837,0.09404530859917926,0.07777777777777778,0.1111111111111111,1116,41,Expected_SARSA,19
14310,90,0.00914768575629124,0.13906070472467366,0.07777777777777778,0.1111111111111111,1116,41,Expected_SARSA,19
14400,90,0.009062656015568835,0.16933847522837464,0.13333333333333333,0.1111111111111111,1116,41,Expected_SARSA,19
14490,90,0.05448816986387677,0.1711972005954883,0.14444444444444443,0.1111111111111111,1116,41,Expected_SARSA,19
14580,90,0.08870434512512403,0.17715435244670277,0.16666666666666666,0.24444444444444444,1116,41,Expected_SARSA,19
14670,90,0.04154639629513917,0.2054180626526397,0.2111111111111111,0.24444444444444444,1116,41,Expected_SARSA,19
14760,90,-0.0724578853028827,0.26467682255106556,0.2,0.24444444444444444,1116,41,Expected_SARSA,19
14850,90,-0.023163088573696,0.16677796231832487,0.13333333333333333,0.2,1116,41,Expected_SARSA,19
14940,90,-0.04038869458281863,0.1664364831675335,0.14444444444444443,0.16666666666666666,1116,41,Expected_SARSA,19
15030,90,-0.06533962853310073,0.11598428887901478,0.1111111111111111,0.1111111111111111,1116,41,Expected_SARSA,19
15120,90,0.014190823705372507,0.16521888544259047,0.1111111111111111,0.15555555555555556,1116,41,Expected_SARSA,19
15210,90,0.011172393984422059,0.2352245537065807,0.12222222222222222,0.13333333333333333,1131,41,Expected_SARSA,19
15300,90,0.11324262958399053,0.2544321544375443,0.16666666666666666,0.15555555555555556,1134,41,Expected_SARSA,19
15390,90,0.007493196826813235,0.10530674785800555,0.07777777777777778,0.15555555555555556,1134,41,Expected_SARSA,19
15480,90,0.011924046317620136,0.18263181117889912,0.12222222222222222,0.13333333333333333,1134,41,Expected_SARSA,19
15570,90,-0.009368310703282859,0.1032966146318106,0.08888888888888889,0.1111111111111111,1134,41,Expected_SARSA,19
15660,90,-0.10163718970184919,0.2783124568883495,0.12222222222222222,0.24444444444444444,1134,41,Expected_SARSA,19
15750,90,0.038936715895743455,0.14118669893197522,0.1,0.06666666666666667,1134,41,Expected_SARSA,19
15840,90,-0.009959806238892048,0.025998546270335553,0.011111111111111112,0.022222222222222223,1134,41,Expected_SARSA,19
15930,90,-0.004046473929433623,0.0926348117142676,0.07777777777777778,0.08888888888888889,1134,41,Expected_SARSA,19
16020,90,0.03935132174870297,0.18679650860542985,0.26666666666666666,0.06666666666666667,1134,41,Expected_SARSA,19
16110,90,0.08623744632505398,0.15908173633036732,0.08888888888888889,0.1111111111111111,1134,41,Expected_SARSA,19
16200,90,0.0027918445948286854,0.15495051400599133,0.14444444444444443,0.08888888888888889,1134,41,Expected_SARSA,19
16290,90,-0.005546399197663094,0.23184203825582522,0.16666666666666666,0.12222222222222222,1134,41,Expected_SARSA,19
16380,90,0.027302096882074908,0.11304408563806267,0.1,0.13333333333333333,1134,41,Expected_SARSA,19
16470,90,-0.023574150239106462,0.45818712184422616,0.43333333333333335,0.3111111111111111,1134,41,Expected_SARSA,19
16560,90,-0.09751805296214774,0.3890041797482132,0.4,0.5555555555555556,1134,41,Expected_SARSA,19
16650,90,-0.011153108761362687,0.1091046400644835,0.1,0.1,1134,41,Expected_SARSA,19
16740,90,-0.06452584996866033,0.2482080672366439,0.24444444444444444,0.17777777777777778,1134,41,Expected_SARSA,19
16830,90,0.047632131718390286,0.1339406833274497,0.06666666666666667,0.1111111111111111,1134,41,Expected_SARSA,19
16920,90,-0.05861983695686593,0.10249057009721471,0.1,0.12222222222222222,1134,41,Expected_SARSA,19
17010,90,-0.05708565564963405,0.14505101715825086,0.08888888888888889,0.15555555555555556,1134,41,Expected_SARSA,19
17100,90,0.01764450810687951,0.07979398251780731,0.08888888888888889,0.13333333333333333,1134,41,Expected_SARSA,19
17190,90,-0.013142065759809092,0.08109789128330129,0.03333333333333333,0.06666666666666667,1134,41,Expected_SARSA,19
17280,90,0.025512099829055297,0.1527425160719845,0.1,0.14444444444444443,1134,41,Expected_SARSA,19
17370,90,0.002718123234612459,0.020890120287575475,0.022222222222222223,0.044444444444444446,1134,41,Expected_SARSA,19
17460,90,0.006365675435256267,0.06674839185733267,0.05555555555555555,0.08888888888888889,1134,41,Expected_SARSA,19
17550,90,0.07732604290640342,0.14324209437396743,0.06666666666666667,0.06666666666666667,1134,41,Expected_SARSA,19
17640,90,-0.024276423544855937,0.2500626302013372,0.1111111111111111,0.17777777777777778,1134,41,Expected_SARSA,19
17730,90,0.03891188015129874,0.16137377424427163,0.08888888888888889,0.1,1134,41,Expected_SARSA,19
17820,90,0.006444787181066743,0.14069952728706855,0.13333333333333333,0.022222222222222223,1134,41,Expected_SARSA,19
17910,90,-0.012004225099277994,0.09990031816990998,0.044444444444444446,0.06666666666666667,1134,41,Expected_SARSA,19
18000,90,-0.0944902048824643,0.15437499978206257,0.12222222222222222,0.17777777777777778,1134,41,Expected_SARSA,19
18090,90,-0.027693162506699048,0.05119922509582347,0.044444444444444446,0.08888888888888889,1134,41,Expected_SARSA,19
18180,90,0.005406706898555695,0.03758202774742355,0.011111111111111112,0.022222222222222223,1134,41,Expected_SARSA,19
18270,90,-0.009473738426816012,0.167224366894959,0.08888888888888889,0.06666666666666667,1134,41,Expected_SARSA,19
18360,90,-0.006952180945483688,0.12164090038133586,0.07777777777777778,0.06666666666666667,1134,41,Expected_SARSA,19
18450,90,0.13208918802717207,0.29617996609970526,0.17777777777777778,0.13333333333333333,1134,41,Expected_SARSA,19
18540,90,-0.038299608063224445,0.11852078814082694,0.05555555555555555,0.06666666666666667,1134,41,Expected_SARSA,19
18630,90,-0.0419541321819714,0.4264778291287695,0.28888888888888886,0.3111111111111111,1134,42,Expected_SARSA,19
18720,90,-0.1036784336421556,0.14233861831784458,0.15555555555555556,0.1111111111111111,1134,42,Expected_SARSA,19
18810,90,-0.003963847389513881,0.10517070101589111,0.07777777777777778,0.15555555555555556,1134,42,Expected_SARSA,19
18900,90,-0.08115330768162424,0.1327456137821971,0.05555555555555555,0.1111111111111111,1134,42,Expected_SARSA,19
18990,90,-0.031360768144970276,0.04007609517934033,0.03333333333333333,0.06666666666666667,1134,42,Expected_SARSA,19
19080,90,0.022978468821875986,0.12804846993124247,0.07777777777777778,0.1111111111111111,1134,42,Expected_SARSA,19
19170,90,0.008511383698543342,0.16441020315171653,0.1,0.08888888888888889,1134,42,Expected_SARSA,19
19260,90,-0.008041897680505592,0.15478693244047814,0.15555555555555556,0.26666666666666666,1134,42,Expected_SARSA,19
19350,90,0.0669697659247276,0.2316695776433743,0.17777777777777778,0.15555555555555556,1134,42,Expected_SARSA,19
19440,90,-0.09892287036181216,0.22260643008637018,0.14444444444444443,0.15555555555555556,1134,42,Expected_SARSA,19
19530,90,-0.0627247278440867,0.11095041698351393,0.16666666666666666,0.15555555555555556,1134,42,Expected_SARSA,19
19620,90,0.011966381503540527,0.03514434547886786,0.011111111111111112,0.022222222222222223,1134,42,Expected_SARSA,19
19710,90,0.00743085330443771,0.06199001288363891,0.06666666666666667,0.08888888888888889,1134,42,Expected_SARSA,19
19800,90,-0.008230369716065502,0.1731292058444167,0.08888888888888889,0.1111111111111111,1134,42,Expected_SARSA,19
19890,90,0.15124257916279743,0.24333922212272643,0.15555555555555556,0.18888888888888888,1134,42,Expected_SARSA,19
19980,90,0.05846105432553677,0.1194036747775997,0.13333333333333333,0.2222222222222222,1134,42,Expected_SARSA,19
20070,90,-0.027643401693898815,0.18677863488107388,0.05555555555555555,0.08888888888888889,1134,42,Expected_SARSA,19
20160,90,0.013357964304853833,0.1374671742948059,0.16666666666666666,0.17777777777777778,1134,42,Expected_SARSA,19
20250,90,-0.038247030384530305,0.18053617464030103,0.2111111111111111,0.3,1134,42,Expected_SARSA,19
20340,90,-0.01007956074831618,0.07854735821116751,0.044444444444444446,0.08888888888888889,1134,42,Expected_SARSA,19
20430,90,0.009649849896750011,0.19175263821058483,0.18888888888888888,0.2,1134,42,Expected_SARSA,19
20520,90,0.019768401993510445,0.07921609609468243,0.07777777777777778,0.1111111111111111,1134,42,Expected_SARSA,19
20610,90,-0.05046398918553415,0.20644321448975708,0.15555555555555556,0.14444444444444443,1134,42,Expected_SARSA,19
20700,90,-0.11387856709305008,0.30499542166689186,0.28888888888888886,0.08888888888888889,1134,42,Expected_SARSA,19
20790,90,-0.02842463853295363,0.17276565113138867,0.14444444444444443,0.15555555555555556,1134,42,Expected_SARSA,19
20880,90,0.0006120624177098176,0.03793143235337233,0.03333333333333333,0.044444444444444446,1134,42,Expected_SARSA,19
20970,90,0.03865275460676453,0.08517150092441662,0.03333333333333333,0.06666666666666667,1134,42,Expected_SARSA,19
21060,90,0.04541946211266033,0.07306096958123758,0.05555555555555555,0.1111111111111111,1134,42,Expected_SARSA,19
21150,90,-0.03104414980230483,0.13918525746072197,0.12222222222222222,0.07777777777777778,1134,42,Expected_SARSA,19
21240,90,-0.05866048405805143,0.254405823954762,0.2222222222222222,0.13333333333333333,1134,42,Expected_SARSA,19
21330,90,-0.08611735768904433,0.21198582020571538,0.2222222222222222,0.23333333333333334,1134,42,Expected_SARSA,19
21420,90,-0.050559096044396235,0.18227133432563328,0.18888888888888888,0.23333333333333334,1134,42,Expected_SARSA,19
21510,90,0.11058253725407922,0.17494583504838596,0.05555555555555555,0.07777777777777778,1134,42,Expected_SARSA,19
21600,90,0.2142652875357357,0.560487924636097,0.18888888888888888,0.35555555555555557,1134,42,Expected_SARSA,19
21690,90,-0.004342156856755591,0.2192184993872158,0.15555555555555556,0.28888888888888886,1134,42,Expected_SARSA,19
21780,90,-0.05292221608938252,0.23976723310436576,0.1,0.15555555555555556,1134,42,Expected_SARSA,19
21870,90,0.0667350443883855,0.09113758552739241,0.03333333333333333,0.06666666666666667,1134,42,Expected_SARSA,19
21960,90,-0.0033677510116400006,0.036535215457444745,0.011111111111111112,0.022222222222222223,1134,42,Expected_SARSA,19
22050,90,0.08747706891104476,0.1688929774589239,0.1111111111111111,0.16666666666666666,1134,42,Expected_SARSA,19
22140,90,-0.009942146557949642,0.05680176288275468,0.06666666666666667,0.13333333333333333,1134,42,Expected_SARSA,19
22230,90,-0.010968673751497847,0.0884241200354743,0.05555555555555555,0.1,1134,42,Expected_SARSA,19
22320,90,-0.017227061829955804,0.0848225325369055,0.05555555555555555,0.08888888888888889,1134,42,Expected_SARSA,19
22410,90,-0.014689822857063037,0.08620542875665545,0.044444444444444446,0.06666666666666667,1134,42,Expected_SARSA,19
22500,90,0.09430755226119264,0.23615885293872105,0.12222222222222222,0.06666666666666667,1134,42,Expected_SARSA,19
22590,90,-0.005552380337970061,0.04251533983739905,0.03333333333333333,0.06666666666666667,1134,42,Expected_SARSA,19
22680,90,0.009054042125426454,0.061671659923508385,0.05555555555555555,0.1111111111111111,1134,42,Expected_SARSA,19
22770,90,0.0008608682609055735,0.01500181694492749,0.011111111111111112,0.022222222222222223,1134,42,Expected_SARSA,19
22860,90,-0.07139763120238067,0.10307807012105676,0.022222222222222223,0.044444444444444446,1134,42,Expected_SARSA,19
22950,90,-0.0442380430029286,0.2225729696883847,0.26666666666666666,0.1111111111111111,1134,42,Expected_SARSA,19
23040,90,-0.014542025407574686,0.07075435603481703,0.044444444444444446,0.06666666666666667,1134,42,Expected_SARSA,19
23130,90,0.031372360338473,0.12041431088074954,0.05555555555555555,0.06666666666666667,1134,42,Expected_SARSA,19
23220,90,-0.023526630467459942,0.04284452425223823,0.03333333333333333,0.06666666666666667,1134,42,Expected_SARSA,19
23310,90,0.018874204777723197,0.10483548771683715,0.1,0.06666666666666667,1134,42,Expected_SARSA,19
23400,90,0.012155100378402688,0.07517202976416318,0.06666666666666667,0.1111111111111111,1134,42,Expected_SARSA,19
23490,90,-0.08785463019438951,0.14065967067878907,0.05555555555555555,0.08888888888888889,1134,42,Expected_SARSA,19
23580,90,-0.03693501788373739,0.053121236059689485,0.05555555555555555,0.1111111111111111,1134,42,Expected_SARSA,19
23670,90,-0.014826608813567763,0.07052142516416944,0.05555555555555555,0.08888888888888889,1134,42,Expected_SARSA,19
23760,90,0.003952042639531875,0.07726583980725978,0.03333333333333333,0.06666666666666667,1134,42,Expected_SARSA,19
23850,90,-0.010832015463528024,0.028970681195711005,0.022222222222222223,0.044444444444444446,1134,42,Expected_SARSA,19
23940,90,-0.00022172269022517404,0.052687593179756714,0.044444444444444446,0.06666666666666667,1134,42,Expected_SARSA,19
24000,60,-0.001363061385846933,0.04384768285718597,0.016666666666666666,0.03333333333333333,1134,42,Expected_SARSA,19
90,90,-0.12738586319466397,0.5835593243862766,0.36666666666666664,0.4111111111111111,90,19,Expected_SARSA,43
180,90,0.003448793170648676,0.348067332367604,0.4111111111111111,0.35555555555555557,180,24,Expected_SARSA,43
270,90,-0.0151648009095727,0.44197747740172455,0.4444444444444444,0.4777777777777778,270,26,Expected_SARSA,43
360,90,-0.07266721905295027,0.4167513994223663,0.28888888888888886,0.5222222222222223,360,26,Expected_SARSA,43
450,90,0.011642010146705569,0.3389841708384462,0.2222222222222222,0.35555555555555557,361,27,Expected_SARSA,43
540,90,-0.02120132045420378,0.1601079124675037,0.1111111111111111,0.17777777777777778,412,28,Expected_SARSA,43
630,90,0.0820422078549646,0.262691545650062,0.12222222222222222,0.2111111111111111,502,32,Expected_SARSA,43
720,90,-0.0612334936064049,0.3894433725210115,0.2,0.26666666666666666,517,33,Expected_SARSA,43
810,90,0.022582625367987857,0.22787046947421055,0.16666666666666666,0.2222222222222222,550,34,Expected_SARSA,43
900,90,0.08480424314101954,0.2572380517380956,0.26666666666666666,0.3333333333333333,640,34,Expected_SARSA,43
990,90,0.10162813477035496,0.3022392375397915,0.24444444444444444,0.32222222222222224,669,34,Expected_SARSA,43
1080,90,0.19849767791466708,0.46538862145123294,0.4111111111111111,0.3111111111111111,680,34,Expected_SARSA,43
1170,90,0.055615172742565014,0.315813307361888,0.2777777777777778,0.3888888888888889,684,34,Expected_SARSA,43
1260,90,-0.04495195544323617,0.46544114282652826,0.3,0.3111111111111111,774,35,Expected_SARSA,43
1350,90,-0.03529187186518435,0.27240629716882786,0.25555555555555554,0.4222222222222222,774,35,Expected_SARSA,43
1440,90,-0.01673146024899117,0.23800439395009257,0.3111111111111111,0.4222222222222222,774,35,Expected_SARSA,43
1530,90,0.007172879600382869,0.32238112123619916,0.17777777777777778,0.2777777777777778,774,35,Expected_SARSA,43
1620,90,0.025796352537052543,0.3475177171396355,0.3111111111111111,0.4222222222222222,774,36,Expected_SARSA,43
1710,90,-0.08559583218649686,0.384319604811345,0.25555555555555554,0.4222222222222222,779,37,Expected_SARSA,43
1800,90,-0.0012897134800590275,0.2346806445792094,0.2222222222222222,0.26666666666666666,803,37,Expected_SARSA,43
1890,90,-0.07192531224972439,0.4407123212256252,0.35555555555555557,0.37777777777777777,804,37,Expected_SARSA,43
1980,90,-0.03927459174008455,0.2194157041609549,0.18888888888888888,0.2222222222222222,804,37,Expected_SARSA,43
2070,90,-0.023309049285756927,0.25069054351568526,0.12222222222222222,0.15555555555555556,804,38,Expected_SARSA,43
2160,90,-0.012795618205041926,0.26096878314975225,0.16666666666666666,0.24444444444444444,894,40,Expected_SARSA,43
2250,90,0.09398115822933649,0.4208328827022093,0.3888888888888889,0.2222222222222222,904,40,Expected_SARSA,43
2340,90,-0.047277112402436886,0.34320295056386596,0.24444444444444444,0.3111111111111111,965,41,Expected_SARSA,43
2430,90,0.11624232983914771,0.3396470611042576,0.25555555555555554,0.4,965,41,Expected_SARSA,43
2520,90,0.008107792321458692,0.30220892361372775,0.28888888888888886,0.2222222222222222,972,41,Expected_SARSA,43
2610,90,-0.011358191274676408,0.4476477536996588,0.23333333333333334,0.4444444444444444,972,41,Expected_SARSA,43
2700,90,-0.09686853397914509,0.5252913821416021,0.45555555555555555,0.4666666666666667,984,42,Expected_SARSA,43
2790,90,0.02325378646533853,0.23373470511082933,0.2222222222222222,0.18888888888888888,985,42,Expected_SARSA,43
2880,90,-0.15143629761510286,0.8877985108969553,0.37777777777777777,0.5777777777777777,989,42,Expected_SARSA,43
2970,90,0.08268107802731225,0.23393307254254211,0.18888888888888888,0.2,989,42,Expected_SARSA,43
3060,90,-0.021104430833748182,0.19992413996785818,0.12222222222222222,0.16666666666666666,989,42,Expected_SARSA,43
3150,90,0.1650067813641699,0.43159631929084563,0.36666666666666664,0.26666666666666666,989,42,Expected_SARSA,43
3240,90,0.004397272011263142,0.48407303186612977,0.45555555555555555,0.2777777777777778,989,42,Expected_SARSA,43
3330,90,-0.025494499017086013,0.5945785642143442,0.4444444444444444,0.5333333333333333,989,42,Expected_SARSA,43
3420,90,0.13546027861321755,0.42431143967557955,0.24444444444444444,0.32222222222222224,989,42,Expected_SARSA,43
3510,90,-0.013913892011050762,0.8120717178413855,0.6333333333333333,0.43333333333333335,989,42,Expected_SARSA,43
3600,90,-0.014232628764993229,0.36903370368415317,0.25555555555555554,0.3,989,42,Expected_SARSA,43
3690,90,-0.0986502895353325,0.3518526012936032,0.2222222222222222,0.3,1010,42,Expected_SARSA,43
3780,90,0.13326411147634884,0.3438947082006413,0.25555555555555554,0.37777777777777777,1010,42,Expected_SARSA,43
3870,90,-0.06926084296764502,0.320457796074272,0.2222222222222222,0.3333333333333333,1010,42,Expected_SARSA,43
3960,90,0.04237631309454735,0.38015168881874234,0.25555555555555554,0.4,1010,42,Expected_SARSA,43
4050,90,0.046173333429932205,0.23671010075307114,0.2111111111111111,0.37777777777777777,1010,42,Expected_SARSA,43
4140,90,0.07530396537504584,0.5619153797369608,0.3333333333333333,0.4,1010,42,Expected_SARSA,43
4230,90,0.01267516647197297,0.17863148114571065,0.16666666666666666,0.15555555555555556,1010,42,Expected_SARSA,43
4320,90,-0.009893232746776186,0.3056463270577091,0.2222222222222222,0.17777777777777778,1010,42,Expected_SARSA,43
4410,90,0.14140559537837963,0.4033262840355305,0.3333333333333333,0.2222222222222222,1042,42,Expected_SARSA,43
4500,90,-0.04069540823896222,0.23114024023742116,0.12222222222222222,0.2222222222222222,1042,42,Expected_SARSA,43
4590,90,-0.0036564549228098103,0.2525471476418384,0.18888888888888888,0.24444444444444444,1042,42,Expected_SARSA,43
4680,90,0.01010037320269246,0.3444723304996854,0.3888888888888889,0.4222222222222222,1042,42,Expected_SARSA,43
4770,90,0.09891484726085192,0.264545446937745,0.17777777777777778,0.2,1042,42,Expected_SARSA,43
4860,90,0.014491431433658995,0.2849552351616825,0.2111111111111111,0.23333333333333334,1042,42,Expected_SARSA,43
4950,90,-0.0808853995727188,0.3428845095100449,0.2222222222222222,0.2222222222222222,1042,42,Expected_SARSA,43
5040,90,-0.018062108127409552,0.1432542392386432,0.14444444444444443,0.13333333333333333,1050,42,Expected_SARSA,43
5130,90,0.006672325257399479,0.4947584547136526,0.35555555555555557,0.4666666666666667,1050,42,Expected_SARSA,43
5220,90,-0.03656552794492692,0.20718018625382004,0.17777777777777778,0.26666666666666666,1061,42,Expected_SARSA,43
5310,90,-0.011438169916134873,0.42186295926681344,0.3111111111111111,0.28888888888888886,1061,42,Expected_SARSA,43
5400,90,-0.025304309786324426,0.2638997042390016,0.18888888888888888,0.3111111111111111,1061,42,Expected_SARSA,43
5490,90,0.07547478338791463,0.3090109616442858,0.18888888888888888,0.26666666666666666,1061,42,Expected_SARSA,43
5580,90,-0.03058466364950137,0.24969319038234364,0.13333333333333333,0.24444444444444444,1061,42,Expected_SARSA,43
5670,90,-0.03423700377958883,0.10832600605695344,0.044444444444444446,0.08888888888888889,1061,42,Expected_SARSA,43
5760,90,0.02801477429737926,0.14671655109317383,0.07777777777777778,0.15555555555555556,1061,42,Expected_SARSA,43
5850,90,0.1315712655122108,0.20203570476453483,0.1,0.13333333333333333,1075,42,Expected_SARSA,43
5940,90,-0.09033980973045473,0.24979971398506862,0.2,0.17777777777777778,1075,42,Expected_SARSA,43
6030,90,0.14859212203760172,0.27395325262720965,0.17777777777777778,0.2777777777777778,1075,42,Expected_SARSA,43
6120,90,-0.0060759700533480785,0.26445494125710545,0.18888888888888888,0.3111111111111111,1075,42,Expected_SARSA,43
6210,90,0.02030122747010359,0.20606267741811232,0.17777777777777778,0.24444444444444444,1075,42,Expected_SARSA,43
6300,90,0.09178542065130227,0.3919320780528514,0.26666666666666666,0.4666666666666667,1075,42,Expected_SARSA,43
6390,90,-0.0063644547191084155,0.46944321010003187,0.4222222222222222,0.3333333333333333,1075,42,Expected_SARSA,43
6480,90,-0.10772057612234551,0.46837886837217446,0.3333333333333333,0.28888888888888886,1075,42,Expected_SARSA,43
6570,90,-0.08314883362608308,0.5112030926122562,0.35555555555555557,0.5666666666666667,1075,42,Expected_SARSA,43
6660,90,0.033628635531970666,0.17363152827972955,0.12222222222222222,0.17777777777777778,1075,42,Expected_SARSA,43
6750,90,0.0077209335949563855,0.11532117685350463,0.16666666666666666,0.28888888888888886,1075,42,Expected_SARSA,43
6840,90,-0.0795125666874249,0.35144732085676555,0.2777777777777778,0.3888888888888889,1075,42,Expected_SARSA,43
6930,90,0.1248998665191573,0.4251580265667311,0.3333333333333333,0.2222222222222222,1075,42,Expected_SARSA,43
7020,90,0.14939250763748163,0.1909493380986991,0.12222222222222222,0.13333333333333333,1099,42,Expected_SARSA,43
7110,90,0.10918463635996506,0.2760559634054,0.2111111111111111,0.37777777777777777,1099,42,Expected_SARSA,43
7200,90,0.021161197191136974,0.3295083496737481,0.2,0.2222222222222222,1136,42,Expected_SARSA,43
7290,90,-0.014538818728491516,0.2370645148123648,0.16666666666666666,0.2,1136,42,Expected_SARSA,43
7380,90,-0.00851587175210182,0.18182183329927434,0.12222222222222222,0.13333333333333333,1136,42,Expected_SARSA,43
7470,90,-0.17532727506119625,0.62920197572791,0.43333333333333335,0.35555555555555557,1136,42,Expected_SARSA,43
7560,90,0.007816710710324972,0.22121234403334392,0.12222222222222222,0.08888888888888889,1136,42,Expected_SARSA,43
7650,90,0.0014619933868941116,0.27764517385920845,0.37777777777777777,0.23333333333333334,1136,42,Expected_SARSA,43
7740,90,-0.0403712873788099,0.24393670588159327,0.25555555555555554,0.4,1136,42,Expected_SARSA,43
7830,90,0.019680135498059147,0.24567687526191007,0.1111111111111111,0.2,1136,42,Expected_SARSA,43
7920,90,-0.015262018195088439,0.14453293279264284,0.18888888888888888,0.07777777777777778,1136,42,Expected_SARSA,43
8010,90,0.056579399941821665,0.2648842462090606,0.2222222222222222,0.26666666666666666,1136,42,Expected_SARSA,43
8100,90,0.11696576990467362,0.24813283645342668,0.2111111111111111,0.2111111111111111,1136,42,Expected_SARSA,43
8190,90,0.19117517601375963,0.3695312030132624,0.28888888888888886,0.14444444444444443,1136,42,Expected_SARSA,43
8280,90,0.04976561802168123,0.27733406126640125,0.2777777777777778,0.18888888888888888,1136,42,Expected_SARSA,43
8370,90,0.22735929964132479,0.44799630162167015,0.32222222222222224,0.2222222222222222,1136,42,Expected_SARSA,43
8460,90,-0.027816463636527306,0.15539265758616905,0.08888888888888889,0.17777777777777778,1136,42,Expected_SARSA,43
8550,90,0.05174224629173517,0.3026509762805849,0.2222222222222222,0.13333333333333333,1136,42,Expected_SARSA,43
8640,90,0.18414105209031043,0.3183206717059211,0.26666666666666666,0.2,1136,42,Expected_SARSA,43
8730,90,-0.04633715093874439,0.4431262723268845,0.5,0.12222222222222222,1136,42,Expected_SARSA,43
8820,90,-0.07671265890427359,0.46205781422820447,0.3888888888888889,0.3,1136,42,Expected_SARSA,43
8910,90,0.13656141438967764,0.6022495969322641,0.4111111111111111,0.35555555555555557,1136,42,Expected_SARSA,43
9000,90,-0.057824561983223145,0.48685148984216425,0.5444444444444444,0.5,1136,42,Expected_SARSA,43
9090,90,0.19242335360733276,0.6611401201385236,0.6111111111111112,0.5666666666666667,1136,42,Expected_SARSA,43
9180,90,-0.05148841894579446,0.5788688042040024,0.5333333333333333,0.35555555555555557,1136,42,Expected_SARSA,43
9270,90,0.007739940689077112,0.4197875793439658,0.3333333333333333,0.37777777777777777,1136,42,Expected_SARSA,43
9360,90,-0.023667903193623916,0.48574453991827976,0.4444444444444444,0.3333333333333333,1136,42,Expected_SARSA,43
9450,90,-0.03696225948266802,0.19796746157199346,0.14444444444444443,0.17777777777777778,1136,42,Expected_SARSA,43
9540,90,-0.04592730206151962,0.21292980602446923,0.16666666666666666,0.24444444444444444,1136,42,Expected_SARSA,43
9630,90,0.009965313492280983,0.21572733293196725,0.23333333333333334,0.08888888888888889,1136,42,Expected_SARSA,43
9720,90,0.17207146657735392,0.34193264174580124,0.24444444444444444,0.13333333333333333,1136,42,Expected_SARSA,43
9810,90,-0.08523799401169906,0.47153239812862713,0.4,0.17777777777777778,1136,42,Expected_SARSA,43
9900,90,-0.004396472591091473,0.24982676351286978,0.23333333333333334,0.17777777777777778,1136,42,Expected_SARSA,43
9990,90,0.02642674375355679,0.5878257341053799,0.6111111111111112,0.23333333333333334,1136,42,Expected_SARSA,43
10080,90,0.010135197568102787,0.24770369038371795,0.12222222222222222,0.15555555555555556,1136,42,Expected_SARSA,43
10170,90,3.578601103478481e-06,0.30347360771126863,0.35555555555555557,0.1111111111111111,1136,42,Expected_SARSA,43
10260,90,0.0759217879567136,0.5366925287636085,0.5888888888888889,0.12222222222222222,1136,42,Expected_SARSA,43
10350,90,-0.029186947168051994,0.16690485376382064,0.08888888888888889,0.15555555555555556,1136,42,Expected_SARSA,43
10440,90,0.033338263284422825,0.5570309570460856,0.5222222222222223,0.35555555555555557,1136,42,Expected_SARSA,43
10530,90,0.017796925325929542,0.1586582648529798,0.05555555555555555,0.1111111111111111,1136,42,Expected_SARSA,43
10620,90,-0.07379833832454881,0.32217068616452654,0.2222222222222222,0.24444444444444444,1136,42,Expected_SARSA,43
10710,90,0.008492112224395987,0.29857156267928486,0.3,0.15555555555555556,1136,42,Expected_SARSA,43
10800,90,0.049234036957199516,0.290298934181641,0.26666666666666666,0.17777777777777778,1136,42,Expected_SARSA,43
10890,90,0.006677575708285612,0.21261112486384623,0.16666666666666666,0.25555555555555554,1136,42,Expected_SARSA,43
10980,90,0.07912905761082953,0.10085286575640695,0.06666666666666667,0.08888888888888889,1136,42,Expected_SARSA,43
11070,90,0.21972711700028325,0.4252131621493748,0.3,0.13333333333333333,1136,42,Expected_SARSA,43
11160,90,0.06541555020649015,0.22932711902375927,0.2111111111111111,0.28888888888888886,1136,42,Expected_SARSA,43
11250,90,-0.04619231804969178,0.36345970699007757,0.34444444444444444,0.32222222222222224,1136,42,Expected_SARSA,43
11340,90,0.0027504697638924824,0.17930084783914452,0.14444444444444443,0.06666666666666667,1136,42,Expected_SARSA,43
11430,90,0.036524043642145475,0.07398820519308544,0.05555555555555555,0.08888888888888889,1136,42,Expected_SARSA,43
11520,90,0.051691471999200475,0.11946258219948411,0.07777777777777778,0.1111111111111111,1136,42,Expected_SARSA,43
11610,90,-0.10975869928203841,0.3731227427271254,0.36666666666666664,0.23333333333333334,1136,42,Expected_SARSA,43
11700,90,-0.056044075996964766,0.2176176577775409,0.14444444444444443,0.15555555555555556,1136,42,Expected_SARSA,43
11790,90,-0.12532282954763993,0.20550984369386402,0.08888888888888889,0.17777777777777778,1136,42,Expected_SARSA,43
11880,90,0.0818067403147576,0.2103329723444303,0.13333333333333333,0.13333333333333333,1136,42,Expected_SARSA,43
11970,90,0.008281696823132822,0.07537203270655414,0.044444444444444446,0.06666666666666667,1136,42,Expected_SARSA,43
12060,90,0.03514597834845513,0.26638542169377294,0.28888888888888886,0.14444444444444443,1136,42,Expected_SARSA,43
12150,90,0.1755416015830133,0.46156137486408344,0.37777777777777777,0.15555555555555556,1136,42,Expected_SARSA,43
12240,90,0.026271760478154122,0.2272260621380338,0.2111111111111111,0.26666666666666666,1136,42,Expected_SARSA,43
12330,90,0.10489667656754673,0.2780230513785169,0.26666666666666666,0.18888888888888888,1136,42,Expected_SARSA,43
12420,90,0.1758342528148169,0.3681472667618183,0.3111111111111111,0.13333333333333333,1136,42,Expected_SARSA,43
12510,90,0.011290332690278987,0.21409281237318728,0.15555555555555556,0.2,1136,42,Expected_SARSA,43
12600,90,0.09310376552087117,0.5245646351262175,0.2222222222222222,0.3111111111111111,1136,42,Expected_SARSA,43
12690,90,-0.005359974479702724,0.38375337701296847,0.2777777777777778,0.12222222222222222,1136,42,Expected_SARSA,43
12780,90,0.010474777244131676,0.16153815795262255,0.1,0.1111111111111111,1136,42,Expected_SARSA,43
12870,90,0.08780660229633294,0.45432402183007603,0.35555555555555557,0.2222222222222222,1136,42,Expected_SARSA,43
12960,90,0.045481364749298245,0.194336900531308,0.1111111111111111,0.17777777777777778,1136,42,Expected_SARSA,43
13050,90,-0.17580696115457833,0.587372434265517,0.3888888888888889,0.2,1136,42,Expected_SARSA,43
13140,90,0.021251444330425542,0.11553242683576143,0.07777777777777778,0.1111111111111111,1136,42,Expected_SARSA,43
13230,90,0.03617146058583123,0.16580443784322874,0.1,0.16666666666666666,1136,42,Expected_SARSA,43
13320,90,-0.08475901953035526,0.16631442932988108,0.1,0.15555555555555556,1136,42,Expected_SARSA,43
13410,90,-0.09463148938029103,0.20872148710311147,0.1111111111111111,0.18888888888888888,1136,42,Expected_SARSA,43
13500,90,0.15985980547096726,0.2653498587561521,0.18888888888888888,0.2111111111111111,1136,42,Expected_SARSA,43
13590,90,0.16888057475258683,0.20386568357339216,0.1,0.06666666666666667,1136,42,Expected_SARSA,43
13680,90,-0.0026973790273858394,0.17048465990482464,0.12222222222222222,0.15555555555555556,1136,42,Expected_SARSA,43
13770,90,-0.006463597171989667,0.25869851774042035,0.15555555555555556,0.2,1136,42,Expected_SARSA,43
13860,90,0.019552472682861786,0.1620240505003858,0.1,0.15555555555555556,1136,42,Expected_SARSA,43
13950,90,-0.10836583739210233,0.19551177811646964,0.13333333333333333,0.2222222222222222,1136,42,Expected_SARSA,43
14040,90,0.0010630159820571128,0.09033108674029258,0.06666666666666667,0.1111111111111111,1136,42,Expected_SARSA,43
14130,90,0.18227651174365794,0.3244865554139103,0.18888888888888888,0.17777777777777778,1136,42,Expected_SARSA,43
14220,90,0.0445260888590083,0.12012885184609484,0.1111111111111111,0.17777777777777778,1136,42,Expected_SARSA,43
14310,90,-0.11647723189723157,0.505832954428301,0.3888888888888889,0.17777777777777778,1136,42,Expected_SARSA,43
14400,90,-0.04306331379459691,0.3402405979051841,0.23333333333333334,0.3,1136,42,Expected_SARSA,43
14490,90,-0.033772761919732955,0.26320051848333903,0.07777777777777778,0.1111111111111111,1136,42,Expected_SARSA,43
14580,90,-0.04003114687974009,0.5206015345641319,0.4777777777777778,0.18888888888888888,1136,42,Expected_SARSA,43
14670,90,0.05897305040150609,0.1596355851548613,0.07777777777777778,0.08888888888888889,1136,42,Expected_SARSA,43
14760,90,0.08147269949417904,0.153444900196793,0.07777777777777778,0.13333333333333333,1136,42,Expected_SARSA,43
14850,90,-0.030446699322157465,0.19788517454561283,0.15555555555555556,0.18888888888888888,1136,42,Expected_SARSA,43
14940,90,-0.05698902205027417,0.21114242943469597,0.17777777777777778,0.13333333333333333,1136,42,Expected_SARSA,43
15030,90,0.18876560862323508,0.2864488407182344,0.14444444444444443,0.15555555555555556,1136,42,Expected_SARSA,43
15120,90,-0.04793727712742017,0.1534582268786255,0.12222222222222222,0.2,1136,42,Expected_SARSA,43
15210,90,0.05318910223601018,0.16014194352140648,0.07777777777777778,0.15555555555555556,1136,42,Expected_SARSA,43
15300,90,-0.022181790545729815,0.11295360788665089,0.07777777777777778,0.15555555555555556,1136,42,Expected_SARSA,43
15390,90,0.0008380566605543477,0.28687647029702645,0.16666666666666666,0.14444444444444443,1136,42,Expected_SARSA,43
15480,90,0.034813949985528,0.2231948209803788,0.13333333333333333,0.1111111111111111,1139,42,Expected_SARSA,43
15570,90,0.024461975445113464,0.07607249055883922,0.044444444444444446,0.06666666666666667,1139,42,Expected_SARSA,43
15660,90,-0.0672037862182886,0.11709885744041484,0.06666666666666667,0.1111111111111111,1139,42,Expected_SARSA,43
15750,90,0.055970443917728506,0.3261357663709267,0.32222222222222224,0.23333333333333334,1139,42,Expected_SARSA,43
15840,90,0.12057338830953832,0.18787655207724857,0.1111111111111111,0.13333333333333333,1139,42,Expected_SARSA,43
15930,90,-0.16283052469318915,0.4291188453803372,0.36666666666666664,0.16666666666666666,1139,42,Expected_SARSA,43
16020,90,-0.0540453606114895,0.3390138961987761,0.24444444444444444,0.2,1139,42,Expected_SARSA,43
16110,90,-0.027712014937883427,0.42547879515751563,0.32222222222222224,0.35555555555555557,1139,42,Expected_SARSA,43
16200,90,0.00528226996102521,0.15990164946513688,0.15555555555555556,0.15555555555555556,1139,42,Expected_SARSA,43
16290,90,-0.04256322665510919,0.09334744279829524,0.05555555555555555,0.1111111111111111,1139,42,Expected_SARSA,43
16380,90,0.1395005046854334,0.25781662007083567,0.08888888888888889,0.12222222222222222,1139,42,Expected_SARSA,43
16470,90,0.20140791858551094,0.2335510636318259,0.1,0.06666666666666667,1139,42,Expected_SARSA,43
16560,90,-0.04460365594915541,0.1498290857202637,0.03333333333333333,0.06666666666666667,1139,42,Expected_SARSA,43
16650,90,0.006575249189353006,0.2217260643493047,0.07777777777777778,0.15555555555555556,1139,42,Expected_SARSA,43
16740,90,0.03862724371662166,0.3507759855767834,0.23333333333333334,0.4222222222222222,1139,42,Expected_SARSA,43
16830,90,0.0009217827437879282,0.2109669874033524,0.2111111111111111,0.24444444444444444,1139,42,Expected_SARSA,43
16920,90,0.01237648566076787,0.0986858359541376,0.1,0.12222222222222222,1139,42,Expected_SARSA,43
17010,90,-0.0675612031007863,0.13539965378247018,0.07777777777777778,0.15555555555555556,1139,42,Expected_SARSA,43
17100,90,0.18331681291676918,0.22331889290021975,0.12222222222222222,0.08888888888888889,1139,42,Expected_SARSA,43
17190,90,0.04180817122692866,0.14970072750628335,0.13333333333333333,0.1111111111111111,1139,42,Expected_SARSA,43
17280,90,-0.013209662597263725,0.2870180849737587,0.3,0.2111111111111111,1139,42,Expected_SARSA,43
17370,90,-0.05455751754902148,0.252274470016779,0.18888888888888888,0.12222222222222222,1139,42,Expected_SARSA,43
17460,90,-0.04128172878542978,0.25685299332237405,0.18888888888888888,0.1111111111111111,1139,42,Expected_SARSA,43
17550,90,-0.020700469704429812,0.1411457099696229,0.1111111111111111,0.16666666666666666,1139,42,Expected_SARSA,43
17640,90,0.0202915796144717,0.0699079194214856,0.044444444444444446,0.06666666666666667,1139,42,Expected_SARSA,43
17730,90,0.0038426736392515384,0.1643389470074968,0.13333333333333333,0.1111111111111111,1139,42,Expected_SARSA,43
17820,90,0.040706010907217365,0.21997447727011313,0.15555555555555556,0.2,1139,42,Expected_SARSA,43
17910,90,-0.07876390793184271,0.37868907643562555,0.32222222222222224,0.13333333333333333,1139,42,Expected_SARSA,43
18000,90,0.059583015733924896,0.174533723310542,0.07777777777777778,0.1111111111111111,1139,42,Expected_SARSA,43
18090,90,0.02114056132001596,0.1469839086213255,0.1111111111111111,0.15555555555555556,1139,42,Expected_SARSA,43
18180,90,0.09360804123772933,0.24759047116995733,0.14444444444444443,0.2222222222222222,1139,42,Expected_SARSA,43
18270,90,0.03324332392836604,0.18406545264967192,0.2,0.35555555555555557,1139,42,Expected_SARSA,43
18360,90,0.011439552577594225,0.21066579210702027,0.14444444444444443,0.17777777777777778,1139,42,Expected_SARSA,43
18450,90,0.019564990605477974,0.15000939397735208,0.1111111111111111,0.17777777777777778,1139,42,Expected_SARSA,43
18540,90,-0.01561285042973094,0.17249627344454094,0.13333333333333333,0.2222222222222222,1139,42,Expected_SARSA,43
18630,90,0.0743958396408656,0.2360481949086883,0.15555555555555556,0.24444444444444444,1139,42,Expected_SARSA,43
18720,90,0.026544442180171844,0.08261643898029224,0.05555555555555555,0.08888888888888889,1139,42,Expected_SARSA,43
18810,90,-0.02875419564736256,0.1241025815382003,0.12222222222222222,0.12222222222222222,1139,42,Expected_SARSA,43
18900,90,0.03189000324041469,0.08765509366856968,0.03333333333333333,0.022222222222222223,1139,42,Expected_SARSA,43
18990,90,-0.05561872658634872,0.11466299694120823,0.07777777777777778,0.15555555555555556,1139,42,Expected_SARSA,43
19080,90,0.016589597155757863,0.10525964145745505,0.05555555555555555,0.08888888888888889,1139,42,Expected_SARSA,43
19170,90,0.12569119183055674,0.42744635902864175,0.3333333333333333,0.4444444444444444,1139,42,Expected_SARSA,43
19260,90,-0.001109521408725684,0.21305609848284487,0.2,0.28888888888888886,1139,42,Expected_SARSA,43
19350,90,0.026525958171314097,0.09208752715453734,0.044444444444444446,0.08888888888888889,1139,42,Expected_SARSA,43
19440,90,0.03233253498184085,0.14589640310201943,0.1111111111111111,0.1111111111111111,1139,42,Expected_SARSA,43
19530,90,0.029109824936193737,0.22517631796811427,0.16666666666666666,0.1111111111111111,1139,42,Expected_SARSA,43
19620,90,0.042637813720917704,0.13952804690908363,0.1111111111111111,0.06666666666666667,1139,42,Expected_SARSA,43
19710,90,0.15051164799098518,0.31916428264133956,0.23333333333333334,0.06666666666666667,1139,42,Expected_SARSA,43
19800,90,-0.0021410124882879425,0.40788460441673524,0.35555555555555557,0.12222222222222222,1139,42,Expected_SARSA,43
19890,90,-0.06860674225530232,0.13036213589091622,0.06666666666666667,0.06666666666666667,1139,42,Expected_SARSA,43
19980,90,0.16035340376143153,0.30637400165383305,0.23333333333333334,0.044444444444444446,1139,42,Expected_SARSA,43
20070,90,0.014829101940455723,0.13341204034429294,0.044444444444444446,0.08888888888888889,1139,42,Expected_SARSA,43
20160,90,-0.05422338077155927,0.35090196469918783,0.23333333333333334,0.1,1139,42,Expected_SARSA,43
20250,90,0.017625520963801808,0.10046972251043328,0.06666666666666667,0.13333333333333333,1139,42,Expected_SARSA,43
20340,90,-0.001236446706266339,0.15328595552802124,0.12222222222222222,0.12222222222222222,1139,42,Expected_SARSA,43
20430,90,0.005734382011716177,0.3127519072114535,0.43333333333333335,0.16666666666666666,1139,42,Expected_SARSA,43
20520,90,0.03724839449384556,0.10571649522020612,0.05555555555555555,0.1111111111111111,1139,42,Expected_SARSA,43
20610,90,0.020535927235891406,0.05741719700076434,0.011111111111111112,0.022222222222222223,1139,42,Expected_SARSA,43
20700,90,-0.01500103087128893,0.27180158689822415,0.2111111111111111,0.1111111111111111,1139,42,Expected_SARSA,43
20790,90,0.03212972067318274,0.21494344191834341,0.17777777777777778,0.08888888888888889,1139,42,Expected_SARSA,43
20880,90,-0.08520124415261612,0.42658194966848556,0.35555555555555557,0.06666666666666667,1139,42,Expected_SARSA,43
20970,90,-0.029014099962414115,0.08055421215969615,0.03333333333333333,0.011111111111111112,1139,42,Expected_SARSA,43
21060,90,-0.03524172728228231,0.5189448535621063,0.43333333333333335,0.08888888888888889,1139,42,Expected_SARSA,43
21150,90,0.06828554194759082,0.09576591383449072,0.044444444444444446,0.08888888888888889,1139,42,Expected_SARSA,43
21240,90,0.05278606304636514,0.14459728138297379,0.13333333333333333,0.08888888888888889,1139,42,Expected_SARSA,43
21330,90,-0.005065723335452343,0.12139110006369919,0.07777777777777778,0.044444444444444446,1139,42,Expected_SARSA,43
21420,90,-0.001016174958104727,0.23477926376062636,0.18888888888888888,0.13333333333333333,1139,42,Expected_SARSA,43
21510,90,-0.0597443094321089,0.3291753141437841,0.3111111111111111,0.08888888888888889,1139,42,Expected_SARSA,43
21600,90,-0.08299554441358088,0.28325663802496126,0.2777777777777778,0.2,1139,42,Expected_SARSA,43
21690,90,-0.00553223841796981,0.39394264721366296,0.3888888888888889,0.08888888888888889,1139,42,Expected_SARSA,43
21780,90,0.05897531069845953,0.15332055761600952,0.07777777777777778,0.1,1139,42,Expected_SARSA,43
21870,90,0.04840886592710363,0.06570371168472819,0.022222222222222223,0.044444444444444446,1139,42,Expected_SARSA,43
21960,90,0.11103761345377823,0.33254289610932863,0.32222222222222224,0.24444444444444444,1139,42,Expected_SARSA,43
22050,90,-0.0047846748532633845,0.15571839158835268,0.08888888888888889,0.13333333333333333,1139,42,Expected_SARSA,43
22140,90,0.016658930846975256,0.0872633656629281,0.08888888888888889,0.06666666666666667,1139,42,Expected_SARSA,43
22230,90,0.04214206271737707,0.08461091673792885,0.03333333333333333,0.06666666666666667,1139,42,Expected_SARSA,43
22320,90,-0.013838095877667902,0.2355415736089851,0.13333333333333333,0.26666666666666666,1139,42,Expected_SARSA,43
22410,90,-0.028160383537034154,0.23673786741520658,0.14444444444444443,0.28888888888888886,1139,42,Expected_SARSA,43
22500,90,0.005426149998067115,0.08578350029681503,0.03333333333333333,0.06666666666666667,1139,42,Expected_SARSA,43
22590,90,-0.06204405110702415,0.2246398114179646,0.23333333333333334,0.06666666666666667,1139,42,Expected_SARSA,43
22680,90,0.0,0.0334763104957781,0.0,0.0,1139,42,Expected_SARSA,43
22770,90,0.05923908208579337,0.1565765864739299,0.12222222222222222,0.06666666666666667,1139,42,Expected_SARSA,43
22860,90,-0.0451413066842115,0.2563132508721023,0.23333333333333334,0.1111111111111111,1139,42,Expected_SARSA,43
22950,90,0.08068678478817369,0.1827401305309878,0.06666666666666667,0.12222222222222222,1139,42,Expected_SARSA,43
23040,90,-0.0132819015677981,0.42060899293720544,0.4666666666666667,0.3,1139,42,Expected_SARSA,43
23130,90,-0.08150882222621116,0.1157508927728756,0.044444444444444446,0.08888888888888889,1139,42,Expected_SARSA,43
23220,90,-0.06509008063396647,0.4598588330211666,0.35555555555555557,0.15555555555555556,1139,42,Expected_SARSA,43
23310,90,0.11786561636965366,0.22622666977911277,0.2,0.17777777777777778,1139,42,Expected_SARSA,43
23400,90,0.07968708004589584,0.14522047252759784,0.12222222222222222,0.2,1139,42,Expected_SARSA,43
23490,90,-0.06400968263888605,0.3390006225083212,0.2777777777777778,0.35555555555555557,1139,42,Expected_SARSA,43
23580,90,0.07513566279619106,0.2855909401827758,0.3,0.26666666666666666,1139,42,Expected_SARSA,43
23670,90,-0.06041302113967716,0.1448151152080082,0.12222222222222222,0.23333333333333334,1139,42,Expected_SARSA,43
23760,90,-0.007259076024853551,0.15041621127661756,0.1111111111111111,0.06666666666666667,1139,42,Expected_SARSA,43
23850,90,0.05634989394541678,0.21703739413160664,0.17777777777777778,0.14444444444444443,1139,42,Expected_SARSA,43
23940,90,-0.01622879486816105,0.12529712253709233,0.07777777777777778,0.1111111111111111,1139,42,Expected_SARSA,43
24000,60,-0.014792045957815041,0.2779994354300338,0.18333333333333332,0.06666666666666667,1139,42,Expected_SARSA,43
90,90,0.06387044410560704,0.5247435657832038,0.6,0.5333333333333333,90,16,Double_Q,7
180,90,0.13025693666409677,0.7302418166229946,0.6222222222222222,0.34444444444444444,180,22,Double_Q,7
270,90,0.1087660886872018,0.6597899641223586,0.8444444444444444,0.18888888888888888,270,22,Double_Q,7
360,90,-0.013128706146940115,0.8294152640031279,0.7,0.3,360,26,Double_Q,7
450,90,0.06276136313787203,0.8669198406226732,0.8,0.3111111111111111,382,26,Double_Q,7
540,90,-0.06792966363176871,1.006090290193476,0.7333333333333333,0.3333333333333333,409,27,Double_Q,7
630,90,0.04588740340411917,0.9960055974364115,0.7555555555555555,0.3,412,28,Double_Q,7
720,90,0.00617467010683719,0.7072125574802554,0.7444444444444445,0.2111111111111111,502,30,Double_Q,7
810,90,0.03416094659579192,0.9787419448517366,0.6777777777777778,0.5666666666666667,569,30,Double_Q,7
900,90,-0.012020955425190402,0.8215941643056917,0.7,0.23333333333333334,659,30,Double_Q,7
990,90,0.18290825794396798,0.7875779034091893,0.7666666666666667,0.3888888888888889,659,30,Double_Q,7
1080,90,-0.004199875407256818,0.8572000704990236,0.7777777777777778,0.25555555555555554,681,32,Double_Q,7
1170,90,0.07360998606056393,0.7995772695280642,0.8888888888888888,0.18888888888888888,681,32,Double_Q,7
1260,90,0.24827520704568817,0.7256086510770873,0.7888888888888889,0.12222222222222222,734,32,Double_Q,7
1350,90,-0.1006217539244212,0.8984056119445801,0.6777777777777778,0.28888888888888886,824,36,Double_Q,7
1440,90,0.08457145623571598,0.6812499084530305,0.6333333333333333,0.2777777777777778,892,36,Double_Q,7
1530,90,0.020111637224548864,0.863825659780609,0.8333333333333334,0.26666666666666666,892,36,Double_Q,7
1620,90,0.07392286730992943,0.9046289974961322,0.8888888888888888,0.23333333333333334,895,36,Double_Q,7
1710,90,0.12188619635145194,0.6686323539299371,0.8222222222222222,0.16666666666666666,895,36,Double_Q,7
1800,90,0.08835092375205664,0.8265174081980131,0.8444444444444444,0.2111111111111111,895,36,Double_Q,7
1890,90,0.16083126775230644,0.7214655349302654,0.8888888888888888,0.2111111111111111,895,36,Double_Q,7
1980,90,0.08823991880288559,0.810881694841901,0.7888888888888889,0.36666666666666664,895,36,Double_Q,7
2070,90,0.1248684593184312,0.6310295239211453,0.8,0.18888888888888888,895,36,Double_Q,7
2160,90,-0.043240934489294384,0.9106896018305511,0.7555555555555555,0.4222222222222222,895,36,Double_Q,7
2250,90,-0.29340236162920724,0.9831834535472106,0.7444444444444445,0.3888888888888889,967,37,Double_Q,7
2340,90,-0.2241061429200851,1.0411738091934495,0.6777777777777778,0.25555555555555554,978,37,Double_Q,7
2430,90,0.2398808253463214,0.7050045641563427,0.7555555555555555,0.18888888888888888,978,37,Double_Q,7
2520,90,0.16318300259073804,0.7390443178707536,0.6333333333333333,0.2222222222222222,984,37,Double_Q,7
2610,90,-0.00826888346274117,0.8083728918913152,0.5777777777777777,0.3111111111111111,984,37,Double_Q,7
2700,90,0.03903767866639839,0.8141883602523647,0.7333333333333333,0.18888888888888888,984,37,Double_Q,7
2790,90,0.04609401476786989,0.7784369153859774,0.6666666666666666,0.35555555555555557,1005,38,Double_Q,7
2880,90,0.02832735839122033,0.6611250873402803,0.6666666666666666,0.2777777777777778,1005,39,Double_Q,7
2970,90,-0.10843679622903007,0.8969788430343418,0.6222222222222222,0.3333333333333333,1005,39,Double_Q,7
3060,90,0.19693614818672395,0.7403227408254084,0.7777777777777778,0.25555555555555554,1005,39,Double_Q,7
3150,90,0.1257466750463085,0.7705305576286393,0.8777777777777778,0.2111111111111111,1005,39,Double_Q,7
3240,90,-0.06263612062485736,0.9715543052538435,0.7555555555555555,0.37777777777777777,1005,39,Double_Q,7
3330,90,-0.0033453112639309636,1.414124904060323,0.8333333333333334,0.18888888888888888,1091,39,Double_Q,7
3420,90,0.05698637783522413,0.8485352380346759,0.7111111111111111,0.25555555555555554,1095,39,Double_Q,7
3510,90,-0.13162346743143677,0.8987899311035554,0.7666666666666667,0.36666666666666664,1095,39,Double_Q,7
3600,90,-0.08421678808661366,0.98868326500598,0.7111111111111111,0.4888888888888889,1095,39,Double_Q,7
3690,90,-0.1310978574152316,1.2554225807778205,0.6666666666666666,0.4111111111111111,1100,39,Double_Q,7
3780,90,-0.0022014966293471957,0.7381150244043078,0.7333333333333333,0.18888888888888888,1100,39,Double_Q,7
3870,90,-0.10089719772765567,0.7521501640800723,0.5111111111111111,0.5444444444444444,1100,39,Double_Q,7
3960,90,0.2528279095430737,0.6684000802356317,0.7555555555555555,0.18888888888888888,1100,39,Double_Q,7
4050,90,-0.16754320501865116,0.8383066559954087,0.5555555555555556,0.3,1100,39,Double_Q,7
4140,90,0.06019759133272452,0.6475791816831894,0.6888888888888889,0.23333333333333334,1100,39,Double_Q,7
4230,90,0.1879941738860898,0.9141814029620788,0.5666666666666667,0.2111111111111111,1100,39,Double_Q,7
4320,90,0.23444879889692796,0.8206056871442708,0.8777777777777778,0.18888888888888888,1100,39,Double_Q,7
4410,90,0.12287191509057285,0.6305913378637634,0.7222222222222222,0.18888888888888888,1100,39,Double_Q,7
4500,90,0.12156683066256325,1.4536973110690774,0.8,0.2777777777777778,1100,39,Double_Q,7
4590,90,0.01493775694835291,0.8489178168585868,0.7444444444444445,0.2111111111111111,1100,39,Double_Q,7
4680,90,-0.1251321764024545,0.8334034466399495,0.7,0.25555555555555554,1116,39,Double_Q,7
4770,90,0.09019034041382772,0.604593285306493,0.5444444444444444,0.3333333333333333,1116,39,Double_Q,7
4860,90,-0.04343525038293545,0.9139360400349421,0.6888888888888889,0.3111111111111111,1116,39,Double_Q,7
4950,90,-0.02799628304775164,0.6921844475855212,0.8222222222222222,0.14444444444444443,1116,39,Double_Q,7
5040,90,-0.06890328549715632,0.8980093579303119,0.7222222222222222,0.26666666666666666,1116,39,Double_Q,7
5130,90,0.013511028540693356,0.7588367187332719,0.7,0.4,1116,39,Double_Q,7
5220,90,0.07149599206781672,1.0289173450311724,0.6444444444444445,0.5444444444444444,1116,40,Double_Q,7
5310,90,-0.08643132115494911,0.6238064918436926,0.4111111111111111,0.3,1116,40,Double_Q,7
5400,90,0.11204444548494506,0.7055362384286693,0.7888888888888889,0.2111111111111111,1116,40,Double_Q,7
5490,90,0.13013128560130827,0.5130307798301991,0.6444444444444445,0.24444444444444444,1116,41,Double_Q,7
5580,90,0.1399723186972722,0.6252153169832119,0.6555555555555556,0.24444444444444444,1116,41,Double_Q,7
5670,90,0.0018889951858036763,1.0585971024738188,0.6444444444444445,0.43333333333333335,1116,41,Double_Q,7
5760,90,0.19868463783571044,0.9919000186126914,0.6777777777777778,0.36666666666666664,1116,41,Double_Q,7
5850,90,0.05910380834056947,0.6684084440400628,0.5666666666666667,0.45555555555555555,1116,41,Double_Q,7
5940,90,0.05673163879783603,0.7555131963167532,0.8222222222222222,0.23333333333333334,1116,41,Double_Q,7
6030,90,0.18183259603383628,0.8635579353075352,0.7,0.32222222222222224,1116,41,Double_Q,7
6120,90,0.012101839904544913,0.7073077255684527,0.7222222222222222,0.4,1116,41,Double_Q,7
6210,90,-0.047795511772242096,0.7311392254485295,0.5444444444444444,0.3111111111111111,1116,41,Double_Q,7
6300,90,-0.1944411084411084,0.6292647147195872,0.5555555555555556,0.43333333333333335,1116,41,Double_Q,7
6390,90,0.03158195595335286,0.7000197402232912,0.5,0.2222222222222222,1116,41,Double_Q,7
6480,90,0.06138352149612567,0.4526663876096481,0.3888888888888889,0.17777777777777778,1116,41,Double_Q,7
6570,90,0.16110034752804012,1.0489709050916176,0.6444444444444445,0.4888888888888889,1116,41,Double_Q,7
6660,90,-0.039147121280687695,0.7797092653773019,0.6666666666666666,0.4888888888888889,1116,41,Double_Q,7
6750,90,0.09935075362247552,0.567447888691625,0.5444444444444444,0.4222222222222222,1116,41,Double_Q,7
6840,90,0.07087900801604248,0.6418138069323103,0.6888888888888889,0.3333333333333333,1116,41,Double_Q,7
6930,90,0.0840154842341126,0.594461015330732,0.7,0.28888888888888886,1116,41,Double_Q,7
7020,90,0.0159221422792265,0.656601211524044,0.5222222222222223,0.35555555555555557,1116,41,Double_Q,7
7110,90,0.03342847298939481,0.45358243532378006,0.32222222222222224,0.3888888888888889,1116,41,Double_Q,7
7200,90,0.1588237544487321,0.7763190903165517,0.5333333333333333,0.32222222222222224,1116,42,Double_Q,7
7290,90,-0.0986717767823572,1.0106742978452485,0.6222222222222222,0.3888888888888889,1116,42,Double_Q,7
7380,90,0.029403777691985707,0.6581009856842479,0.6,0.18888888888888888,1116,42,Double_Q,7
7470,90,0.11423735811119447,0.6542385676909058,0.7,0.45555555555555555,1116,42,Double_Q,7
7560,90,-0.049070793906397625,0.5180252430483648,0.4111111111111111,0.3111111111111111,1116,42,Double_Q,7
7650,90,0.1026371980560355,0.6646807947999168,0.6777777777777778,0.35555555555555557,1116,42,Double_Q,7
7740,90,0.042929183288357674,0.594632162443937,0.6555555555555556,0.5333333333333333,1116,42,Double_Q,7
7830,90,0.02318704033194339,0.9205058541418768,0.7,0.4666666666666667,1116,42,Double_Q,7
7920,90,-0.015941342037260702,0.7556038278042063,0.8111111111111111,0.3333333333333333,1116,42,Double_Q,7
8010,90,-0.16719960989925,0.6455676351540496,0.5444444444444444,0.25555555555555554,1116,42,Double_Q,7
8100,90,-0.004429073441226707,0.36978266542948324,0.26666666666666666,0.24444444444444444,1116,42,Double_Q,7
8190,90,0.053276911867345234,0.3255711025872966,0.26666666666666666,0.32222222222222224,1116,42,Double_Q,7
8280,90,0.007455898249052614,0.6010091706124224,0.7,0.14444444444444443,1116,42,Double_Q,7
8370,90,-0.09206250911306173,0.7856693016820445,0.7555555555555555,0.37777777777777777,1132,42,Double_Q,7
8460,90,0.03414955321822517,0.6887348419273682,0.7888888888888889,0.18888888888888888,1132,42,Double_Q,7
8550,90,0.018719514430628248,0.8800028613118425,0.7333333333333333,0.32222222222222224,1132,42,Double_Q,7
8640,90,-0.06867827469707743,0.5356031593095238,0.5111111111111111,0.4,1132,42,Double_Q,7
8730,90,0.0535882498993145,0.74402812931784,0.7444444444444445,0.23333333333333334,1132,42,Double_Q,7
8820,90,0.0821026426382566,0.7340462058754931,0.6222222222222222,0.23333333333333334,1132,42,Double_Q,7
8910,90,-0.060516743795656996,0.7968768863400117,0.7222222222222222,0.08888888888888889,1132,42,Double_Q,7
9000,90,-0.15011577148956584,1.301034684142334,0.8222222222222222,0.2777777777777778,1132,42,Double_Q,7
9090,90,0.2181908099587036,0.7119635365267202,0.8444444444444444,0.2111111111111111,1132,42,Double_Q,7
9180,90,-0.0586275840226262,0.6102974033738763,0.5222222222222223,0.23333333333333334,1132,42,Double_Q,7
9270,90,0.1273286974994342,0.5155440381287402,0.4111111111111111,0.16666666666666666,1132,42,Double_Q,7
9360,90,0.1398216559119906,0.9255022036190726,0.9444444444444444,0.12222222222222222,1132,42,Double_Q,7
9450,90,0.17397518212993957,0.7804160303246384,0.8444444444444444,0.2111111111111111,1132,42,Double_Q,7
9540,90,0.08633276277625072,0.6472034654199412,0.6888888888888889,0.3,1132,42,Double_Q,7
9630,90,-0.019759701332993932,0.8647409622649123,0.9,0.18888888888888888,1132,42,Double_Q,7
9720,90,-0.018311872083119417,0.7149306772588547,0.5777777777777777,0.13333333333333333,1132,42,Double_Q,7
9810,90,-0.0640237003984633,1.2829817449631937,0.7555555555555555,0.34444444444444444,1132,42,Double_Q,7
9900,90,0.12046495395746619,0.6281538192178823,0.8333333333333334,0.14444444444444443,1132,42,Double_Q,7
9990,90,0.02238195965897351,0.6708805364920459,0.5111111111111111,0.4444444444444444,1132,42,Double_Q,7
10080,90,0.05731797217051942,0.8191662746353834,0.8111111111111111,0.26666666666666666,1132,42,Double_Q,7
10170,90,0.043895189473463506,0.6751825315665122,0.5333333333333333,0.4222222222222222,1132,42,Double_Q,7
10260,90,0.06493872355413338,0.5676527082845125,0.6444444444444445,0.26666666666666666,1132,42,Double_Q,7
10350,90,0.24569772985215452,0.6883246121888666,0.7111111111111111,0.3111111111111111,1132,42,Double_Q,7
10440,90,0.1327881532615825,0.65801070561201,0.6666666666666666,0.13333333333333333,1132,42,Double_Q,7
10530,90,0.029502947259684425,0.6555166798544794,0.5777777777777777,0.2777777777777778,1132,42,Double_Q,7
10620,90,-0.14490891056658425,0.8130277445192242,0.6555555555555556,0.3,1132,42,Double_Q,7
10710,90,-0.002953394759809405,0.9117584007878707,0.7777777777777778,0.36666666666666664,1132,42,Double_Q,7
10800,90,0.13252408387580603,1.4095897877857777,0.7555555555555555,0.16666666666666666,1132,42,Double_Q,7
10890,90,-0.08694362767362353,0.7853285378649036,0.6777777777777778,0.25555555555555554,1132,42,Double_Q,7
10980,90,-0.007777610829778947,0.7377527688556805,0.7333333333333333,0.36666666666666664,1132,42,Double_Q,7
11070,90,0.14848163059017352,0.7297843651653917,0.7444444444444445,0.2,1132,42,Double_Q,7
11160,90,0.28267267226371773,0.7155878151548366,0.7,0.3,1132,42,Double_Q,7
11250,90,-0.12700983044640235,0.6449396829769967,0.6222222222222222,0.18888888888888888,1132,42,Double_Q,7
11340,90,0.01662276071773364,0.8985578611167233,0.8666666666666667,0.18888888888888888,1132,42,Double_Q,7
11430,90,0.03650495921084043,0.8079637621813863,0.8555555555555555,0.2,1132,42,Double_Q,7
11520,90,0.0047354701293279705,0.6391213725732043,0.5333333333333333,0.3111111111111111,1132,42,Double_Q,7
11610,90,-0.14854803523414614,1.361037647918208,0.7666666666666667,0.2111111111111111,1132,42,Double_Q,7
11700,90,-0.13204541728408534,0.727389291666453,0.6111111111111112,0.32222222222222224,1132,42,Double_Q,7
11790,90,-0.053002223817849525,0.6249813393133422,0.5444444444444444,0.4,1132,42,Double_Q,7
11880,90,0.10135010929133884,0.6641525458182128,0.7555555555555555,0.16666666666666666,1132,42,Double_Q,7
11970,90,0.09062591248947546,0.6621267099909757,0.4888888888888889,0.3,1132,42,Double_Q,7
12060,90,0.09982527045115668,0.6267324816041623,0.7111111111111111,0.3111111111111111,1132,42,Double_Q,7
12150,90,0.0051367124347322605,0.927637619416426,0.8777777777777778,0.1111111111111111,1132,42,Double_Q,7
12240,90,0.0489557734820176,0.7211882897227123,0.5888888888888889,0.1111111111111111,1132,42,Double_Q,7
12330,90,0.06810816929126146,0.6990442300414494,0.5555555555555556,0.23333333333333334,1132,42,Double_Q,7
12420,90,0.06058228552883166,0.7310426314506207,0.9222222222222223,0.16666666666666666,1132,42,Double_Q,7
12510,90,0.019456801217268185,0.821346583260893,0.8222222222222222,0.17777777777777778,1132,42,Double_Q,7
12600,90,-0.015380739571712388,0.6336630278087797,0.8,0.36666666666666664,1132,42,Double_Q,7
12690,90,0.01772702232372815,0.7993723843767634,0.8888888888888888,0.2,1132,42,Double_Q,7
12780,90,0.028739471687803615,0.577668140740995,0.5777777777777777,0.18888888888888888,1132,42,Double_Q,7
12870,90,0.018363236977371973,0.9196875738611658,0.8888888888888888,0.1111111111111111,1132,42,Double_Q,7
12960,90,0.0790568324442107,0.6045017332742216,0.8222222222222222,0.25555555555555554,1132,42,Double_Q,7
13050,90,0.08816835141229913,0.9923743919444564,0.6777777777777778,0.4666666666666667,1132,42,Double_Q,7
13140,90,-0.06252806560973874,0.7333861822185508,0.5333333333333333,0.2,1132,42,Double_Q,7
13230,90,0.004146308195631831,0.7823248302265928,0.6666666666666666,0.2111111111111111,1132,42,Double_Q,7
13320,90,-0.18875137355522464,0.6882897768141215,0.5222222222222223,0.14444444444444443,1132,42,Double_Q,7
13410,90,0.06418852137487642,0.5696135335437016,0.4111111111111111,0.2,1132,42,Double_Q,7
13500,90,-0.03022312501559735,0.8468602269209803,0.7111111111111111,0.2111111111111111,1132,42,Double_Q,7
13590,90,0.07871831868654985,0.7279392735628754,0.7333333333333333,0.14444444444444443,1132,42,Double_Q,7
13680,90,-0.033777053244677564,0.649097909895835,0.4777777777777778,0.2111111111111111,1132,42,Double_Q,7
13770,90,0.11187907189211009,0.6619361421759826,0.7333333333333333,0.08888888888888889,1132,42,Double_Q,7
13860,90,-0.013152031256444641,0.642097368443465,0.5777777777777777,0.23333333333333334,1132,42,Double_Q,7
13950,90,-0.11086873155311995,0.9841284332307255,0.7333333333333333,0.17777777777777778,1132,42,Double_Q,7
14040,90,0.03607361441657936,0.4306349766570547,0.5666666666666667,0.2111111111111111,1132,42,Double_Q,7
14130,90,-0.04037662070416841,0.8815006625401278,0.7333333333333333,0.3111111111111111,1132,42,Double_Q,7
14220,90,0.10286311851818901,0.6855843253702409,0.7888888888888889,0.32222222222222224,1132,42,Double_Q,7
14310,90,0.03299392783744845,0.4666432620250806,0.3888888888888889,0.23333333333333334,1132,42,Double_Q,7
14400,90,0.028268484351525198,0.5842425091150366,0.7,0.07777777777777778,1132,42,Double_Q,7
14490,90,0.0851750205403137,0.6760094282125253,0.8777777777777778,0.18888888888888888,1132,42,Double_Q,7
14580,90,0.2228796943183223,1.273043200967904,0.8777777777777778,0.17777777777777778,1132,42,Double_Q,7
14670,90,0.011071575573639074,0.7426921584411782,0.6222222222222222,0.23333333333333334,1132,42,Double_Q,7
14760,90,0.10145851690074727,0.7496675284509395,0.7444444444444445,0.2,1132,42,Double_Q,7
14850,90,0.21251377166041152,0.5713987495483208,0.6222222222222222,0.37777777777777777,1132,42,Double_Q,7
14940,90,0.15100973008445465,0.5261284249130708,0.7555555555555555,0.18888888888888888,1132,42,Double_Q,7
15030,90,0.16363149787626077,0.7986315678855666,0.8777777777777778,0.13333333333333333,1132,42,Double_Q,7
15120,90,0.10994453949322293,0.6284509005893958,0.7111111111111111,0.24444444444444444,1132,42,Double_Q,7
15210,90,0.030501087554407558,0.6075961557854749,0.7,0.12222222222222222,1132,42,Double_Q,7
15300,90,0.16643309992593847,0.4165218494044725,0.35555555555555557,0.26666666666666666,1132,42,Double_Q,7
15390,90,-0.0043165695159904675,1.0474189358946115,0.7222222222222222,0.3,1132,42,Double_Q,7
15480,90,0.28386677414281886,1.0976911963550817,0.8444444444444444,0.2111111111111111,1132,42,Double_Q,7
15570,90,0.04631158187075469,0.913479519750171,0.6777777777777778,0.24444444444444444,1133,42,Double_Q,7
15660,90,0.06844001097881079,1.4425904014696487,0.9,0.12222222222222222,1133,42,Double_Q,7
15750,90,0.005753639206326813,0.4113388597932591,0.3888888888888889,0.2111111111111111,1133,42,Double_Q,7
15840,90,0.04305136146913158,0.5136055435444965,0.6555555555555556,0.06666666666666667,1133,42,Double_Q,7
15930,90,-0.18830441942155499,0.6231288863255454,0.5111111111111111,0.26666666666666666,1133,42,Double_Q,7
16020,90,-0.001477640897624263,0.6509876074630505,0.7222222222222222,0.2,1133,42,Double_Q,7
16110,90,0.08313159362511555,0.7974589003943908,0.7777777777777778,0.2111111111111111,1133,42,Double_Q,7
16200,90,0.09286184975902496,0.7260114858466287,0.8777777777777778,0.12222222222222222,1133,42,Double_Q,7
16290,90,0.07521494962742818,0.6669463556989996,0.6777777777777778,0.1,1133,42,Double_Q,7
16380,90,0.06206592387778526,0.5630458374504357,0.4111111111111111,0.2222222222222222,1133,42,Double_Q,7
16470,90,0.03757658172837439,0.8731273754643695,0.8777777777777778,0.2111111111111111,1133,42,Double_Q,7
16560,90,-0.09458583298976898,0.7969773309663528,0.5777777777777777,0.26666666666666666,1133,42,Double_Q,7
16650,90,-0.004793177181629524,0.8020934668961608,0.6111111111111112,0.3,1133,42,Double_Q,7
16740,90,-0.023365766419007918,0.7363176447857721,0.6,0.3,1133,42,Double_Q,7
16830,90,0.13826483820975516,0.7941490068681432,0.9111111111111111,0.06666666666666667,1133,42,Double_Q,7
16920,90,0.20242126434642288,0.7386681177291378,0.7555555555555555,0.15555555555555556,1133,42,Double_Q,7
17010,90,0.26498652612327217,0.6820987735037944,0.8222222222222222,0.16666666666666666,1133,42,Double_Q,7
17100,90,0.16165742269939637,0.7977242312687606,0.8555555555555555,0.2,1133,42,Double_Q,7
17190,90,0.04017832770472046,0.7341067581687235,0.6111111111111112,0.3,1133,42,Double_Q,7
17280,90,0.10491994950967706,0.5363886641071833,0.6888888888888889,0.3,1133,42,Double_Q,7
17370,90,0.004926400102469911,0.7569105863783017,0.6333333333333333,0.2,1133,42,Double_Q,7
17460,90,-0.029760395063147448,0.8859094853418615,0.6888888888888889,0.15555555555555556,1133,42,Double_Q,7
17550,90,0.0659310728697267,0.5349222764863671,0.4777777777777778,0.28888888888888886,1133,42,Double_Q,7
17640,90,0.27395168207163095,0.7119933528314522,0.7444444444444445,0.36666666666666664,1133,42,Double_Q,7
17730,90,-0.0566991059863033,0.7259206916354017,0.8555555555555555,0.12222222222222222,1133,42,Double_Q,7
17820,90,0.13994906172022534,0.7272738587852665,0.7222222222222222,0.14444444444444443,1133,42,Double_Q,7
17910,90,0.0601972222597507,0.8643847484387558,0.8555555555555555,0.12222222222222222,1133,42,Double_Q,7
18000,90,0.18176519330869667,1.395487688720657,0.8888888888888888,0.18888888888888888,1133,42,Double_Q,7
18090,90,0.12602126300220123,0.6633819176463158,0.7111111111111111,0.16666666666666666,1133,42,Double_Q,7
18180,90,0.05934760848490904,0.8704684090550875,0.7888888888888889,0.26666666666666666,1133,42,Double_Q,7
18270,90,0.06694010367053954,0.8203947414239245,0.9222222222222223,0.12222222222222222,1133,42,Double_Q,7
18360,90,0.0043660437715099705,0.9811502352988345,0.8444444444444444,0.16666666666666666,1133,42,Double_Q,7
18450,90,0.3095690302116551,0.7772032689160462,0.7666666666666667,0.25555555555555554,1133,42,Double_Q,7
18540,90,0.04720556067741102,0.790589557090311,0.7444444444444445,0.23333333333333334,1133,42,Double_Q,7
18630,90,0.21451427679115437,0.7889934299045627,0.8777777777777778,0.2111111111111111,1133,42,Double_Q,7
18720,90,0.014810550975107197,0.6190057137506277,0.43333333333333335,0.25555555555555554,1133,42,Double_Q,7
18810,90,0.04092466822858389,0.8612326555583757,0.8333333333333334,0.2222222222222222,1133,42,Double_Q,7
18900,90,0.0009495157770409829,0.8835745818819214,0.8333333333333334,0.15555555555555556,1133,42,Double_Q,7
18990,90,0.12609254794031927,0.6829529647434829,0.7,0.24444444444444444,1133,42,Double_Q,7
19080,90,0.24812565269401488,1.0343722407699731,0.8111111111111111,0.2222222222222222,1133,42,Double_Q,7
19170,90,-0.013775420277997516,0.7032683414752848,0.5777777777777777,0.43333333333333335,1133,42,Double_Q,7
19260,90,0.19097160953741404,1.1599740868929334,0.8777777777777778,0.18888888888888888,1133,42,Double_Q,7
19350,90,-0.0614630152146245,0.7420450702891854,0.4888888888888889,0.3111111111111111,1133,42,Double_Q,7
19440,90,0.10955028828084268,0.7461851652457413,0.8444444444444444,0.12222222222222222,1133,42,Double_Q,7
19530,90,0.035658033432708666,1.0750276669297198,0.8111111111111111,0.17777777777777778,1143,42,Double_Q,7
19620,90,-0.06158251484687632,0.6682389051897649,0.5777777777777777,0.24444444444444444,1143,42,Double_Q,7
19710,90,0.014717039754966235,0.8850312202916577,0.8222222222222222,0.13333333333333333,1143,42,Double_Q,7
19800,90,-0.16691800018411054,0.7334154068620914,0.6111111111111112,0.15555555555555556,1143,42,Double_Q,7
19890,90,-0.13893595954522978,0.7742550678683415,0.6333333333333333,0.23333333333333334,1143,42,Double_Q,7
19980,90,-0.04991199100768282,0.5634113876232113,0.43333333333333335,0.17777777777777778,1143,42,Double_Q,7
20070,90,0.22914032395188172,1.2840638001504414,0.8777777777777778,0.16666666666666666,1143,42,Double_Q,7
20160,90,0.06747513890307062,0.7249329735252159,0.5666666666666667,0.12222222222222222,1143,42,Double_Q,7
20250,90,0.013117813850195743,0.6841305056422429,0.9,0.2111111111111111,1143,42,Double_Q,7
20340,90,0.0532110262112335,1.533701619136037,0.7666666666666667,0.25555555555555554,1143,42,Double_Q,7
20430,90,0.0936516745192691,0.528076321584635,0.5222222222222223,0.2777777777777778,1143,42,Double_Q,7
20520,90,0.0022853671874627206,0.6955125396587244,0.9333333333333333,0.14444444444444443,1143,42,Double_Q,7
20610,90,-0.052388311906307404,1.5010961636127427,0.8888888888888888,0.1,1143,42,Double_Q,7
20700,90,0.07095114863835437,0.6724620428896678,0.7555555555555555,0.25555555555555554,1143,42,Double_Q,7
20790,90,0.13393930496514483,0.5259894949141534,0.4444444444444444,0.23333333333333334,1143,42,Double_Q,7
20880,90,0.06570603982604019,0.7103875998062184,0.7444444444444445,0.25555555555555554,1143,42,Double_Q,7
20970,90,-0.12108301861067232,0.6320696979450663,0.6,0.25555555555555554,1143,42,Double_Q,7
21060,90,-0.13200563582494254,0.6351299283782502,0.6111111111111112,0.32222222222222224,1143,42,Double_Q,7
21150,90,0.2510957740044684,0.9400644275471003,0.8777777777777778,0.16666666666666666,1143,42,Double_Q,7
21240,90,0.07876508903392325,0.6527941630662721,0.4666666666666667,0.2222222222222222,1143,42,Double_Q,7
21330,90,0.18167404439125995,0.6216488898969873,0.8333333333333334,0.07777777777777778,1143,42,Double_Q,7
21420,90,-0.09100908496411912,1.2521424324316057,0.7666666666666667,0.16666666666666666,1143,42,Double_Q,7
21510,90,0.2817751527323094,1.2305712381482816,0.8888888888888888,0.16666666666666666,1143,42,Double_Q,7
21600,90,0.008045986534413139,0.8970957419264194,0.8777777777777778,0.16666666666666666,1143,42,Double_Q,7
21690,90,0.0890745205462011,0.8274333410738103,0.8777777777777778,0.16666666666666666,1143,42,Double_Q,7
21780,90,0.09921111241688167,0.5844757010282938,0.43333333333333335,0.2,1143,42,Double_Q,7
21870,90,0.14271937062239498,0.556929747975581,0.45555555555555555,0.23333333333333334,1143,42,Double_Q,7
21960,90,-0.07755281013618984,1.1595493521390206,0.7666666666666667,0.16666666666666666,1143,42,Double_Q,7
22050,90,-0.11824049076384513,0.6636460475591514,0.6,0.07777777777777778,1143,42,Double_Q,7
22140,90,0.134689546661761,0.6362577174024795,0.45555555555555555,0.2111111111111111,1143,42,Double_Q,7
22230,90,0.3316743667119312,0.6979859989342192,0.8111111111111111,0.1,1143,42,Double_Q,7
22320,90,-0.026861220918806664,1.4217838437230021,0.8444444444444444,0.14444444444444443,1143,42,Double_Q,7
22410,90,0.11675715560300451,0.8169303772672803,0.6444444444444445,0.17777777777777778,1143,42,Double_Q,7
22500,90,0.07172321661920167,0.7752013451264579,0.7666666666666667,0.25555555555555554,1143,42,Double_Q,7
22590,90,-0.058254069182457534,0.8518547110409649,0.7333333333333333,0.2111111111111111,1143,42,Double_Q,7
22680,90,0.07260950055480121,1.5381097304171512,0.9111111111111111,0.14444444444444443,1143,42,Double_Q,7
22770,90,0.10447242923689162,0.8150862573894464,0.5777777777777777,0.2222222222222222,1143,42,Double_Q,7
22860,90,-0.02660510553716996,0.8345687091546199,0.6666666666666666,0.1,1143,42,Double_Q,7
22950,90,0.1305146118083004,0.4992366653158594,0.4444444444444444,0.25555555555555554,1143,42,Double_Q,7
23040,90,0.14896156222204485,0.8296057079833593,0.8777777777777778,0.16666666666666666,1143,42,Double_Q,7
23130,90,0.08980432223604205,0.7846475088953426,0.8555555555555555,0.14444444444444443,1143,42,Double_Q,7
23220,90,-0.06265047365739543,0.8623142594302973,0.6666666666666666,0.3,1143,42,Double_Q,7
23310,90,0.1361779538594688,1.5781583438739082,0.7888888888888889,0.2111111111111111,1143,42,Double_Q,7
23400,90,0.11262087569562033,0.5326317444568954,0.45555555555555555,0.25555555555555554,1143,42,Double_Q,7
23490,90,0.2993076675617525,0.6219301325382829,0.7444444444444445,0.03333333333333333,1143,42,Double_Q,7
23580,90,0.1065288924659549,0.5524229808886131,0.5111111111111111,0.2777777777777778,1143,42,Double_Q,7
23670,90,0.023391782119320678,0.8311376705830341,0.7888888888888889,0.1111111111111111,1143,42,Double_Q,7
23760,90,0.10198228477346771,0.7185924980759917,0.8,0.14444444444444443,1143,42,Double_Q,7
23850,90,0.17757284194852022,0.6607761550181558,0.9333333333333333,0.07777777777777778,1143,42,Double_Q,7
23940,90,0.1952809460114666,0.7445189054173729,0.7888888888888889,0.14444444444444443,1143,42,Double_Q,7
24000,60,0.3211070683498088,1.0216921453059373,0.9166666666666666,0.11666666666666667,1143,42,Double_Q,7
90,90,0.08328332794037051,0.43706552858826114,0.4222222222222222,0.4666666666666667,90,19,Double_Q,19
180,90,-0.032070257126590444,0.5950476680921036,0.4,0.3,180,21,Double_Q,19
270,90,0.15936869786105323,0.8660795583997782,0.6222222222222222,0.2777777777777778,270,22,Double_Q,19
360,90,0.16237277659142135,0.8187322899633748,0.8222222222222222,0.25555555555555554,294,22,Double_Q,19
450,90,0.13354150530017458,0.7016434020035948,0.6888888888888889,0.4111111111111111,384,22,Double_Q,19
540,90,0.02354360467971078,0.6922119650110902,0.6555555555555556,0.23333333333333334,427,25,Double_Q,19
630,90,-0.04036174993107527,0.7299732121003231,0.7333333333333333,0.25555555555555554,464,27,Double_Q,19
720,90,-0.09748856144926656,0.6636119611181405,0.5555555555555556,0.45555555555555555,554,32,Double_Q,19
810,90,-0.06568209968605696,1.1844613833221667,0.8222222222222222,0.24444444444444444,644,37,Double_Q,19
900,90,0.01595325369095848,0.6066766438857731,0.43333333333333335,0.3,709,37,Double_Q,19
990,90,-0.08856187750984919,0.8164625261025864,0.5777777777777777,0.4777777777777778,726,37,Double_Q,19
1080,90,0.03340177537471591,0.7766251380671758,0.5,0.36666666666666664,743,37,Double_Q,19
1170,90,0.013882294847074997,0.7062819205893114,0.6222222222222222,0.5222222222222223,743,37,Double_Q,19
1260,90,-0.05757100060006496,0.8685618051842823,0.6666666666666666,0.5333333333333333,749,37,Double_Q,19
1350,90,0.14292459185523196,0.720442411868048,0.7,0.3888888888888889,778,37,Double_Q,19
1440,90,-0.09281368230320215,0.7066006247344597,0.4888888888888889,0.4666666666666667,868,38,Double_Q,19
1530,90,0.12802702189012333,0.7009598695278103,0.6666666666666666,0.37777777777777777,871,38,Double_Q,19
1620,90,0.2331767790016614,0.6436956427040958,0.6888888888888889,0.32222222222222224,871,38,Double_Q,19
1710,90,-0.1457444029117541,0.6581927637383331,0.5111111111111111,0.4666666666666667,880,38,Double_Q,19
1800,90,-0.10608641019068597,0.5556705588010494,0.5333333333333333,0.5,911,38,Double_Q,19
1890,90,0.0652217762033609,0.8558567617721354,0.7222222222222222,0.32222222222222224,911,38,Double_Q,19
1980,90,-0.03366613680190997,0.4618287190736564,0.36666666666666664,0.4888888888888889,911,38,Double_Q,19
2070,90,0.12563811768096445,0.6198300247857024,0.3111111111111111,0.43333333333333335,911,38,Double_Q,19
2160,90,-0.07429322067919736,0.8507281920146594,0.5111111111111111,0.4111111111111111,922,38,Double_Q,19
2250,90,0.07712966846638011,0.550166725216653,0.6,0.24444444444444444,922,38,Double_Q,19
2340,90,0.17996967273730838,0.6220962319984774,0.5222222222222223,0.2111111111111111,922,39,Double_Q,19
2430,90,-0.11622839527156821,0.787547522024809,0.5666666666666667,0.2777777777777778,922,39,Double_Q,19
2520,90,-0.038376777389837344,0.7009818068314531,0.5444444444444444,0.3888888888888889,976,39,Double_Q,19
2610,90,-0.05205118221681008,0.41557449976197086,0.2111111111111111,0.28888888888888886,1060,41,Double_Q,19
2700,90,0.11917348724211922,0.5925598027061268,0.3333333333333333,0.2,1066,42,Double_Q,19
2790,90,-0.01790230422491981,0.4703669911905891,0.3888888888888889,0.17777777777777778,1066,42,Double_Q,19
2880,90,0.10568584800549378,0.69120866588383,0.6666666666666666,0.2111111111111111,1066,42,Double_Q,19
2970,90,-0.0012152261300628654,0.5363820597699083,0.3888888888888889,0.2,1066,42,Double_Q,19
3060,90,0.06378601956447003,0.8984854715370127,0.5666666666666667,0.4222222222222222,1066,42,Double_Q,19
3150,90,0.07329553143722474,0.683852837480675,0.6,0.2222222222222222,1066,42,Double_Q,19
3240,90,0.04889348843857366,0.4348498037456017,0.3111111111111111,0.26666666666666666,1066,42,Double_Q,19
3330,90,0.052271208911246515,0.6638807903133759,0.6,0.3888888888888889,1066,42,Double_Q,19
3420,90,-0.02346623057040241,0.8127928970357517,0.5444444444444444,0.4222222222222222,1066,42,Double_Q,19
3510,90,0.06785559304061176,0.3213944941420579,0.2222222222222222,0.2222222222222222,1066,42,Double_Q,19
3600,90,0.003286796601958416,0.41364068012852334,0.3888888888888889,0.6,1066,42,Double_Q,19
3690,90,0.0026894478537311728,0.34307757452782867,0.32222222222222224,0.35555555555555557,1066,42,Double_Q,19
3780,90,0.09408466199755972,0.6625314999310055,0.4777777777777778,0.5444444444444444,1066,42,Double_Q,19
3870,90,0.2047020668443768,0.6946460721204771,0.6444444444444445,0.3888888888888889,1066,42,Double_Q,19
3960,90,-0.08048426132060546,0.7446134976550675,0.5444444444444444,0.4222222222222222,1066,42,Double_Q,19
4050,90,0.13785473994048658,0.5475239547944414,0.3888888888888889,0.35555555555555557,1066,42,Double_Q,19
4140,90,0.09978998498908176,0.6145241116526452,0.5,0.28888888888888886,1066,42,Double_Q,19
4230,90,0.06869650496598236,0.38330728773766004,0.26666666666666666,0.32222222222222224,1066,42,Double_Q,19
4320,90,-0.033951850515929076,0.2643163312976822,0.2,0.16666666666666666,1071,42,Double_Q,19
4410,90,0.16935577811133262,0.7372047786322002,0.4222222222222222,0.4,1071,42,Double_Q,19
4500,90,-0.10623463437983384,0.9047238248752182,0.4111111111111111,0.3,1086,42,Double_Q,19
4590,90,0.06616280510604991,0.658003015944021,0.6222222222222222,0.3888888888888889,1091,42,Double_Q,19
4680,90,0.0010528665586861051,0.771176778836268,0.4777777777777778,0.2111111111111111,1091,42,Double_Q,19
4770,90,-0.018579320168781374,0.5164837781229272,0.25555555555555554,0.28888888888888886,1091,42,Double_Q,19
4860,90,0.019632595532197816,1.1348773119382485,0.4777777777777778,0.4666666666666667,1091,42,Double_Q,19
4950,90,-0.16529604938072925,0.8270888557777554,0.36666666666666664,0.32222222222222224,1091,42,Double_Q,19
5040,90,0.10017847291462192,0.5212059111839539,0.3333333333333333,0.2777777777777778,1091,42,Double_Q,19
5130,90,0.22758533922085805,0.6454798129753176,0.36666666666666664,0.14444444444444443,1091,42,Double_Q,19
5220,90,0.26403357188977195,0.6968727271531803,0.5888888888888889,0.14444444444444443,1091,42,Double_Q,19
5310,90,0.1145720229393665,0.601595656728543,0.5888888888888889,0.15555555555555556,1091,42,Double_Q,19
5400,90,0.21698100044174842,0.672771050303881,0.5777777777777777,0.15555555555555556,1091,42,Double_Q,19
5490,90,-0.06401310491391503,0.9598175200992676,0.43333333333333335,0.2222222222222222,1091,42,Double_Q,19
5580,90,-0.021774526322727084,0.7508635929539978,0.6111111111111112,0.4777777777777778,1091,42,Double_Q,19
5670,90,0.12612548780246038,0.48917054215508704,0.28888888888888886,0.28888888888888886,1091,42,Double_Q,19
5760,90,-0.2406388628673784,0.7646619266234258,0.5555555555555556,0.24444444444444444,1142,42,Double_Q,19
5850,90,-0.10963793287877155,0.9930751424567992,0.6222222222222222,0.32222222222222224,1142,42,Double_Q,19
5940,90,-0.11210468959303965,0.5007975939146263,0.43333333333333335,0.08888888888888889,1142,42,Double_Q,19
6030,90,-0.09951658477853376,0.6639705271912144,0.5,0.25555555555555554,1142,42,Double_Q,19
6120,90,0.043444209085508625,0.40712928077305927,0.23333333333333334,0.3111111111111111,1142,42,Double_Q,19
6210,90,-0.08045532623541544,0.45989604292421177,0.18888888888888888,0.16666666666666666,1142,42,Double_Q,19
6300,90,0.10618092992259626,0.6263182395042816,0.5333333333333333,0.18888888888888888,1142,42,Double_Q,19
6390,90,-0.205193421744533,0.641179328931679,0.3,0.23333333333333334,1142,42,Double_Q,19
6480,90,-0.026690978616633224,0.356859725581388,0.15555555555555556,0.25555555555555554,1142,42,Double_Q,19
6570,90,0.14600944520573778,0.7344530058619217,0.5888888888888889,0.23333333333333334,1142,42,Double_Q,19
6660,90,-0.1435615482166964,0.6974518209158287,0.5111111111111111,0.24444444444444444,1142,42,Double_Q,19
6750,90,-0.10981490430651195,0.7669104430156702,0.6777777777777778,0.3111111111111111,1142,42,Double_Q,19
6840,90,0.03176419685595525,0.794988845901776,0.5777777777777777,0.23333333333333334,1142,42,Double_Q,19
6930,90,-0.07639304612189687,0.7172976036900304,0.45555555555555555,0.2222222222222222,1142,42,Double_Q,19
7020,90,0.10963880610132933,0.721024863766449,0.6222222222222222,0.23333333333333334,1142,42,Double_Q,19
7110,90,0.12416158267218051,0.7232912444492426,0.8111111111111111,0.17777777777777778,1142,42,Double_Q,19
7200,90,0.18767037593371272,0.8747854370756403,0.6777777777777778,0.2,1142,42,Double_Q,19
7290,90,-0.09257647148056516,0.4765205188137713,0.35555555555555557,0.2,1142,42,Double_Q,19
7380,90,-0.017552703065770774,0.8602327494227178,0.6111111111111112,0.45555555555555555,1142,42,Double_Q,19
7470,90,0.10416010390129053,0.8108783385311864,0.5888888888888889,0.3,1142,42,Double_Q,19
7560,90,0.04981869021294483,0.6792772941101811,0.7777777777777778,0.2222222222222222,1142,42,Double_Q,19
7650,90,0.06334843712651007,0.7297375717561622,0.8777777777777778,0.15555555555555556,1142,42,Double_Q,19
7740,90,0.039920213733909686,0.7870405755986539,0.7555555555555555,0.28888888888888886,1142,42,Double_Q,19
7830,90,0.07332182181291814,0.772103392531689,0.6222222222222222,0.45555555555555555,1142,42,Double_Q,19
7920,90,0.25663320847519394,0.7848696384425539,0.8777777777777778,0.14444444444444443,1142,42,Double_Q,19
8010,90,-0.011516375828107073,1.0369500197503414,0.7222222222222222,0.4,1142,42,Double_Q,19
8100,90,0.030817130538499785,0.7096749863373076,0.7888888888888889,0.14444444444444443,1142,42,Double_Q,19
8190,90,0.2058578491639282,0.7796989073776779,0.8222222222222222,0.17777777777777778,1142,42,Double_Q,19
8280,90,0.17484769938429462,0.9359122595216747,0.8555555555555555,0.23333333333333334,1142,42,Double_Q,19
8370,90,0.26176258525950397,0.9309421744545543,0.8555555555555555,0.2111111111111111,1142,42,Double_Q,19
8460,90,-0.051781023308285434,0.9574013318167991,0.8888888888888888,0.18888888888888888,1142,42,Double_Q,19
8550,90,0.2518113566067569,0.8178677329467419,0.9,0.14444444444444443,1142,42,Double_Q,19
8640,90,-0.06590088010029269,0.8007474004137307,0.7555555555555555,0.23333333333333334,1142,42,Double_Q,19
8730,90,-0.04019302054184714,0.7184909476632558,0.7444444444444445,0.14444444444444443,1142,42,Double_Q,19
8820,90,-0.03562553431530165,0.672511979014581,0.5888888888888889,0.2222222222222222,1142,42,Double_Q,19
8910,90,0.2644577430275507,0.6447986668355568,0.6777777777777778,0.18888888888888888,1142,42,Double_Q,19
9000,90,0.006765851313688068,0.6550252474054186,0.8222222222222222,0.13333333333333333,1142,42,Double_Q,19
9090,90,-0.05931807413600355,0.8000026202665866,0.7111111111111111,0.1,1142,42,Double_Q,19
9180,90,0.03995525658206119,0.5653152814187127,0.6777777777777778,0.16666666666666666,1142,42,Double_Q,19
9270,90,-0.08549080064694303,0.7644465675723439,0.7111111111111111,0.17777777777777778,1142,42,Double_Q,19
9360,90,0.12753771895364366,0.6092499395839096,0.7111111111111111,0.2777777777777778,1142,42,Double_Q,19
9450,90,0.24838526552976858,0.7966540311989516,0.9111111111111111,0.14444444444444443,1142,42,Double_Q,19
9540,90,-0.09304949645772236,0.8759643286071814,0.7666666666666667,0.16666666666666666,1142,42,Double_Q,19
9630,90,-0.24806749026481054,0.6101073847083183,0.45555555555555555,0.17777777777777778,1142,42,Double_Q,19
9720,90,0.2710988881904912,1.1521479718934293,0.8222222222222222,0.23333333333333334,1142,42,Double_Q,19
9810,90,0.2908555500534811,1.1721820308623683,0.8666666666666667,0.2222222222222222,1142,42,Double_Q,19
9900,90,0.07794930084592908,1.4998496303580497,0.9555555555555556,0.1,1142,42,Double_Q,19
9990,90,0.09016219513126743,0.8541377312434616,0.8,0.25555555555555554,1142,42,Double_Q,19
10080,90,0.20822219476640763,0.710904369527868,0.6888888888888889,0.18888888888888888,1142,42,Double_Q,19
10170,90,-0.011960025143587634,0.8198943031854198,0.7444444444444445,0.16666666666666666,1142,42,Double_Q,19
10260,90,-0.02822039247807944,0.763033767421577,0.8222222222222222,0.2222222222222222,1142,42,Double_Q,19
10350,90,-0.044994137699710016,0.7654548811349545,0.4666666666666667,0.4111111111111111,1142,42,Double_Q,19
10440,90,-0.030243037675137144,0.8608785524020157,0.8222222222222222,0.06666666666666667,1142,42,Double_Q,19
10530,90,0.14745845649857714,1.0517500922909582,0.8222222222222222,0.24444444444444444,1142,42,Double_Q,19
10620,90,-0.1525826161620313,0.835090153050311,0.6555555555555556,0.25555555555555554,1142,42,Double_Q,19
10710,90,0.04983091468445088,0.7156016052573985,0.6666666666666666,0.2,1142,42,Double_Q,19
10800,90,-0.05012527076390502,0.8070238242641701,0.6333333333333333,0.35555555555555557,1148,42,Double_Q,19
10890,90,-0.08497526984817655,0.8222447086275625,0.6555555555555556,0.18888888888888888,1148,42,Double_Q,19
10980,90,-0.150636908562706,0.5848585588384788,0.45555555555555555,0.25555555555555554,1148,42,Double_Q,19
11070,90,-0.20351144990587142,0.713478786745585,0.5,0.37777777777777777,1148,42,Double_Q,19
11160,90,0.03629458369730764,0.8077872224660781,0.7666666666666667,0.14444444444444443,1148,42,Double_Q,19
11250,90,-0.11264627843975694,0.837436376769364,0.7222222222222222,0.14444444444444443,1148,42,Double_Q,19
11340,90,-0.07503877969646666,0.7573519401161366,0.6111111111111112,0.24444444444444444,1148,42,Double_Q,19
11430,90,0.16735316630937128,0.7485186026157248,0.6888888888888889,0.12222222222222222,1148,42,Double_Q,19
11520,90,-0.05787746196808573,0.7583934421837396,0.7,0.08888888888888889,1148,42,Double_Q,19
11610,90,0.06120116765952431,0.6443733423418039,0.6888888888888889,0.2111111111111111,1148,42,Double_Q,19
11700,90,0.13819027758335053,0.7309087179126775,0.6666666666666666,0.16666666666666666,1148,42,Double_Q,19
11790,90,-0.0671452531534499,0.7231230965429059,0.5333333333333333,0.2777777777777778,1148,42,Double_Q,19
11880,90,-0.08032517493925705,0.9178008101135351,0.7777777777777778,0.2222222222222222,1148,42,Double_Q,19
11970,90,0.10630972545268212,0.6923246782009822,0.7,0.18888888888888888,1148,42,Double_Q,19
12060,90,0.12658005057169297,0.7627323322076165,0.7333333333333333,0.1,1148,42,Double_Q,19
12150,90,-0.07111766931328262,0.7767034911032553,0.5555555555555556,0.3333333333333333,1148,42,Double_Q,19
12240,90,-0.021739228629379326,0.689807550515345,0.5888888888888889,0.4222222222222222,1148,42,Double_Q,19
12330,90,0.14402460021056054,0.9423219455493754,0.7777777777777778,0.35555555555555557,1148,42,Double_Q,19
12420,90,0.25551286439981286,0.7109266818974163,0.7777777777777778,0.12222222222222222,1148,42,Double_Q,19
12510,90,0.0505999898800101,0.8333913272423493,0.6888888888888889,0.43333333333333335,1148,42,Double_Q,19
12600,90,-0.0015902281751458895,0.6151704676561544,0.43333333333333335,0.5111111111111111,1148,42,Double_Q,19
12690,90,0.2957265489731196,0.8146105135642692,0.9,0.14444444444444443,1148,42,Double_Q,19
12780,90,0.03349326872490494,0.7042955521187941,0.6888888888888889,0.2777777777777778,1148,42,Double_Q,19
12870,90,-0.16597091811257034,0.8398863541502162,0.4888888888888889,0.32222222222222224,1148,42,Double_Q,19
12960,90,0.025806269909324407,0.5572390550190025,0.6,0.3333333333333333,1148,42,Double_Q,19
13050,90,-0.06263346129417917,0.7274766008403939,0.6,0.4,1148,42,Double_Q,19
13140,90,-0.04812959173598335,0.6641269412193024,0.6666666666666666,0.3888888888888889,1148,42,Double_Q,19
13230,90,-0.17766824983676333,1.161426728016267,0.6555555555555556,0.6111111111111112,1148,42,Double_Q,19
13320,90,-0.05572234247846394,0.6239580528434043,0.5222222222222223,0.4444444444444444,1148,42,Double_Q,19
13410,90,-0.10221765544908562,0.4746045309742728,0.3333333333333333,0.28888888888888886,1148,42,Double_Q,19
13500,90,-0.04063395441349708,0.6713454162593577,0.5777777777777777,0.23333333333333334,1148,42,Double_Q,19
13590,90,-0.0009593033288964752,0.7563207403332893,0.5777777777777777,0.45555555555555555,1148,42,Double_Q,19
13680,90,0.14683474042781297,0.7536629231006805,0.6444444444444445,0.32222222222222224,1148,42,Double_Q,19
13770,90,0.07410919013235365,0.757793659832273,0.7444444444444445,0.14444444444444443,1148,42,Double_Q,19
13860,90,-0.04313872076270458,0.6134576746778377,0.4222222222222222,0.3,1148,42,Double_Q,19
13950,90,0.08457706435338991,0.6730851731711971,0.5,0.2777777777777778,1148,42,Double_Q,19
14040,90,0.04331546633716654,0.6035913645322692,0.7333333333333333,0.3111111111111111,1148,42,Double_Q,19
14130,90,-0.03361278385998038,0.6925198599997594,0.5555555555555556,0.24444444444444444,1148,42,Double_Q,19
14220,90,-0.10968214070110079,0.7699160460545097,0.7,0.2111111111111111,1148,42,Double_Q,19
14310,90,0.07342771339113831,0.6801120747050775,0.8444444444444444,0.2,1148,42,Double_Q,19
14400,90,0.11880207105303528,0.6747488267989478,0.8666666666666667,0.14444444444444443,1148,42,Double_Q,19
14490,90,-0.05109834840581095,0.740378881636202,0.6777777777777778,0.2222222222222222,1148,42,Double_Q,19
14580,90,0.00400748285810474,0.6946365915155648,0.6111111111111112,0.32222222222222224,1148,42,Double_Q,19
14670,90,-0.027717758425013114,0.6610647554190499,0.4777777777777778,0.28888888888888886,1148,42,Double_Q,19
14760,90,-0.05751283620922148,0.740196317540064,0.7,0.34444444444444444,1148,42,Double_Q,19
14850,90,0.1063880749878602,0.7765172872419953,0.7888888888888889,0.26666666666666666,1148,42,Double_Q,19
14940,90,-0.00966239248410225,0.6202696875805457,0.5777777777777777,0.3333333333333333,1148,42,Double_Q,19
15030,90,-0.07163599991226065,0.7728449476194179,0.5333333333333333,0.35555555555555557,1148,42,Double_Q,19
15120,90,-0.049885071202623185,0.7492692314471496,0.5,0.4,1148,42,Double_Q,19
15210,90,0.2341210374368716,0.7453222964896415,0.6777777777777778,0.3333333333333333,1148,42,Double_Q,19
15300,90,-0.03775898998338962,0.6644754811944433,0.43333333333333335,0.18888888888888888,1148,42,Double_Q,19
15390,90,-0.04650201675012405,0.532730751023254,0.6,0.07777777777777778,1148,42,Double_Q,19
15480,90,0.08806217214541887,0.5971460129853422,0.6555555555555556,0.28888888888888886,1148,42,Double_Q,19
15570,90,0.22453081190484386,0.802251823347627,0.8222222222222222,0.16666666666666666,1148,42,Double_Q,19
15660,90,0.05245273549493168,0.7781744009208965,0.6333333333333333,0.2777777777777778,1148,42,Double_Q,19
15750,90,0.04059954811291732,0.4817299080615703,0.37777777777777777,0.4444444444444444,1148,42,Double_Q,19
15840,90,0.033597333241554096,0.7636189828858743,0.7555555555555555,0.14444444444444443,1148,42,Double_Q,19
15930,90,-0.09350640586113561,0.9270638891999394,0.8222222222222222,0.2111111111111111,1148,42,Double_Q,19
16020,90,0.1612182434088887,0.6694490783407562,0.7,0.14444444444444443,1148,42,Double_Q,19
16110,90,-0.09834209141177228,0.9496670482653556,0.5333333333333333,0.25555555555555554,1148,42,Double_Q,19
16200,90,0.10846753689297152,0.6879058810773546,0.7555555555555555,0.1111111111111111,1148,42,Double_Q,19
16290,90,-0.060850139288994506,0.509409657944733,0.4222222222222222,0.4,1148,42,Double_Q,19
16380,90,-0.006566292020205195,0.45720610875951445,0.32222222222222224,0.1,1148,42,Double_Q,19
16470,90,0.10345968880427642,0.84347385006757,0.7333333333333333,0.3111111111111111,1148,42,Double_Q,19
16560,90,-0.10715563401766999,0.5064363325896357,0.4222222222222222,0.23333333333333334,1148,42,Double_Q,19
16650,90,-0.0725620490462408,0.6580767823998346,0.43333333333333335,0.3333333333333333,1148,42,Double_Q,19
16740,90,-0.06370132118900182,0.6245063679698675,0.4,0.2,1148,42,Double_Q,19
16830,90,0.09766135656942508,0.7935172922895654,0.8,0.3333333333333333,1148,42,Double_Q,19
16920,90,-0.034761991877180355,0.8971217785240305,0.5555555555555556,0.43333333333333335,1148,42,Double_Q,19
17010,90,0.06912607387058871,0.6165471539512146,0.6444444444444445,0.23333333333333334,1148,42,Double_Q,19
17100,90,-0.09488390668377077,0.8877788492830462,0.7111111111111111,0.34444444444444444,1148,42,Double_Q,19
17190,90,0.1695756241955877,0.6076842568903826,0.5333333333333333,0.3888888888888889,1148,42,Double_Q,19
17280,90,-0.06172897194841312,0.5728259608423764,0.4666666666666667,0.28888888888888886,1148,42,Double_Q,19
17370,90,0.0476182218467965,0.6232803487934088,0.5666666666666667,0.4,1148,42,Double_Q,19
17460,90,0.10288449314705088,0.7080157896951293,0.6888888888888889,0.23333333333333334,1148,42,Double_Q,19
17550,90,0.015986616705628388,0.5078053628735832,0.4,0.35555555555555557,1148,42,Double_Q,19
17640,90,0.05794012955679057,0.7150136257875612,0.7111111111111111,0.2111111111111111,1148,42,Double_Q,19
17730,90,-0.1108161343449871,0.59823961202393,0.4222222222222222,0.28888888888888886,1148,42,Double_Q,19
17820,90,0.16652330843451335,0.8590829841967548,0.7111111111111111,0.3,1148,42,Double_Q,19
17910,90,-0.15351691935002026,0.6683782500433091,0.5333333333333333,0.37777777777777777,1148,42,Double_Q,19
18000,90,-0.09295437054865384,0.7758741073781986,0.45555555555555555,0.3888888888888889,1148,42,Double_Q,19
18090,90,0.09798891435081193,0.6832129758106614,0.7222222222222222,0.03333333333333333,1148,42,Double_Q,19
18180,90,-0.1326893796654849,0.5498727621815263,0.4,0.34444444444444444,1148,42,Double_Q,19
18270,90,0.07780141035066117,0.7818240818984866,0.8111111111111111,0.08888888888888889,1148,42,Double_Q,19
18360,90,-0.07039410717619828,0.6988149337122596,0.43333333333333335,0.4222222222222222,1148,42,Double_Q,19
18450,90,0.21857327060257326,0.7619896856899264,0.9,0.06666666666666667,1148,42,Double_Q,19
18540,90,0.04020716961853715,0.7647707199969643,0.6888888888888889,0.23333333333333334,1148,42,Double_Q,19
18630,90,-0.001595551310297307,0.5617153591762319,0.5333333333333333,0.4,1148,42,Double_Q,19
18720,90,0.08807185064498958,0.8350740981293484,0.6888888888888889,0.32222222222222224,1148,42,Double_Q,19
18810,90,-0.009056903313442539,0.7145663467920429,0.6888888888888889,0.25555555555555554,1148,42,Double_Q,19
18900,90,0.021904054860991905,0.5256275977147015,0.35555555555555557,0.5222222222222223,1148,42,Double_Q,19
18990,90,-0.14682632252153538,0.6864619036366186,0.4888888888888889,0.4,1148,42,Double_Q,19
19080,90,0.13764149531840697,0.7941173291423442,0.6777777777777778,0.26666666666666666,1148,42,Double_Q,19
19170,90,0.0519811305712307,0.6479039268440564,0.6222222222222222,0.34444444444444444,1148,42,Double_Q,19
19260,90,0.13560605174599527,0.8445692001331941,0.8444444444444444,0.25555555555555554,1148,42,Double_Q,19
19350,90,0.31853846113299245,0.8305901870195911,0.9555555555555556,0.07777777777777778,1148,42,Double_Q,19
19440,90,-0.02250390443777149,0.7383687197256448,0.8111111111111111,0.18888888888888888,1148,42,Double_Q,19
19530,90,-0.11406702118563616,0.8584340659674693,0.4888888888888889,0.37777777777777777,1148,42,Double_Q,19
19620,90,-0.05740809015530323,0.7983114826567165,0.4888888888888889,0.3,1148,42,Double_Q,19
19710,90,-0.1335030232564479,0.8290939254019102,0.6555555555555556,0.5444444444444444,1148,42,Double_Q,19
19800,90,-0.0916547551047741,0.46037042669968486,0.3,0.1111111111111111,1148,42,Double_Q,19
19890,90,0.29712412195561533,0.7864778839723117,0.8666666666666667,0.1111111111111111,1148,42,Double_Q,19
19980,90,-0.07364520017924796,0.7941197589352489,0.7777777777777778,0.2777777777777778,1148,42,Double_Q,19
20070,90,0.08235370540022147,0.8145395656375001,0.8555555555555555,0.13333333333333333,1148,42,Double_Q,19
20160,90,0.13468252396168193,1.460993231195224,0.8555555555555555,0.25555555555555554,1148,42,Double_Q,19
20250,90,0.1660432608071956,0.8282210651010085,0.7333333333333333,0.2222222222222222,1148,42,Double_Q,19
20340,90,-0.01323865723277442,0.675402611479248,0.5555555555555556,0.17777777777777778,1148,42,Double_Q,19
20430,90,0.19382624714683752,0.7098604970392329,0.7555555555555555,0.18888888888888888,1148,42,Double_Q,19
20520,90,-0.07215549367759826,0.7777730455586963,0.6666666666666666,0.08888888888888889,1148,42,Double_Q,19
20610,90,0.0028747953992389473,0.5245974627262039,0.4111111111111111,0.32222222222222224,1148,42,Double_Q,19
20700,90,-0.08904621502042386,0.4077419227947349,0.32222222222222224,0.14444444444444443,1148,42,Double_Q,19
20790,90,0.07251267700762634,0.7565346633243144,0.7444444444444445,0.12222222222222222,1148,42,Double_Q,19
20880,90,-0.10039298696000067,0.6675978030348101,0.4666666666666667,0.34444444444444444,1148,42,Double_Q,19
20970,90,0.24492744291541038,0.7978410590985583,0.6777777777777778,0.3,1148,42,Double_Q,19
21060,90,-0.11545012412973274,0.889769891498029,0.7555555555555555,0.1111111111111111,1148,42,Double_Q,19
21150,90,-0.0739072864426041,0.42550128822045397,0.3,0.16666666666666666,1148,42,Double_Q,19
21240,90,0.049089552447371246,0.8978547584222328,0.6,0.6111111111111112,1148,42,Double_Q,19
21330,90,-0.017877441651783593,0.7523631718086335,0.6777777777777778,0.18888888888888888,1148,42,Double_Q,19
21420,90,0.07224915460552847,0.8187760623668093,0.7888888888888889,0.25555555555555554,1148,42,Double_Q,19
21510,90,-0.03596300286103507,0.7522019031480041,0.5,0.3333333333333333,1148,42,Double_Q,19
21600,90,0.16074045443318252,0.7855853192201021,0.7888888888888889,0.12222222222222222,1148,42,Double_Q,19
21690,90,0.09072585679383269,0.7656009311584773,0.7222222222222222,0.16666666666666666,1148,42,Double_Q,19
21780,90,-0.0948901694006985,0.7526778793529911,0.6777777777777778,0.2,1148,42,Double_Q,19
21870,90,0.30809851115256476,0.8370475216355147,0.9,0.07777777777777778,1148,42,Double_Q,19
21960,90,0.08855363058326184,0.7188176489955108,0.7333333333333333,0.18888888888888888,1148,42,Double_Q,19
22050,90,0.18563442694169185,0.866686870285937,0.7111111111111111,0.3111111111111111,1148,42,Double_Q,19
22140,90,0.07976533782538381,0.6977212121092716,0.7666666666666667,0.3,1148,42,Double_Q,19
22230,90,0.19224877419743855,0.738906741788067,0.7222222222222222,0.2111111111111111,1148,42,Double_Q,19
22320,90,0.29578226519921824,0.8508719360337399,0.9222222222222223,0.16666666666666666,1148,42,Double_Q,19
22410,90,0.3326060819580216,0.9167106242863633,0.8666666666666667,0.14444444444444443,1148,42,Double_Q,19
22500,90,0.010324459926854348,0.716878141913337,0.6,0.2,1148,42,Double_Q,19
22590,90,-0.06310879494724493,0.7188700622403418,0.5777777777777777,0.25555555555555554,1148,42,Double_Q,19
22680,90,-0.024295176201177673,0.773757312419028,0.6111111111111112,0.12222222222222222,1148,42,Double_Q,19
22770,90,-0.06417760450632869,0.9062160154357131,0.6666666666666666,0.14444444444444443,1148,42,Double_Q,19
22860,90,0.0969615361289823,0.7515686340731987,0.7888888888888889,0.07777777777777778,1148,42,Double_Q,19
22950,90,0.193848115865394,0.7902880127985378,0.7222222222222222,0.28888888888888886,1148,42,Double_Q,19
23040,90,-0.018331985549356677,1.0325741914094284,0.6222222222222222,0.14444444444444443,1148,42,Double_Q,19
23130,90,0.005238086156341737,0.7887931416213311,0.8444444444444444,0.14444444444444443,1148,42,Double_Q,19
23220,90,0.09385436308494273,0.5822560587750141,0.4777777777777778,0.12222222222222222,1148,42,Double_Q,19
23310,90,0.029219431616409726,0.6632401519640089,0.7,0.17777777777777778,1148,42,Double_Q,19
23400,90,0.01241535602378135,0.6841026765402394,0.5111111111111111,0.28888888888888886,1148,42,Double_Q,19
23490,90,0.11215934555081143,0.67841484434618,0.9222222222222223,0.07777777777777778,1148,42,Double_Q,19
23580,90,0.1279265522901548,1.5789150262677174,0.8444444444444444,0.16666666666666666,1148,42,Double_Q,19
23670,90,-0.10837978031213855,0.6869007226221397,0.5333333333333333,0.2222222222222222,1148,42,Double_Q,19
23760,90,0.09397093751592601,0.7479321634982479,0.6888888888888889,0.2111111111111111,1148,42,Double_Q,19
23850,90,0.0011861098478283575,0.5701862163279918,0.6,0.17777777777777778,1148,42,Double_Q,19
23940,90,0.15651788033463696,0.6679216707430682,0.6888888888888889,0.14444444444444443,1148,42,Double_Q,19
24000,60,-0.107147332961629,0.6133372562980303,0.4166666666666667,0.15,1148,42,Double_Q,19
90,90,-0.06475921482878867,0.7270908434900871,0.5555555555555556,0.4111111111111111,90,18,Double_Q,43
180,90,-0.0750598205260631,0.6145561251163206,0.4,0.5555555555555556,180,25,Double_Q,43
270,90,0.19228800852739358,0.6907877161545788,0.5333333333333333,0.5888888888888889,270,26,Double_Q,43
360,90,0.11794879809570603,0.4800576054437114,0.3333333333333333,0.2222222222222222,360,32,Double_Q,43
450,90,-0.02898314518086767,0.869471445586872,0.6444444444444445,0.36666666666666664,426,33,Double_Q,43
540,90,0.03390768591562758,0.6039646835395119,0.4444444444444444,0.36666666666666664,458,33,Double_Q,43
630,90,0.0654092523937843,0.7149860162599625,0.7,0.3333333333333333,497,34,Double_Q,43
720,90,-0.013594280496586893,0.8954537960741716,0.4222222222222222,0.28888888888888886,587,34,Double_Q,43
810,90,0.004201934517077616,0.6172217895802375,0.5888888888888889,0.3111111111111111,677,34,Double_Q,43
900,90,0.03353825818411729,0.645997552761038,0.6444444444444445,0.2777777777777778,677,34,Double_Q,43
990,90,0.05056445775199181,0.6528532038166571,0.6333333333333333,0.3111111111111111,677,34,Double_Q,43
1080,90,0.2359444333376985,1.110926579281335,0.5111111111111111,0.2222222222222222,696,35,Double_Q,43
1170,90,0.07837867249941044,0.6060010865240282,0.5444444444444444,0.28888888888888886,700,35,Double_Q,43
1260,90,-0.13215918118397418,0.7185918728386781,0.5333333333333333,0.2777777777777778,728,35,Double_Q,43
1350,90,0.02790787523225053,0.6042653116671457,0.4444444444444444,0.4666666666666667,818,39,Double_Q,43
1440,90,0.0029302591841603074,0.6197480840487423,0.4777777777777778,0.4111111111111111,825,39,Double_Q,43
1530,90,-0.06664400131628703,0.6544080579231112,0.45555555555555555,0.43333333333333335,868,39,Double_Q,43
1620,90,-0.06596055819017217,0.6163931958908714,0.45555555555555555,0.4777777777777778,903,39,Double_Q,43
1710,90,0.04331118485897365,0.5821326154524787,0.45555555555555555,0.45555555555555555,917,39,Double_Q,43
1800,90,-0.12620611769047554,0.5942133301456153,0.4777777777777778,0.4111111111111111,917,39,Double_Q,43
1890,90,-0.09145249607929609,0.7434463907823265,0.5222222222222223,0.5,964,39,Double_Q,43
1980,90,-0.013248796270256664,0.8572328272517443,0.5222222222222223,0.37777777777777777,1017,39,Double_Q,43
2070,90,-0.1086221808460054,0.47974055205509886,0.35555555555555557,0.2777777777777778,1074,41,Double_Q,43
2160,90,-0.010712802426286914,0.663430205215824,0.5777777777777777,0.3,1074,41,Double_Q,43
2250,90,0.07779900594670626,0.687705257586117,0.4222222222222222,0.4,1074,41,Double_Q,43
2340,90,0.09357140966997785,0.6223193028135344,0.34444444444444444,0.6555555555555556,1074,41,Double_Q,43
2430,90,-0.041389108067072196,0.6369948030370463,0.4222222222222222,0.6666666666666666,1074,41,Double_Q,43
2520,90,0.020201025998581226,0.5797479200944002,0.4444444444444444,0.5666666666666667,1092,41,Double_Q,43
2610,90,0.1501489064216313,0.8341085264641721,0.5666666666666667,0.5888888888888889,1092,41,Double_Q,43
2700,90,0.11907801292283654,0.8048665180737646,0.7,0.34444444444444444,1092,41,Double_Q,43
2790,90,-0.018095266853943436,0.7492729930890988,0.5444444444444444,0.4444444444444444,1092,41,Double_Q,43
2880,90,-0.010060172311338218,0.5678539568710994,0.43333333333333335,0.5333333333333333,1092,41,Double_Q,43
2970,90,-0.11371045698274027,0.7952970282205124,0.5888888888888889,0.6888888888888889,1092,41,Double_Q,43
3060,90,0.07123180898912229,0.7095516397648477,0.5333333333333333,0.6222222222222222,1092,42,Double_Q,43
3150,90,-0.007479876496205702,0.7880591969840615,0.6111111111111112,0.5888888888888889,1092,42,Double_Q,43
3240,90,-0.07593475604080416,0.5276526267944072,0.2222222222222222,0.4444444444444444,1092,42,Double_Q,43
3330,90,0.060601252390988174,0.7377074972849496,0.4777777777777778,0.6666666666666666,1092,42,Double_Q,43
3420,90,-0.036199853015727534,0.5926220677154178,0.7,0.2111111111111111,1092,42,Double_Q,43
3510,90,-0.1016006378950628,0.6660176534315282,0.6666666666666666,0.5,1092,42,Double_Q,43
3600,90,-0.09313421114460843,0.5979818800912053,0.5222222222222223,0.4666666666666667,1092,42,Double_Q,43
3690,90,0.04344286752428517,0.5146704944982019,0.36666666666666664,0.4222222222222222,1092,42,Double_Q,43
3780,90,-0.07549580062104799,0.35593077225986414,0.2111111111111111,0.3111111111111111,1092,42,Double_Q,43
3870,90,0.05374951572371997,0.32106709127195426,0.24444444444444444,0.18888888888888888,1095,42,Double_Q,43
3960,90,0.12550142851568985,0.6016207180639568,0.4,0.43333333333333335,1095,42,Double_Q,43
4050,90,-0.16801370737659033,0.7359699713562204,0.5666666666666667,0.2222222222222222,1132,42,Double_Q,43
4140,90,0.07075026615805727,0.6222157548953718,0.7444444444444445,0.12222222222222222,1132,42,Double_Q,43
4230,90,0.01605803079418924,0.6038894907972983,0.6666666666666666,0.23333333333333334,1132,42,Double_Q,43
4320,90,-0.04492635459106882,0.6196228301291365,0.7111111111111111,0.23333333333333334,1132,42,Double_Q,43
4410,90,-0.06771592408553087,0.3788945830941432,0.24444444444444444,0.4,1132,42,Double_Q,43
4500,90,0.06577278740465185,0.6879758141454378,0.4444444444444444,0.32222222222222224,1132,42,Double_Q,43
4590,90,0.16878589502987978,0.569351684923283,0.5666666666666667,0.34444444444444444,1132,42,Double_Q,43
4680,90,-0.05299530142684965,0.8136344632232394,0.7,0.34444444444444444,1132,42,Double_Q,43
4770,90,0.05246398502990768,0.7528316353613248,0.8888888888888888,0.12222222222222222,1132,42,Double_Q,43
4860,90,0.1571633961278335,0.6435677706415155,0.5666666666666667,0.3888888888888889,1132,42,Double_Q,43
4950,90,-0.1536095767609043,0.6760364866372284,0.4666666666666667,0.2111111111111111,1132,42,Double_Q,43
5040,90,-0.00278984936692313,0.5332141966860656,0.4111111111111111,0.2222222222222222,1132,42,Double_Q,43
5130,90,-0.1304824062981034,0.7400179143634813,0.6444444444444445,0.28888888888888886,1132,42,Double_Q,43
5220,90,0.08586799080840654,0.7276830826915717,0.6777777777777778,0.5,1132,42,Double_Q,43
5310,90,-0.005031864697565934,0.6786580015040835,0.6222222222222222,0.2111111111111111,1132,42,Double_Q,43
5400,90,0.049282808386669846,0.6231773428686913,0.28888888888888886,0.5222222222222223,1132,42,Double_Q,43
5490,90,0.24391043120220618,0.7626887542973098,0.7777777777777778,0.13333333333333333,1132,42,Double_Q,43
5580,90,0.10878153535020287,0.5947656582060042,0.2777777777777778,0.35555555555555557,1132,42,Double_Q,43
5670,90,0.18020252702829695,0.6096794470097875,0.3333333333333333,0.4888888888888889,1132,42,Double_Q,43
5760,90,0.15498924983774948,0.8711680364074083,0.8555555555555555,0.2777777777777778,1132,42,Double_Q,43
5850,90,-0.06950942232335304,1.0283657676344118,0.6222222222222222,0.7111111111111111,1136,42,Double_Q,43
5940,90,-0.06831721627501923,0.7273248226685219,0.5777777777777777,0.4777777777777778,1136,42,Double_Q,43
6030,90,0.05453133940151685,0.8064310142414521,0.8555555555555555,0.2777777777777778,1136,42,Double_Q,43
6120,90,-0.09116178749153646,0.9459727146139237,0.7555555555555555,0.5,1136,42,Double_Q,43
6210,90,-0.10269636140893908,0.7303286684617736,0.5444444444444444,0.6888888888888889,1136,42,Double_Q,43
6300,90,0.05786730377258061,0.7894392397675186,0.7111111111111111,0.4777777777777778,1136,42,Double_Q,43
6390,90,-0.07180916511459753,0.7487287604532077,0.7111111111111111,0.2777777777777778,1136,42,Double_Q,43
6480,90,0.09158727549454747,0.8820949597849737,0.6333333333333333,0.25555555555555554,1136,42,Double_Q,43
6570,90,0.04817011383364716,0.9085277226976229,0.4777777777777778,0.26666666666666666,1136,42,Double_Q,43
6660,90,0.152383503489536,1.0062887511143905,0.6111111111111112,0.32222222222222224,1136,42,Double_Q,43
6750,90,-0.024332065512309854,0.6420482985897406,0.7111111111111111,0.26666666666666666,1136,42,Double_Q,43
6840,90,0.020767327677769357,0.6666133812344756,0.6888888888888889,0.3333333333333333,1136,42,Double_Q,43
6930,90,0.09508445080270253,0.8736243876415732,0.7888888888888889,0.36666666666666664,1136,42,Double_Q,43
7020,90,-0.10971578503915767,1.0086713796832774,0.7444444444444445,0.45555555555555555,1136,42,Double_Q,43
7110,90,0.12343903444274401,0.7582060679070676,0.7222222222222222,0.2777777777777778,1136,42,Double_Q,43
7200,90,0.09293999714101629,0.8418654044343108,0.7555555555555555,0.18888888888888888,1136,42,Double_Q,43
7290,90,0.033150177828458034,0.9916951308624952,0.7333333333333333,0.2777777777777778,1136,42,Double_Q,43
7380,90,-0.0033191310801924025,0.5772400559750673,0.6,0.4,1136,42,Double_Q,43
7470,90,0.011011602549568286,0.8401670554022511,0.6888888888888889,0.35555555555555557,1136,42,Double_Q,43
7560,90,0.1552519155333717,1.0243434686045256,0.7222222222222222,0.25555555555555554,1138,42,Double_Q,43
7650,90,0.21210382518893034,0.5523374529095242,0.4888888888888889,0.2111111111111111,1138,42,Double_Q,43
7740,90,0.10229702392869952,0.6407338302610533,0.6222222222222222,0.26666666666666666,1138,42,Double_Q,43
7830,90,0.08512802796229979,0.6391068390663103,0.6,0.14444444444444443,1138,42,Double_Q,43
7920,90,-0.12220149607570288,0.7244520786325878,0.6444444444444445,0.25555555555555554,1138,42,Double_Q,43
8010,90,-0.07738537301162202,0.7577847622179514,0.6333333333333333,0.18888888888888888,1138,42,Double_Q,43
8100,90,0.13376785863027227,0.7478256311275892,0.6222222222222222,0.3111111111111111,1138,42,Double_Q,43
8190,90,0.07033794093885777,0.45858317611217153,0.5333333333333333,0.35555555555555557,1138,42,Double_Q,43
8280,90,-0.13895820787789373,0.9293484923331689,0.7666666666666667,0.3888888888888889,1138,42,Double_Q,43
8370,90,-0.14346044684425552,0.7165588903538863,0.7111111111111111,0.5,1138,42,Double_Q,43
8460,90,-0.14106272074713758,0.9328344060564314,0.7111111111111111,0.37777777777777777,1138,42,Double_Q,43
8550,90,0.04511567290124118,0.6487829082591456,0.6777777777777778,0.3888888888888889,1138,42,Double_Q,43
8640,90,-0.002861115757153041,0.563447990751779,0.3333333333333333,0.18888888888888888,1138,42,Double_Q,43
8730,90,-0.02894245325965821,0.8389754684972576,0.6666666666666666,0.2222222222222222,1138,42,Double_Q,43
8820,90,0.13109125503071248,0.7368032178079943,0.6444444444444445,0.044444444444444446,1138,42,Double_Q,43
8910,90,0.027848235164460645,0.5508436865838029,0.4666666666666667,0.3333333333333333,1138,42,Double_Q,43
9000,90,-0.025287570572096386,0.6180221431964963,0.4666666666666667,0.4,1138,42,Double_Q,43
9090,90,-0.12024597568624619,0.590359486146385,0.5,0.12222222222222222,1138,42,Double_Q,43
9180,90,-0.025894554899161332,0.6769115781388053,0.5777777777777777,0.17777777777777778,1138,42,Double_Q,43
9270,90,-0.10749913924068796,0.5882801902692886,0.43333333333333335,0.43333333333333335,1138,42,Double_Q,43
9360,90,0.054036591614470525,0.7581534966382473,0.6666666666666666,0.3,1138,42,Double_Q,43
9450,90,0.07278028619285166,0.4955205392879199,0.4888888888888889,0.2222222222222222,1138,42,Double_Q,43
9540,90,0.07400392572967314,0.7055523250838239,0.7333333333333333,0.2111111111111111,1138,42,Double_Q,43
9630,90,0.06405073474192197,0.7479383273552863,0.6,0.12222222222222222,1138,42,Double_Q,43
9720,90,0.02976458734314863,0.6898993492113933,0.6333333333333333,0.14444444444444443,1138,42,Double_Q,43
9810,90,0.019840567816589945,0.5374182910620428,0.5333333333333333,0.18888888888888888,1138,42,Double_Q,43
9900,90,0.16760061783774693,0.7761022285184848,0.5111111111111111,0.12222222222222222,1138,42,Double_Q,43
9990,90,0.06830787214775004,0.5000155154085751,0.5111111111111111,0.23333333333333334,1138,42,Double_Q,43
10080,90,0.1444877498111959,0.6049432561169444,0.5111111111111111,0.24444444444444444,1138,42,Double_Q,43
10170,90,0.047167140494881916,0.8706182919173582,0.6666666666666666,0.13333333333333333,1138,42,Double_Q,43
10260,90,-0.010165349068327492,0.7063518278787012,0.5111111111111111,0.24444444444444444,1138,42,Double_Q,43
10350,90,0.16751176867251802,0.6389250713976248,0.6666666666666666,0.18888888888888888,1138,42,Double_Q,43
10440,90,0.010413195497371741,0.5694641100265183,0.5222222222222223,0.25555555555555554,1138,42,Double_Q,43
10530,90,-0.12777505614005663,0.6171625863751682,0.45555555555555555,0.2,1138,42,Double_Q,43
10620,90,-0.02766422513001884,0.740129819693026,0.5666666666666667,0.2,1138,42,Double_Q,43
10710,90,-0.16107137072654434,0.6097744406966243,0.45555555555555555,0.34444444444444444,1138,42,Double_Q,43
10800,90,0.08746150697930538,0.4902003240763817,0.5666666666666667,0.3111111111111111,1138,42,Double_Q,43
10890,90,0.09561802926057451,0.6403756033952636,0.6,0.3111111111111111,1138,42,Double_Q,43
10980,90,-0.02694631759719805,0.5210113473186447,0.4111111111111111,0.2777777777777778,1138,42,Double_Q,43
11070,90,-0.05522740789662795,0.6142009447262048,0.45555555555555555,0.18888888888888888,1138,42,Double_Q,43
11160,90,0.05639175070012456,0.6387744882622175,0.7444444444444445,0.2,1138,42,Double_Q,43
11250,90,-0.10693220627674133,0.791410074240197,0.5666666666666667,0.26666666666666666,1138,42,Double_Q,43
11340,90,0.14790537622846478,0.8131051953141541,0.9,0.15555555555555556,1138,42,Double_Q,43
11430,90,0.12827499185355778,0.5495745046885644,0.5222222222222223,0.16666666666666666,1138,42,Double_Q,43
11520,90,-0.016566992222469858,0.43570474720245134,0.3888888888888889,0.23333333333333334,1138,42,Double_Q,43
11610,90,-0.11853855030279947,0.611801010057552,0.4444444444444444,0.23333333333333334,1138,42,Double_Q,43
11700,90,0.06269167745492112,0.6741855264396158,0.5111111111111111,0.25555555555555554,1138,42,Double_Q,43
11790,90,0.058960572138294684,0.7490158458780248,0.6555555555555556,0.17777777777777778,1138,42,Double_Q,43
11880,90,0.1077380100058157,0.9436348546188362,0.43333333333333335,0.17777777777777778,1138,42,Double_Q,43
11970,90,0.16535508828812556,0.9939332615883845,0.5888888888888889,0.18888888888888888,1138,42,Double_Q,43
12060,90,0.08265060603403587,0.5911326909542569,0.6777777777777778,0.07777777777777778,1138,42,Double_Q,43
12150,90,0.06602474139026138,0.588096794892388,0.5777777777777777,0.18888888888888888,1138,42,Double_Q,43
12240,90,0.07463567888362063,0.7315876689321925,0.6111111111111112,0.1,1138,42,Double_Q,43
12330,90,0.15191029478637127,0.7717848724560948,0.9,0.1,1138,42,Double_Q,43
12420,90,0.05993487065190791,0.2960165537850235,0.3111111111111111,0.07777777777777778,1138,42,Double_Q,43
12510,90,0.043690297706594196,0.8916395941397048,0.7,0.2,1138,42,Double_Q,43
12600,90,0.08802871599682435,1.1432380825017945,0.6444444444444445,0.3,1138,42,Double_Q,43
12690,90,0.2070552651804601,0.44817780300512194,0.37777777777777777,0.2222222222222222,1138,42,Double_Q,43
12780,90,0.11955296178633527,0.6514274324622757,0.4888888888888889,0.24444444444444444,1138,42,Double_Q,43
12870,90,0.05529925348616887,0.49452836278344675,0.4444444444444444,0.25555555555555554,1138,42,Double_Q,43
12960,90,0.11548525461166044,1.0077253023126713,0.5888888888888889,0.14444444444444443,1138,42,Double_Q,43
13050,90,0.06860476137936104,0.6354376169562329,0.3333333333333333,0.13333333333333333,1138,42,Double_Q,43
13140,90,-0.020066741747160794,0.7660776514093617,0.7,0.2222222222222222,1138,42,Double_Q,43
13230,90,0.10145532708779077,0.4007655822895958,0.28888888888888886,0.2,1138,42,Double_Q,43
13320,90,-0.132163151997045,0.6792014872152333,0.4666666666666667,0.2111111111111111,1138,42,Double_Q,43
13410,90,-0.09821083976096784,0.7217438828048642,0.5777777777777777,0.17777777777777778,1138,42,Double_Q,43
13500,90,-0.06267047010234199,0.7019516999164294,0.5666666666666667,0.17777777777777778,1138,42,Double_Q,43
13590,90,0.04069214828415158,0.5335171385841713,0.5444444444444444,0.3,1138,42,Double_Q,43
13680,90,-0.09936589664419054,0.7617579630921576,0.5666666666666667,0.3333333333333333,1138,42,Double_Q,43
13770,90,0.032206381934155,0.8793730244559046,0.3888888888888889,0.17777777777777778,1138,42,Double_Q,43
13860,90,0.029101381221779694,0.48712907758689805,0.4222222222222222,0.23333333333333334,1138,42,Double_Q,43
13950,90,-0.008040579421607867,0.7799719687907596,0.6222222222222222,0.2111111111111111,1138,42,Double_Q,43
14040,90,-0.0383395971641538,0.5614296949812561,0.4222222222222222,0.2222222222222222,1138,42,Double_Q,43
14130,90,0.11936697620877836,0.7160455429994589,0.6555555555555556,0.2,1138,42,Double_Q,43
14220,90,0.1010720859310905,0.7264068677992181,0.7,0.26666666666666666,1138,42,Double_Q,43
14310,90,0.14519711839719415,0.6822260035465881,0.6222222222222222,0.2111111111111111,1138,42,Double_Q,43
14400,90,-0.033841678821944464,0.5531180566110095,0.5666666666666667,0.17777777777777778,1138,42,Double_Q,43
14490,90,0.10921341709060235,0.9566621202486719,0.37777777777777777,0.17777777777777778,1138,42,Double_Q,43
14580,90,0.0671360102484377,0.5312681129207202,0.5222222222222223,0.2111111111111111,1138,42,Double_Q,43
14670,90,-0.04652941999358256,0.6674738715840666,0.5222222222222223,0.2111111111111111,1138,42,Double_Q,43
14760,90,0.22528955328113093,0.633275547053268,0.5777777777777777,0.18888888888888888,1138,42,Double_Q,43
14850,90,0.07028342601737778,0.6912519109625276,0.6555555555555556,0.32222222222222224,1138,42,Double_Q,43
14940,90,-0.034580969749045995,0.93280420320759,0.6111111111111112,0.2111111111111111,1138,42,Double_Q,43
15030,90,0.016415067719715414,0.5718838319724049,0.4666666666666667,0.36666666666666664,1138,42,Double_Q,43
15120,90,0.21702438313121,0.7100280118187703,0.7888888888888889,0.16666666666666666,1138,42,Double_Q,43
15210,90,0.043959451288694884,0.7176114330437279,0.6888888888888889,0.2777777777777778,1138,42,Double_Q,43
15300,90,-0.0055843538092590845,0.7276087312541499,0.6888888888888889,0.5,1138,42,Double_Q,43
15390,90,0.04288663288078179,0.5850662503672206,0.7777777777777778,0.37777777777777777,1138,42,Double_Q,43
15480,90,0.12624578919042426,0.7637240296126266,0.7444444444444445,0.32222222222222224,1138,42,Double_Q,43
15570,90,0.06350783309801761,0.6571268561653848,0.7555555555555555,0.36666666666666664,1138,42,Double_Q,43
15660,90,-0.07860450543942434,0.7127480431769835,0.6,0.3333333333333333,1138,42,Double_Q,43
15750,90,0.1527758160270848,0.7946232498936264,0.6,0.2111111111111111,1138,42,Double_Q,43
15840,90,0.07695604495932791,0.5962838134380691,0.6111111111111112,0.5,1138,42,Double_Q,43
15930,90,-0.029889108053411093,0.6351122312881899,0.5,0.24444444444444444,1138,42,Double_Q,43
16020,90,-0.0023332362575798305,0.6945141601586486,0.8777777777777778,0.05555555555555555,1138,42,Double_Q,43
16110,90,0.14612125580877777,0.7643681083460852,0.6111111111111112,0.36666666666666664,1138,42,Double_Q,43
16200,90,-0.020799552231196335,0.8142340023741544,0.6222222222222222,0.35555555555555557,1138,42,Double_Q,43
16290,90,-0.0983498316156858,0.7034476314776452,0.6444444444444445,0.2111111111111111,1141,42,Double_Q,43
16380,90,0.11724831842886776,0.59855159525525,0.5888888888888889,0.17777777777777778,1141,42,Double_Q,43
16470,90,0.03145392771973794,0.7808752374982972,0.6888888888888889,0.2111111111111111,1141,42,Double_Q,43
16560,90,0.10165942722895872,0.6985972408947535,0.7444444444444445,0.14444444444444443,1141,42,Double_Q,43
16650,90,0.20243643186800878,1.2496991137661755,0.5555555555555556,0.2,1141,42,Double_Q,43
16740,90,-0.014163375483122917,0.7292454503336755,0.6666666666666666,0.12222222222222222,1141,42,Double_Q,43
16830,90,0.258495224870903,1.2167339941914412,0.6,0.13333333333333333,1141,42,Double_Q,43
16920,90,-0.16732256371195023,0.5644309572123745,0.4666666666666667,0.1111111111111111,1141,42,Double_Q,43
17010,90,0.11474619007104775,0.8187865003681709,0.6111111111111112,0.23333333333333334,1141,42,Double_Q,43
17100,90,0.040935523688822695,0.746161558587769,0.7111111111111111,0.12222222222222222,1141,42,Double_Q,43
17190,90,0.16443106994859377,0.6802101501232376,0.7333333333333333,0.16666666666666666,1141,42,Double_Q,43
17280,90,0.05983971437894016,0.6817941099387185,0.7,0.12222222222222222,1141,42,Double_Q,43
17370,90,0.16110722830212743,0.758581337556036,0.7666666666666667,0.1,1141,42,Double_Q,43
17460,90,0.05493168264583248,0.6014193894070947,0.5666666666666667,0.14444444444444443,1141,42,Double_Q,43
17550,90,-0.16494755313513268,0.6264261685553376,0.4666666666666667,0.17777777777777778,1141,42,Double_Q,43
17640,90,-0.011411682975235123,0.6108693720739641,0.45555555555555555,0.3333333333333333,1141,42,Double_Q,43
17730,90,-0.025541433778793005,0.7040456786201836,0.8555555555555555,0.1111111111111111,1141,42,Double_Q,43
17820,90,0.015490609720519195,0.737745349746093,0.6888888888888889,0.2111111111111111,1141,42,Double_Q,43
17910,90,-0.01264464061782401,0.45875225915314066,0.28888888888888886,0.24444444444444444,1141,42,Double_Q,43
18000,90,0.11206616654432071,0.7775808329869542,0.8555555555555555,0.25555555555555554,1141,42,Double_Q,43
18090,90,0.1496514201001032,0.7748142368476401,0.8111111111111111,0.2111111111111111,1141,42,Double_Q,43
18180,90,0.11468777391265882,0.8332256490892992,0.37777777777777777,0.14444444444444443,1141,42,Double_Q,43
18270,90,-0.07480691920842218,0.806964361257738,0.7111111111111111,0.18888888888888888,1141,42,Double_Q,43
18360,90,-0.027630414295697067,0.736356263109536,0.5333333333333333,0.24444444444444444,1141,42,Double_Q,43
18450,90,0.1798297554307967,0.929070609267577,0.4222222222222222,0.13333333333333333,1141,42,Double_Q,43
18540,90,-0.012362798480588563,0.6268931174845138,0.5888888888888889,0.23333333333333334,1141,42,Double_Q,43
18630,90,-0.09559790613616599,0.6777110490909227,0.5222222222222223,0.26666666666666666,1142,42,Double_Q,43
18720,90,0.2874292222769708,0.7370095412682717,0.7888888888888889,0.05555555555555555,1142,42,Double_Q,43
18810,90,0.1059560752030492,0.7986153169439173,0.7888888888888889,0.2777777777777778,1142,42,Double_Q,43
18900,90,0.20580755432167952,0.8627633411958734,0.8555555555555555,0.12222222222222222,1142,42,Double_Q,43
18990,90,-0.04343306134367922,0.7297624465804006,0.5888888888888889,0.45555555555555555,1142,42,Double_Q,43
19080,90,0.10740457689718114,0.6679487332577455,0.6222222222222222,0.25555555555555554,1142,42,Double_Q,43
19170,90,0.036141850462557606,0.8965742461110915,0.6333333333333333,0.07777777777777778,1142,42,Double_Q,43
19260,90,0.13627172896121478,0.9620244448445772,0.4777777777777778,0.15555555555555556,1142,42,Double_Q,43
19350,90,-0.11194977221102793,0.6105848222834903,0.45555555555555555,0.2,1142,42,Double_Q,43
19440,90,0.005096580641669751,0.7182756455061423,0.6222222222222222,0.24444444444444444,1142,42,Double_Q,43
19530,90,-0.0840322126304634,0.6131473847088738,0.43333333333333335,0.13333333333333333,1142,42,Double_Q,43
19620,90,-0.009075428139570924,0.7501174426344616,0.7,0.23333333333333334,1142,42,Double_Q,43
19710,90,0.08005735590754075,0.6170721146092009,0.6,0.16666666666666666,1142,42,Double_Q,43
19800,90,-0.05517879221508753,0.36976374429456726,0.28888888888888886,0.17777777777777778,1142,42,Double_Q,43
19890,90,-0.09463054784287325,0.8496484650043385,0.6,0.3111111111111111,1142,42,Double_Q,43
19980,90,0.10577929927445963,0.8877133803652378,0.3888888888888889,0.1111111111111111,1142,42,Double_Q,43
20070,90,0.31457133785657776,1.2693824536298364,0.5888888888888889,0.08888888888888889,1142,42,Double_Q,43
20160,90,0.08331715547412867,0.6339177794801665,0.3888888888888889,0.24444444444444444,1142,42,Double_Q,43
20250,90,0.19666103557789186,0.8012326658869819,0.8444444444444444,0.08888888888888889,1142,42,Double_Q,43
20340,90,0.005678274700374546,0.7954193257602906,0.7777777777777778,0.13333333333333333,1142,42,Double_Q,43
20430,90,-0.06257418053942067,0.7841153452601602,0.5666666666666667,0.24444444444444444,1142,42,Double_Q,43
20520,90,-0.11241519610092567,0.47325296119118815,0.3111111111111111,0.12222222222222222,1142,42,Double_Q,43
20610,90,0.04451132667370767,0.298855542207289,0.2,0.15555555555555556,1142,42,Double_Q,43
20700,90,-0.07037931190542933,0.6123536960517447,0.5222222222222223,0.3888888888888889,1142,42,Double_Q,43
20790,90,-0.10291371641233107,0.7018260117378775,0.6222222222222222,0.25555555555555554,1142,42,Double_Q,43
20880,90,0.34084455910038625,1.2487367012745958,0.6,0.14444444444444443,1142,42,Double_Q,43
20970,90,0.12688905687122332,0.8341580126672472,0.8777777777777778,0.2111111111111111,1142,42,Double_Q,43
21060,90,-0.11978146920474889,0.6555478990760607,0.4777777777777778,0.18888888888888888,1142,42,Double_Q,43
21150,90,-0.06428696422408446,0.5588447694991093,0.4777777777777778,0.12222222222222222,1142,42,Double_Q,43
21240,90,0.2459807259849412,1.1264622813560075,0.5111111111111111,0.2,1142,42,Double_Q,43
21330,90,0.19050328805075442,0.5054510095460653,0.4666666666666667,0.13333333333333333,1142,42,Double_Q,43
21420,90,-0.10666046811295327,0.7291561532727483,0.5555555555555556,0.3111111111111111,1142,42,Double_Q,43
21510,90,-0.04936882843540977,0.7287006769532113,0.6333333333333333,0.2777777777777778,1142,42,Double_Q,43
21600,90,-0.029341845380221394,0.879062545386688,0.6888888888888889,0.08888888888888889,1142,42,Double_Q,43
21690,90,-0.04042406539618171,0.6033240252873128,0.4444444444444444,0.43333333333333335,1142,42,Double_Q,43
21780,90,0.21661490377055526,0.7148582191409975,0.7555555555555555,0.06666666666666667,1142,42,Double_Q,43
21870,90,0.1729750070147612,0.7341013862278468,0.6555555555555556,0.13333333333333333,1142,42,Double_Q,43
21960,90,0.021449731524351687,0.6225074775128964,0.36666666666666664,0.17777777777777778,1142,42,Double_Q,43
22050,90,0.021929622411239413,0.5918496136331689,0.5444444444444444,0.18888888888888888,1142,42,Double_Q,43
22140,90,-0.034836585469241274,0.8478612526006241,0.45555555555555555,0.3333333333333333,1142,42,Double_Q,43
22230,90,-0.044612168969393046,0.48763755174128653,0.37777777777777777,0.06666666666666667,1142,42,Double_Q,43
22320,90,0.006785417178558125,0.7008974576010846,0.4444444444444444,0.26666666666666666,1142,42,Double_Q,43
22410,90,0.2143115569351181,0.7541406418039488,0.8222222222222222,0.1111111111111111,1142,42,Double_Q,43
22500,90,0.04110969689443626,0.32254793474905613,0.4222222222222222,0.12222222222222222,1142,42,Double_Q,43
22590,90,-0.0082590972404458,0.6648653848025882,0.5888888888888889,0.4,1142,42,Double_Q,43
22680,90,0.22353157638049936,0.73679701290322,0.8222222222222222,0.1,1142,42,Double_Q,43
22770,90,0.0008104022420908081,0.6208757848948474,0.5111111111111111,0.16666666666666666,1142,42,Double_Q,43
22860,90,0.019505543462934736,0.7573485806073357,0.6,0.5555555555555556,1142,42,Double_Q,43
22950,90,0.08640051576660727,0.7724689450098574,0.3333333333333333,0.13333333333333333,1142,42,Double_Q,43
23040,90,0.07551688841518985,0.8669927757248784,0.6777777777777778,0.23333333333333334,1142,42,Double_Q,43
23130,90,-0.058478469494794794,0.9284758376118799,0.6777777777777778,0.4,1142,42,Double_Q,43
23220,90,-0.112416791952377,0.7041066596320488,0.5111111111111111,0.3,1142,42,Double_Q,43
23310,90,0.06983779942496465,0.5275327771761901,0.4444444444444444,0.26666666666666666,1142,42,Double_Q,43
23400,90,-0.16132270184356456,0.6917265980917927,0.5,0.18888888888888888,1142,42,Double_Q,43
23490,90,0.11224301135018361,0.49116740877628395,0.4777777777777778,0.13333333333333333,1142,42,Double_Q,43
23580,90,0.004637564347650367,0.6115313870515204,0.37777777777777777,0.13333333333333333,1142,42,Double_Q,43
23670,90,0.2343500919661163,1.225620340793582,0.5777777777777777,0.13333333333333333,1142,42,Double_Q,43
23760,90,0.10819456429178563,0.45583528925730427,0.3,0.24444444444444444,1142,42,Double_Q,43
23850,90,0.09175812035957229,0.6181269138646397,0.5333333333333333,0.3,1142,42,Double_Q,43
23940,90,-0.04225903030243198,0.6060380643870213,0.5111111111111111,0.23333333333333334,1142,42,Double_Q,43
24000,60,0.1139479224037423,1.2272792982604166,0.5833333333333334,0.15,1142,42,Double_Q,43
90,90,0.08024081901417676,0.499744565414585,0.5666666666666667,0.17777777777777778,90,15,Soft_Q_KL,7
180,90,0.10887170769967468,0.6357401759325609,0.5888888888888889,0.12222222222222222,180,23,Soft_Q_KL,7
270,90,0.011394944315514483,0.521832473596607,0.4,0.14444444444444443,239,25,Soft_Q_KL,7
360,90,0.04700396707623072,0.7329901041769253,0.6333333333333333,0.1111111111111111,329,28,Soft_Q_KL,7
450,90,-0.0808702919888995,0.7319833689866893,0.7,0.12222222222222222,382,29,Soft_Q_KL,7
540,90,-0.007519430463016794,0.46875459261323926,0.43333333333333335,0.05555555555555555,472,30,Soft_Q_KL,7
630,90,0.042700771843754724,0.31752552599751394,0.3111111111111111,0.15555555555555556,562,33,Soft_Q_KL,7
720,90,0.04329082153797909,0.30544225684906273,0.26666666666666666,0.1111111111111111,639,36,Soft_Q_KL,7
810,90,-0.10636725011710758,0.5323781033804121,0.4,0.1111111111111111,666,36,Soft_Q_KL,7
900,90,-0.036098224120902446,0.27672183537436745,0.23333333333333334,0.14444444444444443,666,36,Soft_Q_KL,7
990,90,-0.03391121848976226,0.5041027265655256,0.5,0.18888888888888888,732,36,Soft_Q_KL,7
1080,90,0.060438574767389015,0.6514765881948659,0.5444444444444444,0.13333333333333333,768,38,Soft_Q_KL,7
1170,90,0.14165028364992505,0.5767972576515655,0.5777777777777777,0.13333333333333333,768,38,Soft_Q_KL,7
1260,90,-0.06328798616005939,0.5119986367223607,0.4888888888888889,0.12222222222222222,768,38,Soft_Q_KL,7
1350,90,0.038031024367394896,0.20728141197849795,0.13333333333333333,0.08888888888888889,768,38,Soft_Q_KL,7
1440,90,-0.09439764825319108,0.5163521578196867,0.4666666666666667,0.17777777777777778,775,38,Soft_Q_KL,7
1530,90,-0.03419443255071285,0.3057876238830758,0.26666666666666666,0.15555555555555556,775,38,Soft_Q_KL,7
1620,90,0.04618443702196868,0.29676224496698556,0.3111111111111111,0.08888888888888889,775,38,Soft_Q_KL,7
1710,90,0.01184723583533125,0.27279712874965967,0.25555555555555554,0.07777777777777778,775,38,Soft_Q_KL,7
1800,90,0.07557170817560017,0.5821605181623515,0.6555555555555556,0.12222222222222222,775,38,Soft_Q_KL,7
1890,90,-0.03630029569780554,0.3608124188438482,0.35555555555555557,0.15555555555555556,775,39,Soft_Q_KL,7
1980,90,0.04007025269792675,0.9995224936438274,0.7888888888888889,0.1111111111111111,844,39,Soft_Q_KL,7
2070,90,0.08478824114202854,0.4055557376310582,0.4777777777777778,0.12222222222222222,844,39,Soft_Q_KL,7
2160,90,0.25194092061217893,0.6611678902452893,0.6222222222222222,0.16666666666666666,934,39,Soft_Q_KL,7
2250,90,0.11584044023488309,0.46243128171899717,0.4444444444444444,0.1111111111111111,934,39,Soft_Q_KL,7
2340,90,0.19026743665755916,0.5897969855330204,0.6333333333333333,0.1111111111111111,961,39,Soft_Q_KL,7
2430,90,0.14079431161500106,0.7722097697719696,0.8666666666666667,0.07777777777777778,961,39,Soft_Q_KL,7
2520,90,-0.054133155248031764,0.8507131400555357,0.7333333333333333,0.1,961,39,Soft_Q_KL,7
2610,90,0.07778828945879535,0.5410084356419556,0.6222222222222222,0.1111111111111111,961,39,Soft_Q_KL,7
2700,90,0.0848797528788998,0.3922609713929689,0.45555555555555555,0.14444444444444443,968,39,Soft_Q_KL,7
2790,90,0.24754170253049215,1.435265305353371,0.7222222222222222,0.13333333333333333,1014,40,Soft_Q_KL,7
2880,90,0.03058027614068915,0.3233174764631225,0.28888888888888886,0.12222222222222222,1014,40,Soft_Q_KL,7
2970,90,0.2009912699806402,0.5906700554458488,0.5222222222222223,0.14444444444444443,1014,40,Soft_Q_KL,7
3060,90,0.0322740908776427,0.5868332696830351,0.6111111111111112,0.1,1051,41,Soft_Q_KL,7
3150,90,-0.05464733861710298,0.8175222545740225,0.6111111111111112,0.08888888888888889,1051,42,Soft_Q_KL,7
3240,90,0.22468589258705213,1.080298916771916,0.6888888888888889,0.14444444444444443,1070,42,Soft_Q_KL,7
3330,90,0.11793026664365437,0.6124154251070971,0.6555555555555556,0.05555555555555555,1070,42,Soft_Q_KL,7
3420,90,-0.017743628564702532,1.4984335383817249,0.8111111111111111,0.1,1070,42,Soft_Q_KL,7
3510,90,0.009284484061628653,0.79842792857271,0.5666666666666667,0.08888888888888889,1070,42,Soft_Q_KL,7
3600,90,-0.0627253848395831,0.8833641566918917,0.7777777777777778,0.05555555555555555,1070,42,Soft_Q_KL,7
3690,90,0.1028924977928798,0.7792983912474702,0.6111111111111112,0.08888888888888889,1070,42,Soft_Q_KL,7
3780,90,0.13425898306132356,0.7359598482709129,0.6666666666666666,0.05555555555555555,1087,42,Soft_Q_KL,7
3870,90,-0.04920127799609128,0.8302053783997086,0.6333333333333333,0.06666666666666667,1087,42,Soft_Q_KL,7
3960,90,0.051818562570658915,0.7941694603450704,0.7666666666666667,0.07777777777777778,1087,42,Soft_Q_KL,7
4050,90,0.03157262277372245,0.3990842560934814,0.5111111111111111,0.1,1087,42,Soft_Q_KL,7
4140,90,0.009858716185714926,0.622407148965322,0.5222222222222223,0.12222222222222222,1087,42,Soft_Q_KL,7
4230,90,0.03168737151962401,0.5179319642805833,0.5222222222222223,0.15555555555555556,1087,42,Soft_Q_KL,7
4320,90,-0.174866752139464,0.6550175257924785,0.6666666666666666,0.14444444444444443,1087,42,Soft_Q_KL,7
4410,90,0.3413616334048181,0.9494250486640841,0.6666666666666666,0.06666666666666667,1101,42,Soft_Q_KL,7
4500,90,0.31516058754161913,0.9554105121179194,0.7555555555555555,0.07777777777777778,1101,42,Soft_Q_KL,7
4590,90,0.07333354518314496,0.9704184281653144,0.6333333333333333,0.05555555555555555,1101,42,Soft_Q_KL,7
4680,90,-0.03146542860486077,0.7929595865819153,0.7666666666666667,0.07777777777777778,1101,42,Soft_Q_KL,7
4770,90,-0.0017259907085134523,0.9767410153147221,0.9666666666666667,0.03333333333333333,1109,42,Soft_Q_KL,7
4860,90,0.0862501086536302,0.5829260017298007,0.5111111111111111,0.12222222222222222,1109,42,Soft_Q_KL,7
4950,90,-0.017924677571457447,0.679648527317765,0.6555555555555556,0.1111111111111111,1109,42,Soft_Q_KL,7
5040,90,-0.05004891604349906,0.8104674295405373,0.6222222222222222,0.1111111111111111,1109,42,Soft_Q_KL,7
5130,90,-0.08411581925731075,0.8317021702459138,0.5777777777777777,0.14444444444444443,1109,42,Soft_Q_KL,7
5220,90,0.05823676004135296,1.5811260492874442,0.7666666666666667,0.13333333333333333,1109,42,Soft_Q_KL,7
5310,90,0.024490143078005473,0.8495153160755176,0.7111111111111111,0.1,1109,42,Soft_Q_KL,7
5400,90,0.19810861969624433,1.1603131585432533,0.7222222222222222,0.07777777777777778,1109,42,Soft_Q_KL,7
5490,90,0.03234263621899948,0.4246025250170606,0.3888888888888889,0.022222222222222223,1109,42,Soft_Q_KL,7
5580,90,0.18599273902666752,0.6518861499377866,0.7,0.1,1109,42,Soft_Q_KL,7
5670,90,-0.02653636932606546,0.8195963289632827,0.7666666666666667,0.03333333333333333,1109,42,Soft_Q_KL,7
5760,90,0.040606193054296455,0.7774594386321679,0.7555555555555555,0.05555555555555555,1109,42,Soft_Q_KL,7
5850,90,0.11142614789326104,0.7392099866108846,0.5777777777777777,0.06666666666666667,1120,42,Soft_Q_KL,7
5940,90,0.29707876419653095,1.2240604686115564,0.9777777777777777,0.03333333333333333,1122,42,Soft_Q_KL,7
6030,90,0.09880475186142411,0.5646329958541662,0.5888888888888889,0.03333333333333333,1122,42,Soft_Q_KL,7
6120,90,-0.12244929121226884,1.5413615700353251,0.9,0.1,1122,42,Soft_Q_KL,7
6210,90,0.017895645789084678,1.1223813164708183,0.8111111111111111,0.08888888888888889,1122,42,Soft_Q_KL,7
6300,90,-0.2222536371380684,0.8244447272961855,0.8888888888888888,0.03333333333333333,1122,42,Soft_Q_KL,7
6390,90,0.04766586024907227,0.906817053822711,0.6888888888888889,0.1,1122,42,Soft_Q_KL,7
6480,90,0.08070503916275383,0.8424088231590705,0.9,0.12222222222222222,1122,42,Soft_Q_KL,7
6570,90,-0.015620796107349169,1.0695116834074758,0.9,0.07777777777777778,1122,42,Soft_Q_KL,7
6660,90,0.07259672385752507,0.8802646181527914,0.7111111111111111,0.1111111111111111,1122,42,Soft_Q_KL,7
6750,90,0.047853546795817374,0.7587150131431487,0.8333333333333334,0.12222222222222222,1122,42,Soft_Q_KL,7
6840,90,-0.051291647213315986,1.0421699054737552,0.7888888888888889,0.07777777777777778,1122,42,Soft_Q_KL,7
6930,90,0.27250822911688233,0.8627853465829004,0.7,0.07777777777777778,1128,42,Soft_Q_KL,7
7020,90,0.11033075827942736,1.468011202333925,0.8111111111111111,0.12222222222222222,1128,42,Soft_Q_KL,7
7110,90,0.11839998988139352,0.550799347804819,0.5777777777777777,0.18888888888888888,1128,42,Soft_Q_KL,7
7200,90,-0.14831047772741127,0.7413918894625631,0.7444444444444445,0.1111111111111111,1128,42,Soft_Q_KL,7
7290,90,-0.07643461806220994,0.8071143197788035,0.7666666666666667,0.14444444444444443,1128,42,Soft_Q_KL,7
7380,90,0.27780595508961453,0.8721449977489808,0.8666666666666667,0.07777777777777778,1128,42,Soft_Q_KL,7
7470,90,-0.01586632226278769,0.5442398324982154,0.6333333333333333,0.06666666666666667,1128,42,Soft_Q_KL,7
7560,90,-0.0043283478307949135,0.49550753782139545,0.6444444444444445,0.1,1128,42,Soft_Q_KL,7
7650,90,-0.03166426758646841,0.35653378285917364,0.25555555555555554,0.16666666666666666,1128,42,Soft_Q_KL,7
7740,90,0.06891233716712424,0.8159569541185939,0.7444444444444445,0.07777777777777778,1128,42,Soft_Q_KL,7
7830,90,-0.0337911636490024,0.6421589545771492,0.6555555555555556,0.08888888888888889,1128,42,Soft_Q_KL,7
7920,90,0.17539321064899283,0.7714896601341907,0.8777777777777778,0.1,1128,42,Soft_Q_KL,7
8010,90,0.181071967026841,0.7511338643894953,0.6888888888888889,0.12222222222222222,1128,42,Soft_Q_KL,7
8100,90,-0.11173130413214435,0.9005411894213571,0.8222222222222222,0.07777777777777778,1128,42,Soft_Q_KL,7
8190,90,0.20132071140459518,1.0593767678715262,0.7111111111111111,0.12222222222222222,1128,42,Soft_Q_KL,7
8280,90,0.12822437452521243,0.4706197412190956,0.4444444444444444,0.16666666666666666,1128,42,Soft_Q_KL,7
8370,90,-0.007456096388516365,0.6037970084272497,0.5666666666666667,0.2111111111111111,1128,42,Soft_Q_KL,7
8460,90,0.021033857880142223,1.2717228559404357,0.7555555555555555,0.1,1128,42,Soft_Q_KL,7
8550,90,-0.078206847438275,0.6815627349020441,0.6111111111111112,0.12222222222222222,1128,42,Soft_Q_KL,7
8640,90,0.04589388392859075,0.4694198759296512,0.4444444444444444,0.044444444444444446,1128,42,Soft_Q_KL,7
8730,90,0.11512037000181242,0.7425940845806107,0.8222222222222222,0.06666666666666667,1128,42,Soft_Q_KL,7
8820,90,0.004800467480939725,0.4447296058229938,0.6111111111111112,0.1,1128,42,Soft_Q_KL,7
8910,90,-0.03882404878096973,1.1343185694646643,0.8888888888888888,0.14444444444444443,1128,42,Soft_Q_KL,7
9000,90,0.17874298024759117,1.2202981241260469,0.8,0.03333333333333333,1128,42,Soft_Q_KL,7
9090,90,0.043132082265790524,0.8809393934689358,0.7888888888888889,0.1,1128,42,Soft_Q_KL,7
9180,90,0.0753522833996429,0.5834339487226788,0.5888888888888889,0.08888888888888889,1128,42,Soft_Q_KL,7
9270,90,-0.06241282515698762,0.7639192610005907,0.7222222222222222,0.08888888888888889,1128,42,Soft_Q_KL,7
9360,90,0.07624613431813947,0.8475151303300524,0.6,0.05555555555555555,1128,42,Soft_Q_KL,7
9450,90,-0.02575376962564096,0.5857990048346147,0.5555555555555556,0.08888888888888889,1128,42,Soft_Q_KL,7
9540,90,-0.1816748233961191,0.9368189901311145,0.7444444444444445,0.12222222222222222,1128,42,Soft_Q_KL,7
9630,90,0.11655355875301585,0.9733725050348323,0.6666666666666666,0.16666666666666666,1128,42,Soft_Q_KL,7
9720,90,0.08214450362690685,0.9402104387809045,0.8333333333333334,0.03333333333333333,1128,42,Soft_Q_KL,7
9810,90,0.22949425977809884,0.6663173883589293,0.6777777777777778,0.07777777777777778,1128,42,Soft_Q_KL,7
9900,90,0.1224585729501915,0.7559110837959773,0.7777777777777778,0.1,1128,42,Soft_Q_KL,7
9990,90,-0.08772715246720189,0.6714062261167135,0.6111111111111112,0.1,1128,42,Soft_Q_KL,7
10080,90,0.045547889176361996,1.005872268374113,0.7666666666666667,0.14444444444444443,1128,42,Soft_Q_KL,7
10170,90,0.08070246832381324,0.8621748157894505,0.8777777777777778,0.06666666666666667,1128,42,Soft_Q_KL,7
10260,90,0.10458429818118685,0.46334400614206595,0.5555555555555556,0.14444444444444443,1128,42,Soft_Q_KL,7
10350,90,0.1860484329471631,1.1910397389702552,0.8888888888888888,0.12222222222222222,1128,42,Soft_Q_KL,7
10440,90,0.047738063797086394,0.8457933227487083,0.7555555555555555,0.16666666666666666,1128,42,Soft_Q_KL,7
10530,90,0.08540023040540297,0.29157583218886746,0.37777777777777777,0.13333333333333333,1128,42,Soft_Q_KL,7
10620,90,0.13109350502355957,0.8948588275755192,0.7777777777777778,0.14444444444444443,1128,42,Soft_Q_KL,7
10710,90,-0.08454016819197506,0.9518976358229924,0.9777777777777777,0.011111111111111112,1128,42,Soft_Q_KL,7
10800,90,0.11715456808861914,1.2345648091910115,0.9444444444444444,0.07777777777777778,1128,42,Soft_Q_KL,7
10890,90,0.16165369455212814,1.0166802326066924,0.7888888888888889,0.1,1128,42,Soft_Q_KL,7
10980,90,-0.18840390140561156,1.35468301367528,0.8333333333333334,0.17777777777777778,1128,42,Soft_Q_KL,7
11070,90,0.2420411836908012,0.7239404722277782,0.7,0.07777777777777778,1128,42,Soft_Q_KL,7
11160,90,0.23937435883103536,0.907628843127113,0.7444444444444445,0.03333333333333333,1128,42,Soft_Q_KL,7
11250,90,-0.1599179541522377,0.6250619383296114,0.6,0.05555555555555555,1128,42,Soft_Q_KL,7
11340,90,-0.024484225946830623,0.6051868032208905,0.5777777777777777,0.07777777777777778,1128,42,Soft_Q_KL,7
11430,90,0.049127428611039546,0.7492330870746013,0.37777777777777777,0.1111111111111111,1128,42,Soft_Q_KL,7
11520,90,0.08900137043528736,0.8905205080379337,0.7111111111111111,0.044444444444444446,1128,42,Soft_Q_KL,7
11610,90,-0.03824259305642199,0.8459410549122732,0.9111111111111111,0.03333333333333333,1128,42,Soft_Q_KL,7
11700,90,0.10229491770256754,0.6328280913828527,0.6444444444444445,0.05555555555555555,1128,42,Soft_Q_KL,7
11790,90,0.0690684623008575,0.8959869492500983,0.8,0.07777777777777778,1128,42,Soft_Q_KL,7
11880,90,0.18795119703300858,0.8752485106971716,0.7777777777777778,0.07777777777777778,1128,42,Soft_Q_KL,7
11970,90,-0.03934179768995119,0.746683872144858,0.5777777777777777,0.07777777777777778,1128,42,Soft_Q_KL,7
12060,90,0.08276080734475381,0.7351888986653549,0.8333333333333334,0.05555555555555555,1128,42,Soft_Q_KL,7
12150,90,0.07497185155957478,0.7071790651782432,0.7444444444444445,0.07777777777777778,1128,42,Soft_Q_KL,7
12240,90,-0.02141861010576418,0.5270284560419367,0.6,0.07777777777777778,1128,42,Soft_Q_KL,7
12330,90,-0.010598787951375949,1.083883119454162,0.9444444444444444,0.011111111111111112,1128,42,Soft_Q_KL,7
12420,90,0.1356856787728104,0.8957372243940859,0.5,0.13333333333333333,1128,42,Soft_Q_KL,7
12510,90,0.2562517804623511,0.7907371731650071,0.8666666666666667,0.05555555555555555,1128,42,Soft_Q_KL,7
12600,90,0.17404111243120685,0.6670673783875775,0.8,0.07777777777777778,1128,42,Soft_Q_KL,7
12690,90,-0.0666216329974144,0.9771933944560373,0.9333333333333333,0.03333333333333333,1128,42,Soft_Q_KL,7
12780,90,-0.09571652140952316,0.9596042515829942,0.9888888888888889,0.011111111111111112,1128,42,Soft_Q_KL,7
12870,90,-0.27506796249576493,0.7111523053791082,0.7444444444444445,0.1111111111111111,1128,42,Soft_Q_KL,7
12960,90,0.17377747900582854,0.775208639438861,0.8666666666666667,0.044444444444444446,1128,42,Soft_Q_KL,7
13050,90,0.09050568291564895,0.7775602679807054,0.8111111111111111,0.07777777777777778,1128,42,Soft_Q_KL,7
13140,90,0.09488484846816453,0.6141730318941077,0.6555555555555556,0.1111111111111111,1128,42,Soft_Q_KL,7
13230,90,0.006393173245472688,0.848034052280336,0.6444444444444445,0.08888888888888889,1128,42,Soft_Q_KL,7
13320,90,0.11697581715492578,0.9070250099365531,0.8111111111111111,0.08888888888888889,1128,42,Soft_Q_KL,7
13410,90,0.15944005752857732,0.8676766451559833,0.9222222222222223,0.03333333333333333,1128,42,Soft_Q_KL,7
13500,90,-0.006826442549505031,0.8204703319028935,0.7111111111111111,0.12222222222222222,1128,42,Soft_Q_KL,7
13590,90,0.0734021307623857,0.7728517036377857,0.8888888888888888,0.03333333333333333,1128,42,Soft_Q_KL,7
13680,90,-0.1523192162299036,0.6481702472681454,0.5444444444444444,0.13333333333333333,1128,42,Soft_Q_KL,7
13770,90,0.04734804791499873,0.8322546185596736,0.6888888888888889,0.12222222222222222,1128,42,Soft_Q_KL,7
13860,90,0.08898278492577726,0.5974205821097672,0.5888888888888889,0.06666666666666667,1128,42,Soft_Q_KL,7
13950,90,0.3013968749932987,0.812461302994777,0.9,0.07777777777777778,1128,42,Soft_Q_KL,7
14040,90,0.21553940140858027,1.3546492733838729,0.8444444444444444,0.06666666666666667,1128,42,Soft_Q_KL,7
14130,90,0.003889297171569892,0.8378727512306949,0.8444444444444444,0.044444444444444446,1128,42,Soft_Q_KL,7
14220,90,0.09674317506267868,0.7853624047244318,0.8555555555555555,0.12222222222222222,1128,42,Soft_Q_KL,7
14310,90,0.23860614963017174,1.2500373577920028,0.9666666666666667,0.03333333333333333,1128,42,Soft_Q_KL,7
14400,90,-0.058704397865704326,1.0345071607652079,0.9333333333333333,0.011111111111111112,1128,42,Soft_Q_KL,7
14490,90,0.31553639974118897,0.751238771920454,0.8444444444444444,0.03333333333333333,1128,42,Soft_Q_KL,7
14580,90,0.37799764134258773,0.8574006503577662,0.6666666666666666,0.07777777777777778,1128,42,Soft_Q_KL,7
14670,90,0.273872805007498,0.7650092854075536,0.8555555555555555,0.05555555555555555,1128,42,Soft_Q_KL,7
14760,90,-0.16282266169411783,0.7719790734381256,0.7111111111111111,0.06666666666666667,1128,42,Soft_Q_KL,7
14850,90,-0.08872658602481748,0.8794961476520425,0.9111111111111111,0.05555555555555555,1128,42,Soft_Q_KL,7
14940,90,0.1424373512331721,0.9905582283078866,0.8222222222222222,0.07777777777777778,1128,42,Soft_Q_KL,7
15030,90,0.013970017720250428,0.7259466533260434,0.7555555555555555,0.05555555555555555,1128,42,Soft_Q_KL,7
15120,90,-0.11801150771592339,1.0881646877279436,0.7,0.12222222222222222,1128,42,Soft_Q_KL,7
15210,90,-0.05641836688239949,0.8011919901670455,0.7111111111111111,0.1,1128,42,Soft_Q_KL,7
15300,90,-0.05642307545126659,0.9603356237212703,0.8555555555555555,0.12222222222222222,1128,42,Soft_Q_KL,7
15390,90,0.09742728488212204,1.0437028723507447,0.8333333333333334,0.1,1128,42,Soft_Q_KL,7
15480,90,0.1328253880382258,1.1586342422450453,0.8555555555555555,0.1111111111111111,1139,42,Soft_Q_KL,7
15570,90,0.012423631950834927,0.6222449468339052,0.6333333333333333,0.14444444444444443,1139,42,Soft_Q_KL,7
15660,90,0.02521665238687342,0.5691961254720153,0.7666666666666667,0.05555555555555555,1139,42,Soft_Q_KL,7
15750,90,0.1311717277801255,1.128497522091392,0.6333333333333333,0.16666666666666666,1139,42,Soft_Q_KL,7
15840,90,-0.006566628327480418,0.9118785220238961,0.9333333333333333,0.03333333333333333,1139,42,Soft_Q_KL,7
15930,90,0.17789529048049263,0.9970018882237707,0.7888888888888889,0.05555555555555555,1140,42,Soft_Q_KL,7
16020,90,-0.002619901413271375,0.839701095827539,0.8666666666666667,0.12222222222222222,1140,42,Soft_Q_KL,7
16110,90,0.1940300710419447,0.9463451622303904,0.7888888888888889,0.05555555555555555,1140,42,Soft_Q_KL,7
16200,90,-0.14353473914172601,0.6384079430877974,0.6111111111111112,0.14444444444444443,1140,42,Soft_Q_KL,7
16290,90,0.20734203947385613,0.6805104150259075,0.7666666666666667,0.14444444444444443,1140,42,Soft_Q_KL,7
16380,90,0.15754604491669855,0.8205828364468701,0.8333333333333334,0.06666666666666667,1140,42,Soft_Q_KL,7
16470,90,0.2058952479435183,1.0884752763450585,0.7666666666666667,0.13333333333333333,1140,42,Soft_Q_KL,7
16560,90,0.15229393166770017,0.8429449807660034,0.9444444444444444,0.07777777777777778,1140,42,Soft_Q_KL,7
16650,90,-0.08048014192260686,0.7573263966834528,0.6111111111111112,0.12222222222222222,1140,42,Soft_Q_KL,7
16740,90,-0.053813227859862964,0.9640843250055214,0.8444444444444444,0.12222222222222222,1140,42,Soft_Q_KL,7
16830,90,-0.059599927739313,0.9066361401106978,0.9222222222222223,0.08888888888888889,1140,42,Soft_Q_KL,7
16920,90,0.1185958513265398,0.6903512703502364,0.7555555555555555,0.14444444444444443,1140,42,Soft_Q_KL,7
17010,90,0.04892356517147127,0.9164279139560023,0.9444444444444444,0.07777777777777778,1140,42,Soft_Q_KL,7
17100,90,-0.1436244181549927,0.6172717979616166,0.5111111111111111,0.12222222222222222,1140,42,Soft_Q_KL,7
17190,90,-0.12550469930523195,0.7854817301995826,0.9,0.06666666666666667,1140,42,Soft_Q_KL,7
17280,90,-0.06727598586879201,0.6312391412856279,0.6888888888888889,0.13333333333333333,1140,42,Soft_Q_KL,7
17370,90,0.094311255828971,0.7334006324535814,0.7666666666666667,0.1,1140,42,Soft_Q_KL,7
17460,90,0.3799043963562065,0.7954706364874529,0.8111111111111111,0.12222222222222222,1140,42,Soft_Q_KL,7
17550,90,-0.05503809686627349,0.7299933536554982,0.7444444444444445,0.06666666666666667,1140,42,Soft_Q_KL,7
17640,90,0.31051542787808695,0.8971139999113684,0.9777777777777777,0.03333333333333333,1140,42,Soft_Q_KL,7
17730,90,0.10349969461094122,0.5540116435918668,0.5666666666666667,0.1111111111111111,1140,42,Soft_Q_KL,7
17820,90,0.09741945219402318,0.8296656939214861,0.9444444444444444,0.05555555555555555,1140,42,Soft_Q_KL,7
17910,90,0.2916599293788427,0.9068805374437916,0.9333333333333333,0.1,1140,42,Soft_Q_KL,7
18000,90,0.05136802387833451,1.1187640628507918,0.9222222222222223,0.05555555555555555,1140,42,Soft_Q_KL,7
18090,90,0.27623019077498706,0.7206882497729409,0.8222222222222222,0.07777777777777778,1140,42,Soft_Q_KL,7
18180,90,0.09508353085007203,0.7665145375671132,0.8666666666666667,0.05555555555555555,1140,42,Soft_Q_KL,7
18270,90,-0.02271210605910624,0.8995186010014379,0.8111111111111111,0.12222222222222222,1140,42,Soft_Q_KL,7
18360,90,0.20824939431726355,0.6887082170969703,0.7666666666666667,0.1111111111111111,1140,42,Soft_Q_KL,7
18450,90,0.11136953029866573,0.8868472369314143,0.8222222222222222,0.14444444444444443,1140,42,Soft_Q_KL,7
18540,90,0.05800084161502139,0.6687239404852865,0.7111111111111111,0.12222222222222222,1140,42,Soft_Q_KL,7
18630,90,0.3101370438973917,0.8835980078584984,0.9222222222222223,0.05555555555555555,1140,42,Soft_Q_KL,7
18720,90,0.20972032665598223,0.7346524729453522,0.8666666666666667,0.05555555555555555,1140,42,Soft_Q_KL,7
18810,90,-0.07686645695522548,0.9855987131741444,0.8777777777777778,0.07777777777777778,1140,42,Soft_Q_KL,7
18900,90,0.24418533387528096,0.7286353261242636,0.7555555555555555,0.05555555555555555,1140,42,Soft_Q_KL,7
18990,90,-0.049545928051848334,1.046632198506812,0.8777777777777778,0.1,1140,42,Soft_Q_KL,7
19080,90,-0.015997853095843097,1.1693725706501157,0.7555555555555555,0.1,1140,42,Soft_Q_KL,7
19170,90,-0.1416206542015516,0.8990762663921669,0.8888888888888888,0.1,1140,42,Soft_Q_KL,7
19260,90,-0.055695845054281275,0.742057259419864,0.6333333333333333,0.1,1140,42,Soft_Q_KL,7
19350,90,0.16273294493587415,0.5054321003884321,0.5333333333333333,0.07777777777777778,1140,42,Soft_Q_KL,7
19440,90,0.05117110043862654,0.8649296248441113,0.9444444444444444,0.05555555555555555,1140,42,Soft_Q_KL,7
19530,90,0.0843012716499426,0.7706729751375936,0.9333333333333333,0.03333333333333333,1140,42,Soft_Q_KL,7
19620,90,-0.09760067280023886,1.038374423566767,0.8666666666666667,0.1,1140,42,Soft_Q_KL,7
19710,90,0.26480837244368327,0.732685313672573,0.7444444444444445,0.08888888888888889,1140,42,Soft_Q_KL,7
19800,90,-0.10115464448272606,0.8934284587709496,0.9,0.07777777777777778,1140,42,Soft_Q_KL,7
19890,90,0.12887038172753001,0.695101157651718,0.7444444444444445,0.16666666666666666,1140,42,Soft_Q_KL,7
19980,90,0.019147700808401242,0.8283844676680752,0.9444444444444444,0.03333333333333333,1140,42,Soft_Q_KL,7
20070,90,0.12729440246560209,0.5889000760194427,0.7,0.1,1140,42,Soft_Q_KL,7
20160,90,0.17745664586110596,1.612135052261864,0.8777777777777778,0.011111111111111112,1140,42,Soft_Q_KL,7
20250,90,0.08777113259758633,0.7828104780934954,0.8666666666666667,0.12222222222222222,1140,42,Soft_Q_KL,7
20340,90,-0.05391923408368398,0.9620337751791003,0.8444444444444444,0.13333333333333333,1140,42,Soft_Q_KL,7
20430,90,-0.10013154231023882,0.8321623985213698,0.8,0.12222222222222222,1140,42,Soft_Q_KL,7
20520,90,0.1184056187929398,1.4980509999184066,0.9555555555555556,0.1,1140,42,Soft_Q_KL,7
20610,90,0.08965430964944172,1.0201485818528084,0.8222222222222222,0.1,1140,42,Soft_Q_KL,7
20700,90,0.06492473743591175,0.6385807592590089,0.7111111111111111,0.1,1140,42,Soft_Q_KL,7
20790,90,0.23946085240686393,0.637994666868686,0.7555555555555555,0.1111111111111111,1140,42,Soft_Q_KL,7
20880,90,0.08655224769832975,1.065416363057733,0.8,0.05555555555555555,1140,42,Soft_Q_KL,7
20970,90,0.10526636847597813,1.5862695572754335,0.9333333333333333,0.08888888888888889,1140,42,Soft_Q_KL,7
21060,90,0.1269841166158347,1.4579773671411624,0.7888888888888889,0.14444444444444443,1140,42,Soft_Q_KL,7
21150,90,-0.1447476526215128,0.7394468087550079,0.7666666666666667,0.1111111111111111,1140,42,Soft_Q_KL,7
21240,90,0.09413643182407427,1.2791408336175993,0.8777777777777778,0.07777777777777778,1140,42,Soft_Q_KL,7
21330,90,0.08096177190079455,0.8979456239782394,0.7111111111111111,0.12222222222222222,1140,42,Soft_Q_KL,7
21420,90,0.25307981716226324,0.7025070984340117,0.7888888888888889,0.07777777777777778,1140,42,Soft_Q_KL,7
21510,90,0.06024355774076551,1.3025306621667894,0.8333333333333334,0.16666666666666666,1140,42,Soft_Q_KL,7
21600,90,-0.08165483147964155,1.0953438740875148,0.9555555555555556,0.05555555555555555,1140,42,Soft_Q_KL,7
21690,90,0.10222283512898614,0.9840650222095826,0.8222222222222222,0.07777777777777778,1140,42,Soft_Q_KL,7
21780,90,0.29187386215238803,1.2406926858555294,0.9,0.05555555555555555,1140,42,Soft_Q_KL,7
21870,90,0.12650082579814645,0.594548407343649,0.7888888888888889,0.12222222222222222,1140,42,Soft_Q_KL,7
21960,90,0.14186951220367575,0.6506042736059202,0.8888888888888888,0.08888888888888889,1140,42,Soft_Q_KL,7
22050,90,0.10951782098081983,0.6860766127332678,0.8777777777777778,0.12222222222222222,1140,42,Soft_Q_KL,7
22140,90,-0.0678289145838604,0.8800228807830864,0.6666666666666666,0.16666666666666666,1140,42,Soft_Q_KL,7
22230,90,0.09151321285739906,0.637064283082601,0.8444444444444444,0.05555555555555555,1140,42,Soft_Q_KL,7
22320,90,0.11279126244626005,1.0344043000719532,0.9666666666666667,0.05555555555555555,1140,42,Soft_Q_KL,7
22410,90,0.014863621101783795,0.5470107771649485,0.7666666666666667,0.12222222222222222,1140,42,Soft_Q_KL,7
22500,90,-0.08482327852451894,1.056865744148178,0.8666666666666667,0.1,1140,42,Soft_Q_KL,7
22590,90,0.028583537965723108,0.9640640229025284,0.8333333333333334,0.1,1140,42,Soft_Q_KL,7
22680,90,0.16354104986986265,1.0854232217397537,0.9,0.1,1140,42,Soft_Q_KL,7
22770,90,0.14762944994121596,0.8352824720053343,0.8333333333333334,0.1,1140,42,Soft_Q_KL,7
22860,90,0.08086406679545428,0.7370297179624191,0.8333333333333334,0.07777777777777778,1140,42,Soft_Q_KL,7
22950,90,0.03526887941741554,1.2842029138074895,0.8888888888888888,0.1,1140,42,Soft_Q_KL,7
23040,90,0.07174730290247143,0.7264521893661349,0.8333333333333334,0.1111111111111111,1140,42,Soft_Q_KL,7
23130,90,0.0675350541037483,0.6500684513061725,0.7333333333333333,0.05555555555555555,1140,42,Soft_Q_KL,7
23220,90,0.0794726520912566,0.876711243059748,0.8555555555555555,0.05555555555555555,1140,42,Soft_Q_KL,7
23310,90,0.222024568742991,0.8578871310540213,0.9,0.08888888888888889,1140,42,Soft_Q_KL,7
23400,90,-0.2333688609564631,0.7600908744856654,0.8111111111111111,0.1111111111111111,1140,42,Soft_Q_KL,7
23490,90,0.1387195436753981,0.7711635536167628,0.8777777777777778,0.1,1140,42,Soft_Q_KL,7
23580,90,0.29596711813297105,0.6712196320244633,0.7555555555555555,0.044444444444444446,1140,42,Soft_Q_KL,7
23670,90,0.10649109841204789,0.7657463019431551,0.9222222222222223,0.05555555555555555,1140,42,Soft_Q_KL,7
23760,90,0.22193145256677493,1.2281952655586645,0.9333333333333333,0.05555555555555555,1140,42,Soft_Q_KL,7
23850,90,-0.01696239119603964,0.7095047330232525,0.7111111111111111,0.12222222222222222,1140,42,Soft_Q_KL,7
23940,90,-0.03462483697910813,1.1321808148310806,0.8111111111111111,0.08888888888888889,1140,42,Soft_Q_KL,7
24000,60,0.06178390480056979,1.3385799481290772,0.9666666666666667,0.08333333333333333,1143,42,Soft_Q_KL,7
90,90,0.06012932633607282,0.48042882740858195,0.5222222222222223,0.14444444444444443,90,14,Soft_Q_KL,19
180,90,-0.09988919273405238,0.46535932071807995,0.4111111111111111,0.17777777777777778,180,20,Soft_Q_KL,19
270,90,0.031449111970346263,0.6550333447773852,0.6,0.1,224,23,Soft_Q_KL,19
360,90,-0.04301445846448514,0.22841051444942576,0.2222222222222222,0.13333333333333333,314,24,Soft_Q_KL,19
450,90,-0.0485311802737492,0.31449462709463455,0.3111111111111111,0.13333333333333333,404,28,Soft_Q_KL,19
540,90,0.06276897398543362,0.3072900651557092,0.3111111111111111,0.18888888888888888,420,28,Soft_Q_KL,19
630,90,-0.032092852143640625,0.28797554882510773,0.14444444444444443,0.07777777777777778,450,28,Soft_Q_KL,19
720,90,-0.04002207869157482,0.40518750854381774,0.26666666666666666,0.08888888888888889,512,29,Soft_Q_KL,19
810,90,0.036101837139985535,0.31555878468017573,0.32222222222222224,0.15555555555555556,556,30,Soft_Q_KL,19
900,90,-0.06356750762523454,0.4168166223569105,0.3,0.18888888888888888,590,32,Soft_Q_KL,19
990,90,0.10639698025351621,0.39243433258713084,0.37777777777777777,0.17777777777777778,665,32,Soft_Q_KL,19
1080,90,0.09033285843239391,0.6084182932265628,0.4222222222222222,0.18888888888888888,755,36,Soft_Q_KL,19
1170,90,0.06109582927018602,0.5240324290006011,0.4,0.15555555555555556,755,36,Soft_Q_KL,19
1260,90,0.007033444665284172,0.26327467527640613,0.24444444444444444,0.1,799,37,Soft_Q_KL,19
1350,90,0.04911360234887288,0.38145906159918863,0.32222222222222224,0.1,799,37,Soft_Q_KL,19
1440,90,-0.14926001670532602,0.666069587380034,0.5333333333333333,0.16666666666666666,805,37,Soft_Q_KL,19
1530,90,-0.017505718797787936,0.382899100450067,0.4111111111111111,0.08888888888888889,812,37,Soft_Q_KL,19
1620,90,-0.15738417615626366,0.4321838972016828,0.4111111111111111,0.1,812,37,Soft_Q_KL,19
1710,90,0.058401696297264355,0.2721648157814732,0.28888888888888886,0.08888888888888889,839,38,Soft_Q_KL,19
1800,90,0.050073857561919295,0.5607219112927798,0.6444444444444445,0.12222222222222222,839,38,Soft_Q_KL,19
1890,90,-0.026804245238732424,0.4862418599144802,0.5444444444444444,0.14444444444444443,839,38,Soft_Q_KL,19
1980,90,-0.02531646435607356,0.26311267280025563,0.3,0.15555555555555556,913,38,Soft_Q_KL,19
2070,90,-0.05522695129715799,0.5544743319047087,0.4,0.18888888888888888,913,38,Soft_Q_KL,19
2160,90,0.04847832357671729,0.4861162157545643,0.37777777777777777,0.16666666666666666,928,38,Soft_Q_KL,19
2250,90,-0.0041091493913017856,0.5789337962337018,0.2777777777777778,0.13333333333333333,995,38,Soft_Q_KL,19
2340,90,0.018871120494276864,0.8875324108378269,0.45555555555555555,0.1,995,38,Soft_Q_KL,19
2430,90,-0.09286171419562075,0.7974198086195882,0.5555555555555556,0.06666666666666667,995,38,Soft_Q_KL,19
2520,90,-0.05017329280425578,0.41517482944698936,0.23333333333333334,0.1,1025,38,Soft_Q_KL,19
2610,90,0.01896569971055652,0.643523172170796,0.5666666666666667,0.15555555555555556,1025,38,Soft_Q_KL,19
2700,90,-0.06563210043031213,0.5279543294097652,0.36666666666666664,0.08888888888888889,1054,38,Soft_Q_KL,19
2790,90,0.05613939203911799,0.3822033131725688,0.45555555555555555,0.2,1054,38,Soft_Q_KL,19
2880,90,-0.07611291977272115,0.7430420461407725,0.6111111111111112,0.08888888888888889,1054,38,Soft_Q_KL,19
2970,90,0.0247442151156673,0.6663867290642761,0.5555555555555556,0.2,1054,38,Soft_Q_KL,19
3060,90,-0.01344498205488041,0.3424183205897857,0.2777777777777778,0.12222222222222222,1054,38,Soft_Q_KL,19
3150,90,-0.09484203828978098,0.458190969004912,0.4888888888888889,0.18888888888888888,1054,38,Soft_Q_KL,19
3240,90,-0.0088338553782308,0.25604459925066964,0.1111111111111111,0.1111111111111111,1054,38,Soft_Q_KL,19
3330,90,0.02963654697843838,0.4876602411775319,0.37777777777777777,0.15555555555555556,1054,38,Soft_Q_KL,19
3420,90,-0.04013794704088957,0.46388855787431843,0.28888888888888886,0.13333333333333333,1054,39,Soft_Q_KL,19
3510,90,0.07051490509609104,0.2546647225365776,0.25555555555555554,0.18888888888888888,1054,40,Soft_Q_KL,19
3600,90,-0.004480733903618361,0.22895231015970982,0.13333333333333333,0.1,1054,40,Soft_Q_KL,19
3690,90,0.0875967581116747,0.6636048470990236,0.5222222222222223,0.13333333333333333,1054,40,Soft_Q_KL,19
3780,90,-0.00990828601066793,0.36138659323824485,0.4666666666666667,0.13333333333333333,1054,40,Soft_Q_KL,19
3870,90,-0.08514671240136457,0.30169311420939765,0.3,0.17777777777777778,1054,40,Soft_Q_KL,19
3960,90,0.0616015817151552,0.35911357779059905,0.25555555555555554,0.1,1054,40,Soft_Q_KL,19
4050,90,0.005852679779397185,0.8549772737024036,0.43333333333333335,0.13333333333333333,1054,40,Soft_Q_KL,19
4140,90,-0.030905815378960335,0.36099817519293814,0.4222222222222222,0.13333333333333333,1054,40,Soft_Q_KL,19
4230,90,-0.17307796820059604,0.6350234343666437,0.5111111111111111,0.15555555555555556,1054,40,Soft_Q_KL,19
4320,90,-0.21224783876530479,0.3160503122792285,0.24444444444444444,0.15555555555555556,1054,40,Soft_Q_KL,19
4410,90,0.12460943863349491,0.5082214569501959,0.4,0.13333333333333333,1054,40,Soft_Q_KL,19
4500,90,-0.020157646935439717,0.21234992415817308,0.14444444444444443,0.08888888888888889,1054,40,Soft_Q_KL,19
4590,90,0.048179378007124345,0.22951488623197006,0.16666666666666666,0.18888888888888888,1054,40,Soft_Q_KL,19
4680,90,-0.03298050440801786,0.13095747286751847,0.03333333333333333,0.044444444444444446,1054,40,Soft_Q_KL,19
4770,90,-0.07841248567132991,0.5644450481256899,0.43333333333333335,0.17777777777777778,1054,40,Soft_Q_KL,19
4860,90,0.039514295519811136,0.7901494514482477,0.6333333333333333,0.16666666666666666,1054,40,Soft_Q_KL,19
4950,90,0.07880653000482678,0.2502641917980928,0.2222222222222222,0.12222222222222222,1057,40,Soft_Q_KL,19
5040,90,0.020262397937110262,0.2551414690742019,0.2111111111111111,0.15555555555555556,1057,40,Soft_Q_KL,19
5130,90,-0.016210327085956697,0.25473211200471185,0.26666666666666666,0.08888888888888889,1057,40,Soft_Q_KL,19
5220,90,-0.011910534934488196,0.18903535053071152,0.06666666666666667,0.06666666666666667,1057,40,Soft_Q_KL,19
5310,90,-0.008660030351253662,0.3101141361319213,0.2111111111111111,0.1111111111111111,1057,40,Soft_Q_KL,19
5400,90,0.06917261327135203,0.25629839910495855,0.18888888888888888,0.15555555555555556,1094,41,Soft_Q_KL,19
5490,90,-0.03075249906109657,0.178000230715331,0.1111111111111111,0.13333333333333333,1105,41,Soft_Q_KL,19
5580,90,0.13331845550819316,0.3894426523499338,0.36666666666666664,0.2,1105,41,Soft_Q_KL,19
5670,90,-0.03656624391358781,0.4401150560262383,0.36666666666666664,0.18888888888888888,1105,41,Soft_Q_KL,19
5760,90,-0.03140574053592478,0.6941999841897745,0.4,0.24444444444444444,1105,41,Soft_Q_KL,19
5850,90,0.036805876325854754,0.8592023608154957,0.6222222222222222,0.2111111111111111,1105,41,Soft_Q_KL,19
5940,90,-0.1430639390058618,0.4058334603121861,0.4111111111111111,0.08888888888888889,1105,41,Soft_Q_KL,19
6030,90,0.04249129313321592,0.33983421316009094,0.2111111111111111,0.13333333333333333,1105,41,Soft_Q_KL,19
6120,90,0.006174708441255946,0.5387657180745012,0.37777777777777777,0.15555555555555556,1105,41,Soft_Q_KL,19
6210,90,-0.03560742213851732,0.25495436153616846,0.15555555555555556,0.13333333333333333,1105,41,Soft_Q_KL,19
6300,90,0.03091416751382875,0.19835293424655467,0.12222222222222222,0.044444444444444446,1105,41,Soft_Q_KL,19
6390,90,-0.07596329448780365,0.4466176343874677,0.3,0.13333333333333333,1105,41,Soft_Q_KL,19
6480,90,-0.06180839123358904,0.37539460793506035,0.3,0.13333333333333333,1105,41,Soft_Q_KL,19
6570,90,0.07766455047282454,0.7596418230444789,0.4222222222222222,0.1111111111111111,1105,41,Soft_Q_KL,19
6660,90,0.04858154686980405,0.3730841028007847,0.35555555555555557,0.06666666666666667,1105,41,Soft_Q_KL,19
6750,90,0.031447598627369934,0.40757683309851067,0.3,0.1111111111111111,1105,41,Soft_Q_KL,19
6840,90,-0.14394017391505498,0.5170325462388919,0.32222222222222224,0.1111111111111111,1105,41,Soft_Q_KL,19
6930,90,0.0064114188326681466,0.4808473461666727,0.5111111111111111,0.06666666666666667,1105,41,Soft_Q_KL,19
7020,90,0.17155604192598528,0.597415903233352,0.4,0.06666666666666667,1116,41,Soft_Q_KL,19
7110,90,0.23841558980354177,0.5950141493395588,0.43333333333333335,0.1,1116,42,Soft_Q_KL,19
7200,90,-0.11539767730231966,0.5585709362765257,0.43333333333333335,0.14444444444444443,1116,42,Soft_Q_KL,19
7290,90,-0.035702425209045686,0.4846839007473929,0.34444444444444444,0.07777777777777778,1116,42,Soft_Q_KL,19
7380,90,-0.1574062868589502,0.6032172413964674,0.32222222222222224,0.13333333333333333,1116,42,Soft_Q_KL,19
7470,90,-0.09524820333093764,0.39376729992978976,0.23333333333333334,0.13333333333333333,1116,42,Soft_Q_KL,19
7560,90,-0.015414543450855387,0.3050451362421775,0.3888888888888889,0.15555555555555556,1116,42,Soft_Q_KL,19
7650,90,-0.0859129903781876,0.21162320805164864,0.18888888888888888,0.011111111111111112,1116,42,Soft_Q_KL,19
7740,90,-0.05547980958915699,0.38923821317897384,0.43333333333333335,0.1111111111111111,1116,42,Soft_Q_KL,19
7830,90,0.0030863253399173235,0.17745493569816487,0.13333333333333333,0.08888888888888889,1116,42,Soft_Q_KL,19
7920,90,-0.10676570251118866,0.4178970918327892,0.3111111111111111,0.08888888888888889,1116,42,Soft_Q_KL,19
8010,90,-0.002988691976324735,0.20912786169881922,0.17777777777777778,0.1111111111111111,1116,42,Soft_Q_KL,19
8100,90,-0.09171061610872261,0.6481468833711688,0.5,0.16666666666666666,1116,42,Soft_Q_KL,19
8190,90,0.018898023542025286,0.17147734956767102,0.1,0.06666666666666667,1116,42,Soft_Q_KL,19
8280,90,-0.028553936471434956,0.1556575557223176,0.1111111111111111,0.06666666666666667,1116,42,Soft_Q_KL,19
8370,90,-0.04771382607172163,0.4016150956473684,0.25555555555555554,0.17777777777777778,1116,42,Soft_Q_KL,19
8460,90,-0.003937614246153438,0.2167837695436929,0.1111111111111111,0.044444444444444446,1116,42,Soft_Q_KL,19
8550,90,-0.009002755181738209,0.1714255789281757,0.13333333333333333,0.1,1116,42,Soft_Q_KL,19
8640,90,0.026188715728667565,0.21249146691744777,0.1111111111111111,0.1111111111111111,1116,42,Soft_Q_KL,19
8730,90,-0.08878716819709158,0.26240905032656914,0.3,0.17777777777777778,1116,42,Soft_Q_KL,19
8820,90,0.047609814918912974,0.3914463325358254,0.28888888888888886,0.2,1116,42,Soft_Q_KL,19
8910,90,-0.015863308374064543,0.2586615636968086,0.26666666666666666,0.15555555555555556,1116,42,Soft_Q_KL,19
9000,90,-0.1087451606489601,0.465573478526807,0.4777777777777778,0.14444444444444443,1116,42,Soft_Q_KL,19
9090,90,-0.06575869522852816,0.3275190474077082,0.2777777777777778,0.25555555555555554,1116,42,Soft_Q_KL,19
9180,90,0.15965545399618095,0.3215308187526375,0.2,0.06666666666666667,1116,42,Soft_Q_KL,19
9270,90,0.020493973589060153,0.20840575873313566,0.16666666666666666,0.1111111111111111,1116,42,Soft_Q_KL,19
9360,90,-0.0066493307713825145,0.1937242185515532,0.16666666666666666,0.13333333333333333,1116,42,Soft_Q_KL,19
9450,90,0.029003227602218504,0.6189643172064682,0.5666666666666667,0.16666666666666666,1116,42,Soft_Q_KL,19
9540,90,0.17020827704919483,0.4007259130658939,0.3333333333333333,0.2222222222222222,1116,42,Soft_Q_KL,19
9630,90,0.1808008559572511,0.5289542607360826,0.5444444444444444,0.1111111111111111,1116,42,Soft_Q_KL,19
9720,90,-0.061865990364219116,0.5469126285555643,0.5444444444444444,0.1,1116,42,Soft_Q_KL,19
9810,90,0.22413505005259782,0.5647126762944561,0.5444444444444444,0.2222222222222222,1116,42,Soft_Q_KL,19
9900,90,0.28685207060347195,0.49634152392186426,0.5,0.13333333333333333,1116,42,Soft_Q_KL,19
9990,90,-0.010671528056867512,0.44731884233741304,0.4111111111111111,0.12222222222222222,1116,42,Soft_Q_KL,19
10080,90,0.1388720603653936,0.6930151396719494,0.6555555555555556,0.17777777777777778,1116,42,Soft_Q_KL,19
10170,90,0.15197736911806017,0.5022244109737062,0.4666666666666667,0.1,1116,42,Soft_Q_KL,19
10260,90,0.08007101270420262,0.5047441648201038,0.5333333333333333,0.13333333333333333,1116,42,Soft_Q_KL,19
10350,90,-0.07806750345010978,0.43948064150170424,0.3333333333333333,0.14444444444444443,1116,42,Soft_Q_KL,19
10440,90,0.25214910339223945,0.7631047645766629,0.6,0.08888888888888889,1116,42,Soft_Q_KL,19
10530,90,-0.031187898528521548,0.48166495730013825,0.3333333333333333,0.17777777777777778,1116,42,Soft_Q_KL,19
10620,90,-0.0010241717918799546,0.6608512480919347,0.43333333333333335,0.2111111111111111,1116,42,Soft_Q_KL,19
10710,90,-0.06821383545327077,0.6086149746884235,0.5444444444444444,0.12222222222222222,1116,42,Soft_Q_KL,19
10800,90,0.09592197139966324,0.35901401195827914,0.34444444444444444,0.08888888888888889,1116,42,Soft_Q_KL,19
10890,90,0.13123803146088825,0.715161950545054,0.4444444444444444,0.06666666666666667,1116,42,Soft_Q_KL,19
10980,90,0.19114858334652504,0.5965893321882766,0.6222222222222222,0.1111111111111111,1116,42,Soft_Q_KL,19
11070,90,-0.10808307697416397,0.6574157393630234,0.5111111111111111,0.12222222222222222,1116,42,Soft_Q_KL,19
11160,90,-0.07770359969664013,0.1854733117287392,0.12222222222222222,0.14444444444444443,1116,42,Soft_Q_KL,19
11250,90,0.2493468018368651,0.5601682111764867,0.5666666666666667,0.15555555555555556,1116,42,Soft_Q_KL,19
11340,90,-0.0799014120209008,0.3230510052489738,0.3111111111111111,0.1111111111111111,1116,42,Soft_Q_KL,19
11430,90,0.08391099502458815,0.4351742061382575,0.37777777777777777,0.07777777777777778,1116,42,Soft_Q_KL,19
11520,90,0.054709018950151386,0.5217864063012797,0.4666666666666667,0.08888888888888889,1116,42,Soft_Q_KL,19
11610,90,-0.045248827327622185,0.598369481731372,0.5333333333333333,0.13333333333333333,1116,42,Soft_Q_KL,19
11700,90,-0.1055957791410748,0.6054512745606376,0.5555555555555556,0.12222222222222222,1116,42,Soft_Q_KL,19
11790,90,0.020217683925585733,0.42441321249770575,0.3,0.14444444444444443,1116,42,Soft_Q_KL,19
11880,90,-0.002843525626085391,0.6461683676469963,0.5777777777777777,0.06666666666666667,1116,42,Soft_Q_KL,19
11970,90,0.017892534994973546,0.4650598624524764,0.3,0.08888888888888889,1116,42,Soft_Q_KL,19
12060,90,0.078686256310917,0.45983437278738265,0.5555555555555556,0.1,1116,42,Soft_Q_KL,19
12150,90,0.18289500778027099,0.38847215230514764,0.3888888888888889,0.14444444444444443,1116,42,Soft_Q_KL,19
12240,90,0.2539332721566961,0.5728727369624107,0.6666666666666666,0.12222222222222222,1116,42,Soft_Q_KL,19
12330,90,0.13039823413270907,0.41719896681964463,0.4,0.14444444444444443,1116,42,Soft_Q_KL,19
12420,90,0.19757050621238734,0.7272127160964675,0.8555555555555555,0.1111111111111111,1116,42,Soft_Q_KL,19
12510,90,0.010783257039687265,0.6562043948215345,0.7222222222222222,0.17777777777777778,1116,42,Soft_Q_KL,19
12600,90,0.12565709171127185,0.43273280216872845,0.4777777777777778,0.14444444444444443,1116,42,Soft_Q_KL,19
12690,90,-0.028001907063163776,0.7801021442323247,0.6555555555555556,0.1111111111111111,1116,42,Soft_Q_KL,19
12780,90,-0.09528771086046374,1.2613082183000286,0.7888888888888889,0.1,1116,42,Soft_Q_KL,19
12870,90,0.25941880698450637,0.611763410824208,0.6777777777777778,0.1,1116,42,Soft_Q_KL,19
12960,90,-0.04697491216334315,0.8151024799523516,0.6222222222222222,0.08888888888888889,1116,42,Soft_Q_KL,19
13050,90,0.057107208349053404,0.5192800905050302,0.5111111111111111,0.1111111111111111,1116,42,Soft_Q_KL,19
13140,90,0.008699425632939168,0.547263235776004,0.7111111111111111,0.05555555555555555,1116,42,Soft_Q_KL,19
13230,90,0.01113658290986229,0.40987034103551745,0.3111111111111111,0.1111111111111111,1116,42,Soft_Q_KL,19
13320,90,0.11842962676524055,0.45257798034733515,0.37777777777777777,0.08888888888888889,1116,42,Soft_Q_KL,19
13410,90,0.023879808721280888,0.755874216983085,0.5888888888888889,0.15555555555555556,1116,42,Soft_Q_KL,19
13500,90,0.05631925614782026,0.8812993011359572,0.6666666666666666,0.13333333333333333,1116,42,Soft_Q_KL,19
13590,90,-0.05868865801809042,0.4436109301214794,0.28888888888888886,0.14444444444444443,1116,42,Soft_Q_KL,19
13680,90,0.17490338057264243,0.3383750000285375,0.4666666666666667,0.1111111111111111,1116,42,Soft_Q_KL,19
13770,90,-0.16953816038662467,0.7436099038114261,0.6111111111111112,0.16666666666666666,1116,42,Soft_Q_KL,19
13860,90,0.16440305660868496,0.42520836372041043,0.6444444444444445,0.05555555555555555,1116,42,Soft_Q_KL,19
13950,90,-0.09506854791881002,0.5967566285292827,0.43333333333333335,0.1,1116,42,Soft_Q_KL,19
14040,90,-0.06282397199903343,0.7035277235046447,0.6222222222222222,0.07777777777777778,1116,42,Soft_Q_KL,19
14130,90,0.12669354310502626,0.5928849343801944,0.7111111111111111,0.1111111111111111,1116,42,Soft_Q_KL,19
14220,90,-0.027064960921834656,0.2670553839538957,0.2222222222222222,0.05555555555555555,1116,42,Soft_Q_KL,19
14310,90,-0.13251267118612758,1.0399542668521118,0.5666666666666667,0.13333333333333333,1116,42,Soft_Q_KL,19
14400,90,0.01976535888153808,1.1564711431664683,0.7555555555555555,0.1,1116,42,Soft_Q_KL,19
14490,90,0.05232512964627348,0.4881872999468508,0.4888888888888889,0.13333333333333333,1116,42,Soft_Q_KL,19
14580,90,-0.012897325521915004,0.5460240265178395,0.5111111111111111,0.1,1116,42,Soft_Q_KL,19
14670,90,0.1628509014157325,0.5471378439029908,0.7222222222222222,0.1,1116,42,Soft_Q_KL,19
14760,90,0.11051042229138683,0.6093984080878563,0.5777777777777777,0.14444444444444443,1116,42,Soft_Q_KL,19
14850,90,0.06790704155789343,0.6827992393191964,0.7,0.08888888888888889,1116,42,Soft_Q_KL,19
14940,90,0.2319996842192406,0.8384141766263391,0.8888888888888888,0.1111111111111111,1116,42,Soft_Q_KL,19
15030,90,-0.008907675589759028,0.5451690923351832,0.7111111111111111,0.05555555555555555,1116,42,Soft_Q_KL,19
15120,90,0.16670721186702023,0.7359156500539727,0.7666666666666667,0.12222222222222222,1116,42,Soft_Q_KL,19
15210,90,0.05274731525671588,0.8654356360921953,0.7,0.06666666666666667,1131,42,Soft_Q_KL,19
15300,90,0.27385218375896153,0.8345658123324183,0.6111111111111112,0.044444444444444446,1134,42,Soft_Q_KL,19
15390,90,0.01640684495202018,0.7856632271917638,0.6,0.1111111111111111,1134,42,Soft_Q_KL,19
15480,90,0.087518212724186,0.7670079661881444,0.5666666666666667,0.06666666666666667,1134,42,Soft_Q_KL,19
15570,90,0.16423714148220153,0.6511501411064698,0.7222222222222222,0.1111111111111111,1134,42,Soft_Q_KL,19
15660,90,-0.060496383780427584,1.3988558959170228,0.8444444444444444,0.07777777777777778,1134,42,Soft_Q_KL,19
15750,90,-0.048980215174272874,0.9426893247001817,0.9,0.03333333333333333,1134,42,Soft_Q_KL,19
15840,90,0.07729167999419333,0.39033605702954255,0.5,0.18888888888888888,1134,42,Soft_Q_KL,19
15930,90,0.11120869515785131,0.6780134368592368,0.6888888888888889,0.08888888888888889,1134,42,Soft_Q_KL,19
16020,90,-0.021638966058296964,0.48668444971185093,0.6111111111111112,0.1111111111111111,1134,42,Soft_Q_KL,19
16110,90,-0.10644412952658298,0.7387913745091879,0.6666666666666666,0.07777777777777778,1134,42,Soft_Q_KL,19
16200,90,0.07060652024897476,0.5333304582806234,0.6,0.08888888888888889,1134,42,Soft_Q_KL,19
16290,90,0.06684717197582647,0.6333445854268089,0.5,0.07777777777777778,1134,42,Soft_Q_KL,19
16380,90,-0.054654345746292084,0.4490176314578319,0.5333333333333333,0.12222222222222222,1134,42,Soft_Q_KL,19
16470,90,-0.1295922831730572,0.5396136406084882,0.37777777777777777,0.1111111111111111,1134,42,Soft_Q_KL,19
16560,90,0.1470990491700381,0.5563104222268295,0.6333333333333333,0.07777777777777778,1134,42,Soft_Q_KL,19
16650,90,0.03302490503157604,0.5488366699415632,0.5666666666666667,0.08888888888888889,1134,42,Soft_Q_KL,19
16740,90,-0.19030127058008633,0.5344756765463573,0.4888888888888889,0.16666666666666666,1134,42,Soft_Q_KL,19
16830,90,0.07754322413328575,0.5570416390896885,0.4111111111111111,0.1,1134,42,Soft_Q_KL,19
16920,90,0.018028316733464052,0.25999711518553537,0.2,0.05555555555555555,1134,42,Soft_Q_KL,19
17010,90,-0.027350049758514565,0.455439216867544,0.5111111111111111,0.05555555555555555,1134,42,Soft_Q_KL,19
17100,90,0.16694370271175757,0.6876002395899646,0.7888888888888889,0.1,1134,42,Soft_Q_KL,19
17190,90,-0.04629567326127131,0.49908436511568777,0.4,0.15555555555555556,1134,42,Soft_Q_KL,19
17280,90,0.023831346924534987,0.9137792430647628,0.7888888888888889,0.1,1134,42,Soft_Q_KL,19
17370,90,0.133556402806441,0.502591416588483,0.6666666666666666,0.14444444444444443,1134,42,Soft_Q_KL,19
17460,90,0.0047833992038855645,0.5198633290121132,0.4444444444444444,0.2,1134,42,Soft_Q_KL,19
17550,90,-0.00041917143711367824,0.6468903518250406,0.5111111111111111,0.12222222222222222,1134,42,Soft_Q_KL,19
17640,90,0.013093678705010846,1.1357626695956238,0.7222222222222222,0.12222222222222222,1134,42,Soft_Q_KL,19
17730,90,-0.04173743039808693,0.6554456442221105,0.5333333333333333,0.14444444444444443,1134,42,Soft_Q_KL,19
17820,90,-0.045583881006454205,0.41077848455858695,0.3,0.12222222222222222,1134,42,Soft_Q_KL,19
17910,90,0.12419236244860993,1.1698235272964448,0.8222222222222222,0.1,1134,42,Soft_Q_KL,19
18000,90,0.10744250794957864,0.6763829306747952,0.7777777777777778,0.12222222222222222,1134,42,Soft_Q_KL,19
18090,90,0.0991375350303798,0.5742640610233064,0.7666666666666667,0.16666666666666666,1134,42,Soft_Q_KL,19
18180,90,0.17325356301762512,0.6336667834138291,0.7222222222222222,0.16666666666666666,1134,42,Soft_Q_KL,19
18270,90,0.1822608670249018,1.6375575382646197,0.8888888888888888,0.07777777777777778,1134,42,Soft_Q_KL,19
18360,90,0.017948496183262143,1.3152576089717618,0.8,0.1,1134,42,Soft_Q_KL,19
18450,90,0.0946464815761739,0.7710476557112796,0.5888888888888889,0.06666666666666667,1134,42,Soft_Q_KL,19
18540,90,0.17336965057507722,1.2753532246785968,0.8666666666666667,0.08888888888888889,1134,42,Soft_Q_KL,19
18630,90,-0.13818245850376,0.7461062381043633,0.6222222222222222,0.16666666666666666,1134,42,Soft_Q_KL,19
18720,90,-0.015394116820993533,0.41120559796332856,0.32222222222222224,0.14444444444444443,1134,42,Soft_Q_KL,19
18810,90,-0.020312417722102072,0.418058116428451,0.5111111111111111,0.18888888888888888,1134,42,Soft_Q_KL,19
18900,90,-0.08078187342586697,0.8250806804182795,0.6888888888888889,0.07777777777777778,1134,42,Soft_Q_KL,19
18990,90,0.07609693749290099,0.5106219614402605,0.5111111111111111,0.15555555555555556,1134,42,Soft_Q_KL,19
19080,90,0.28319702972642524,0.6439330543512677,0.5111111111111111,0.16666666666666666,1134,42,Soft_Q_KL,19
19170,90,-0.05605529464029011,0.4608783593662515,0.32222222222222224,0.12222222222222222,1134,42,Soft_Q_KL,19
19260,90,0.07319052203831691,0.620549324157426,0.7111111111111111,0.14444444444444443,1134,42,Soft_Q_KL,19
19350,90,0.1034003008755646,0.6694504297852437,0.5333333333333333,0.1,1134,42,Soft_Q_KL,19
19440,90,-0.1774521920008411,0.568149288581635,0.4666666666666667,0.14444444444444443,1134,42,Soft_Q_KL,19
19530,90,0.21286179236827651,0.6862984620007951,0.7333333333333333,0.13333333333333333,1134,42,Soft_Q_KL,19
19620,90,-0.013395280208251812,0.3809788921859266,0.37777777777777777,0.16666666666666666,1134,42,Soft_Q_KL,19
19710,90,0.13381898283807617,0.4977345745693524,0.6888888888888889,0.12222222222222222,1134,42,Soft_Q_KL,19
19800,90,0.03625729788213944,1.3634516740513896,0.7222222222222222,0.1,1134,42,Soft_Q_KL,19
19890,90,0.14454834750989512,0.6507387500435328,0.6555555555555556,0.12222222222222222,1134,42,Soft_Q_KL,19
19980,90,0.03331660813183064,0.6325226049494114,0.6111111111111112,0.05555555555555555,1134,42,Soft_Q_KL,19
20070,90,-0.10243294892562207,0.6923896647793688,0.5777777777777777,0.1,1134,42,Soft_Q_KL,19
20160,90,0.10793105583185346,0.5328775885957256,0.5555555555555556,0.13333333333333333,1134,42,Soft_Q_KL,19
20250,90,0.2177748879401258,0.55688380888504,0.5666666666666667,0.08888888888888889,1134,42,Soft_Q_KL,19
20340,90,0.00851089595514056,0.3764910841015591,0.45555555555555555,0.06666666666666667,1134,42,Soft_Q_KL,19
20430,90,0.005899043481687539,0.7953956504887146,0.7555555555555555,0.07777777777777778,1134,42,Soft_Q_KL,19
20520,90,0.13157751789904282,0.45160194444439583,0.4666666666666667,0.044444444444444446,1134,42,Soft_Q_KL,19
20610,90,-0.18239301345791492,0.6241700178252303,0.5111111111111111,0.1,1134,42,Soft_Q_KL,19
20700,90,-0.1308463884320755,0.6013441595220683,0.5333333333333333,0.05555555555555555,1134,42,Soft_Q_KL,19
20790,90,0.07139699039452266,0.956556083397998,0.8333333333333334,0.07777777777777778,1134,42,Soft_Q_KL,19
20880,90,0.04682099208841474,0.46567726692725414,0.6111111111111112,0.07777777777777778,1134,42,Soft_Q_KL,19
20970,90,0.22645348609761157,0.9528021777913741,0.7333333333333333,0.06666666666666667,1134,42,Soft_Q_KL,19
21060,90,0.21807177607070913,0.5657457189420885,0.5555555555555556,0.15555555555555556,1134,42,Soft_Q_KL,19
21150,90,-0.01070205494634213,0.347949980479465,0.32222222222222224,0.06666666666666667,1134,42,Soft_Q_KL,19
21240,90,-0.08737055771139252,0.3732399355075039,0.3333333333333333,0.1,1134,42,Soft_Q_KL,19
21330,90,-0.02462493271894996,0.31011923290444215,0.26666666666666666,0.12222222222222222,1134,42,Soft_Q_KL,19
21420,90,-0.014064190291015792,0.5086057891203839,0.5111111111111111,0.1,1134,42,Soft_Q_KL,19
21510,90,0.1693290547074029,0.5549987323255856,0.5111111111111111,0.03333333333333333,1134,42,Soft_Q_KL,19
21600,90,0.08866344035492672,1.57029082863034,0.9222222222222223,0.03333333333333333,1134,42,Soft_Q_KL,19
21690,90,-0.005454842174881348,0.7878215818663444,0.7,0.05555555555555555,1134,42,Soft_Q_KL,19
21780,90,-0.0821083612041959,0.7507396372482031,0.5111111111111111,0.044444444444444446,1134,42,Soft_Q_KL,19
21870,90,0.06767244182423109,0.4395530507917179,0.35555555555555557,0.14444444444444443,1134,42,Soft_Q_KL,19
21960,90,0.2231286158764035,1.3008721748027197,0.8333333333333334,0.12222222222222222,1134,42,Soft_Q_KL,19
22050,90,0.015384259702884486,0.5141092229785504,0.45555555555555555,0.12222222222222222,1134,42,Soft_Q_KL,19
22140,90,0.11362214775881982,0.46265809028361865,0.45555555555555555,0.1111111111111111,1134,42,Soft_Q_KL,19
22230,90,0.10295570468120749,0.5576545448622197,0.5888888888888889,0.12222222222222222,1134,42,Soft_Q_KL,19
22320,90,0.07544951212816697,1.550703976614496,0.9111111111111111,0.03333333333333333,1134,42,Soft_Q_KL,19
22410,90,0.1770823065913459,1.0429563408884315,0.5222222222222223,0.1,1134,42,Soft_Q_KL,19
22500,90,0.16980671904486827,1.1124219411368554,0.8444444444444444,0.08888888888888889,1134,42,Soft_Q_KL,19
22590,90,-0.061631657397263805,0.3958022839675029,0.4777777777777778,0.05555555555555555,1134,42,Soft_Q_KL,19
22680,90,0.0804095657103164,0.490195228217771,0.4444444444444444,0.1,1134,42,Soft_Q_KL,19
22770,90,0.07521203909079752,0.231054018845811,0.3,0.08888888888888889,1134,42,Soft_Q_KL,19
22860,90,-0.017953206597620508,1.3458494803079224,0.7555555555555555,0.05555555555555555,1134,42,Soft_Q_KL,19
22950,90,-0.12477172204600046,0.7439906401038145,0.6333333333333333,0.05555555555555555,1134,42,Soft_Q_KL,19
23040,90,-0.1854491999529707,1.2698158437302816,0.8111111111111111,0.14444444444444443,1134,42,Soft_Q_KL,19
23130,90,0.10141800287571925,0.4433034906834019,0.45555555555555555,0.13333333333333333,1134,42,Soft_Q_KL,19
23220,90,0.04662425318201023,0.5379566092215006,0.5333333333333333,0.07777777777777778,1134,42,Soft_Q_KL,19
23310,90,0.06384880087227318,0.9237105318199365,0.7,0.1111111111111111,1134,42,Soft_Q_KL,19
23400,90,0.1626733527641867,0.7515972924920103,0.7666666666666667,0.07777777777777778,1134,42,Soft_Q_KL,19
23490,90,-0.0046250944039187844,0.5909526077292114,0.6,0.06666666666666667,1134,42,Soft_Q_KL,19
23580,90,0.1448053409022234,0.3731371487650017,0.4,0.08888888888888889,1134,42,Soft_Q_KL,19
23670,90,-0.013537634616860977,0.8894374663013239,0.8888888888888888,0.05555555555555555,1134,42,Soft_Q_KL,19
23760,90,0.19314622337716914,0.4002312871796724,0.3333333333333333,0.044444444444444446,1134,42,Soft_Q_KL,19
23850,90,-0.015370896947796813,0.4361753852961275,0.3,0.15555555555555556,1134,42,Soft_Q_KL,19
23940,90,0.019419680533936962,0.7834763930994904,0.6222222222222222,0.05555555555555555,1134,42,Soft_Q_KL,19
24000,60,-0.012621729263573741,0.5379469604681825,0.7,0.05,1134,42,Soft_Q_KL,19
90,90,-0.09386688437617305,0.5894403217062381,0.3888888888888889,0.14444444444444443,90,18,Soft_Q_KL,43
180,90,-0.006535113970890641,0.2750783556091208,0.3,0.1111111111111111,180,22,Soft_Q_KL,43
270,90,0.0018475702223793454,0.3798528941149514,0.45555555555555555,0.2,270,25,Soft_Q_KL,43
360,90,-0.06970693036976401,0.5366465338285454,0.37777777777777777,0.2111111111111111,360,25,Soft_Q_KL,43
450,90,0.09009053215481042,0.4235991479674563,0.36666666666666664,0.15555555555555556,361,26,Soft_Q_KL,43
540,90,-0.007656680821624685,0.18618532523631634,0.17777777777777778,0.06666666666666667,412,27,Soft_Q_KL,43
630,90,0.18325874788168722,0.5718130081327002,0.5111111111111111,0.14444444444444443,502,30,Soft_Q_KL,43
720,90,0.18333194477806722,0.4058359139501216,0.3111111111111111,0.08888888888888889,517,30,Soft_Q_KL,43
810,90,0.005071145980017988,0.33846562432569033,0.3,0.08888888888888889,550,31,Soft_Q_KL,43
900,90,-0.0004451568943753771,0.34014085905809516,0.24444444444444444,0.2,640,31,Soft_Q_KL,43
990,90,0.18137022060735136,0.4809280017344598,0.4222222222222222,0.14444444444444443,669,31,Soft_Q_KL,43
1080,90,0.09386844378732355,0.4557382785595081,0.3888888888888889,0.15555555555555556,680,31,Soft_Q_KL,43
1170,90,0.110964184182954,0.30006370004785377,0.26666666666666666,0.12222222222222222,684,31,Soft_Q_KL,43
1260,90,0.12112177421159163,0.5899211584323936,0.4222222222222222,0.06666666666666667,774,34,Soft_Q_KL,43
1350,90,-0.08076252217212303,0.7569925049550797,0.6555555555555556,0.16666666666666666,774,34,Soft_Q_KL,43
1440,90,-0.020586987785160722,0.14657715538593968,0.08888888888888889,0.05555555555555555,774,34,Soft_Q_KL,43
1530,90,0.10131617122330219,0.4772278787629073,0.4222222222222222,0.022222222222222223,774,34,Soft_Q_KL,43
1620,90,0.10728633309701409,0.34427314545712384,0.4,0.1,774,34,Soft_Q_KL,43
1710,90,-0.014914621151751146,0.7755260707863957,0.5111111111111111,0.08888888888888889,779,34,Soft_Q_KL,43
1800,90,0.15553301766325728,0.4257012082175335,0.4777777777777778,0.1111111111111111,803,34,Soft_Q_KL,43
1890,90,-0.10770095541826644,0.6375826054835699,0.5888888888888889,0.12222222222222222,804,35,Soft_Q_KL,43
1980,90,0.04979379266505012,0.6181019133340452,0.6222222222222222,0.1111111111111111,804,36,Soft_Q_KL,43
2070,90,0.058198801135368426,0.4713876164276962,0.37777777777777777,0.13333333333333333,804,36,Soft_Q_KL,43
2160,90,-0.0865571436113992,1.2156605906838018,0.6777777777777778,0.1,894,39,Soft_Q_KL,43
2250,90,0.12942803155951368,0.44872944113796137,0.4888888888888889,0.1,904,39,Soft_Q_KL,43
2340,90,-0.11168497542657731,0.5218268522545153,0.4666666666666667,0.1,965,39,Soft_Q_KL,43
2430,90,0.041588579514781565,0.5388944860926869,0.6333333333333333,0.08888888888888889,965,39,Soft_Q_KL,43
2520,90,-0.01172382141381926,0.18853032746372264,0.15555555555555556,0.08888888888888889,972,39,Soft_Q_KL,43
2610,90,0.05366391802256207,0.8486693511575728,0.5111111111111111,0.13333333333333333,972,39,Soft_Q_KL,43
2700,90,0.09771971029446112,0.8739391275879624,0.8111111111111111,0.07777777777777778,984,40,Soft_Q_KL,43
2790,90,0.07646962495965348,0.5128522098920388,0.6444444444444445,0.12222222222222222,985,40,Soft_Q_KL,43
2880,90,0.04201870686995884,1.3939668705019421,0.7444444444444445,0.07777777777777778,989,40,Soft_Q_KL,43
2970,90,-0.06743616111848254,0.6780541004455907,0.4777777777777778,0.06666666666666667,989,40,Soft_Q_KL,43
3060,90,0.15540983649570245,1.0089269253639506,0.5222222222222223,0.08888888888888889,989,40,Soft_Q_KL,43
3150,90,0.2300184710725001,0.9061935638719668,0.8777777777777778,0.05555555555555555,989,40,Soft_Q_KL,43
3240,90,0.02509192427335282,0.7237674930417242,0.6555555555555556,0.18888888888888888,989,40,Soft_Q_KL,43
3330,90,0.013082774740493195,0.7914706625845189,0.5666666666666667,0.044444444444444446,989,40,Soft_Q_KL,43
3420,90,0.1915924073828444,0.6801110508868987,0.6666666666666666,0.12222222222222222,989,40,Soft_Q_KL,43
3510,90,0.004921546689667673,0.9391341859090798,0.6111111111111112,0.14444444444444443,989,40,Soft_Q_KL,43
3600,90,0.07359183218969666,0.6599710852636534,0.6222222222222222,0.12222222222222222,989,40,Soft_Q_KL,43
3690,90,-0.14994365270920776,1.074419934151955,0.8555555555555555,0.06666666666666667,1010,40,Soft_Q_KL,43
3780,90,-0.0325659729787628,0.9628760337440048,0.8555555555555555,0.07777777777777778,1010,40,Soft_Q_KL,43
3870,90,0.19538610785806604,0.8831028798793538,0.9333333333333333,0.03333333333333333,1010,40,Soft_Q_KL,43
3960,90,-0.025624096889494918,0.9092210930315744,0.7777777777777778,0.1,1010,41,Soft_Q_KL,43
4050,90,-0.014901545377740587,0.8616024809216938,0.6666666666666666,0.1,1010,41,Soft_Q_KL,43
4140,90,0.03635585743906644,0.9302353621241426,0.5444444444444444,0.13333333333333333,1010,41,Soft_Q_KL,43
4230,90,0.0686087246517197,0.5521323151635221,0.5777777777777777,0.1,1010,41,Soft_Q_KL,43
4320,90,0.05529316361659201,0.7973997299078882,0.6555555555555556,0.14444444444444443,1010,41,Soft_Q_KL,43
4410,90,0.07471033379191003,0.4206157032549608,0.3888888888888889,0.08888888888888889,1042,41,Soft_Q_KL,43
4500,90,0.12123010431600888,1.0036056778550773,0.6222222222222222,0.14444444444444443,1042,41,Soft_Q_KL,43
4590,90,-0.03635058758546274,0.6442811585126234,0.6777777777777778,0.13333333333333333,1042,41,Soft_Q_KL,43
4680,90,0.07722336237683848,0.626681494850044,0.5777777777777777,0.14444444444444443,1042,41,Soft_Q_KL,43
4770,90,-0.07743215208650056,0.9241358925895472,0.7666666666666667,0.1,1042,41,Soft_Q_KL,43
4860,90,-0.011134446177042557,0.4208215552461113,0.4888888888888889,0.1,1042,41,Soft_Q_KL,43
4950,90,-0.027193294032953355,1.0558209936641114,0.6888888888888889,0.16666666666666666,1042,41,Soft_Q_KL,43
5040,90,0.26323636257726685,0.7571430183455925,0.6888888888888889,0.07777777777777778,1050,42,Soft_Q_KL,43
5130,90,-0.14097274259810488,0.6461518280614309,0.45555555555555555,0.1111111111111111,1050,42,Soft_Q_KL,43
5220,90,0.07687647220288324,0.5026911937253633,0.5111111111111111,0.07777777777777778,1061,42,Soft_Q_KL,43
5310,90,0.09923047168153808,0.9784797277751617,0.7444444444444445,0.16666666666666666,1061,42,Soft_Q_KL,43
5400,90,0.0328080712464287,0.42261508048374674,0.35555555555555557,0.13333333333333333,1061,42,Soft_Q_KL,43
5490,90,0.2707941659515919,0.8807555046570636,0.7444444444444445,0.1,1061,42,Soft_Q_KL,43
5580,90,0.03565499069790654,0.5949517340624837,0.5222222222222223,0.1,1061,42,Soft_Q_KL,43
5670,90,0.14511347450111003,1.0580753251698343,0.6555555555555556,0.05555555555555555,1061,42,Soft_Q_KL,43
5760,90,0.1730970421706452,0.8076995265100829,0.8333333333333334,0.12222222222222222,1061,42,Soft_Q_KL,43
5850,90,0.3539945346836869,0.7739077761401661,0.8777777777777778,0.07777777777777778,1075,42,Soft_Q_KL,43
5940,90,-0.09854870949986382,0.799676090684721,0.7888888888888889,0.07777777777777778,1075,42,Soft_Q_KL,43
6030,90,0.15379858241178443,1.013972155917828,0.8111111111111111,0.1,1075,42,Soft_Q_KL,43
6120,90,-0.08229387881112459,1.0042218778963106,0.7777777777777778,0.14444444444444443,1075,42,Soft_Q_KL,43
6210,90,0.10882037884188182,0.6801893187780175,0.6555555555555556,0.1,1075,42,Soft_Q_KL,43
6300,90,-0.03792927940760117,0.9734220091941885,0.8222222222222222,0.13333333333333333,1075,42,Soft_Q_KL,43
6390,90,0.18317958979489105,0.8416781542669612,0.8666666666666667,0.1,1075,42,Soft_Q_KL,43
6480,90,-0.08860649355205588,0.7596024131096362,0.7555555555555555,0.08888888888888889,1075,42,Soft_Q_KL,43
6570,90,-0.18353599088220257,0.8398361028909559,0.9,0.05555555555555555,1075,42,Soft_Q_KL,43
6660,90,0.3034827732105902,1.0029651515324187,0.8444444444444444,0.1,1075,42,Soft_Q_KL,43
6750,90,-0.07523239137764377,0.8300965489795431,0.7888888888888889,0.15555555555555556,1075,42,Soft_Q_KL,43
6840,90,-0.19233659751946758,0.8387393873647355,0.7111111111111111,0.1,1075,42,Soft_Q_KL,43
6930,90,-0.0415908785097753,1.114832843348843,0.9444444444444444,0.05555555555555555,1075,42,Soft_Q_KL,43
7020,90,0.21078936598123935,0.6578488530975829,0.7,0.06666666666666667,1099,42,Soft_Q_KL,43
7110,90,0.11606160353016891,0.5938605851528682,0.5444444444444444,0.1,1099,42,Soft_Q_KL,43
7200,90,0.028034731690439428,0.5254241542718343,0.34444444444444444,0.14444444444444443,1136,42,Soft_Q_KL,43
7290,90,0.22539123283844045,0.6176045080414451,0.5111111111111111,0.12222222222222222,1136,42,Soft_Q_KL,43
7380,90,0.24310614574486727,0.6277309735466754,0.6,0.07777777777777778,1136,42,Soft_Q_KL,43
7470,90,-0.14347338936759438,0.8290313294266554,0.8555555555555555,0.07777777777777778,1136,42,Soft_Q_KL,43
7560,90,0.33820080746085746,0.77445243197852,0.6444444444444445,0.05555555555555555,1136,42,Soft_Q_KL,43
7650,90,0.017594820267866195,0.5456389921177072,0.7666666666666667,0.05555555555555555,1136,42,Soft_Q_KL,43
7740,90,0.017526996234908734,0.4805574991597772,0.6444444444444445,0.1,1136,42,Soft_Q_KL,43
7830,90,0.13295317840334844,1.213676981294447,0.6333333333333333,0.1,1136,42,Soft_Q_KL,43
7920,90,0.025687454421947583,0.6611749329839316,0.7333333333333333,0.05555555555555555,1136,42,Soft_Q_KL,43
8010,90,-0.11575022090495825,0.9113224112528594,0.7222222222222222,0.05555555555555555,1136,42,Soft_Q_KL,43
8100,90,0.1292953410197541,0.7280608286337699,0.8111111111111111,0.07777777777777778,1136,42,Soft_Q_KL,43
8190,90,0.20503626925859872,0.7271678217235188,0.7777777777777778,0.07777777777777778,1136,42,Soft_Q_KL,43
8280,90,0.1622257025233503,0.8668784096633887,0.9666666666666667,0.05555555555555555,1136,42,Soft_Q_KL,43
8370,90,0.3034400311197472,0.8208943766851388,0.9222222222222223,0.1,1136,42,Soft_Q_KL,43
8460,90,0.048129242639965014,0.8655369215493727,0.43333333333333335,0.044444444444444446,1136,42,Soft_Q_KL,43
8550,90,0.02884134255179955,0.7056723362387456,0.6333333333333333,0.07777777777777778,1136,42,Soft_Q_KL,43
8640,90,0.17187420149686725,1.0034278555889002,0.8111111111111111,0.12222222222222222,1136,42,Soft_Q_KL,43
8730,90,-0.025489912769291252,0.7744869942434609,0.9444444444444444,0.05555555555555555,1136,42,Soft_Q_KL,43
8820,90,-0.061370498495054826,0.9553152513510865,0.8333333333333334,0.05555555555555555,1136,42,Soft_Q_KL,43
8910,90,0.12316249004476743,1.105259923319573,0.9555555555555556,0.011111111111111112,1136,42,Soft_Q_KL,43
9000,90,0.11222197398172289,0.9045440795785059,0.9888888888888889,0.011111111111111112,1136,42,Soft_Q_KL,43
9090,90,0.2941903032051012,0.8438922436854336,0.9333333333333333,0.05555555555555555,1136,42,Soft_Q_KL,43
9180,90,-0.2128539829259252,0.970447656330839,0.9888888888888889,0.03333333333333333,1136,42,Soft_Q_KL,43
9270,90,-0.07007555295674249,0.7946959851616241,0.6333333333333333,0.12222222222222222,1136,42,Soft_Q_KL,43
9360,90,-0.09024961637257088,0.8258730337156526,0.8777777777777778,0.14444444444444443,1136,42,Soft_Q_KL,43
9450,90,0.12453980510253507,0.8218805985275316,0.8888888888888888,0.07777777777777778,1136,42,Soft_Q_KL,43
9540,90,0.18223027202867348,0.7798972880850588,0.8111111111111111,0.1,1136,42,Soft_Q_KL,43
9630,90,0.06881338109555568,0.800167295436958,0.8888888888888888,0.07777777777777778,1136,42,Soft_Q_KL,43
9720,90,0.221941033011902,0.6835711344310348,0.7666666666666667,0.07777777777777778,1136,42,Soft_Q_KL,43
9810,90,-0.22061350087774131,0.8319657307438985,0.8888888888888888,0.05555555555555555,1136,42,Soft_Q_KL,43
9900,90,0.2629822168096035,0.7225402339049464,0.6777777777777778,0.1111111111111111,1136,42,Soft_Q_KL,43
9990,90,0.13998993775499666,0.6865529299272376,0.8222222222222222,0.07777777777777778,1136,42,Soft_Q_KL,43
10080,90,0.003920964872478933,0.7674750202582274,0.5777777777777777,0.12222222222222222,1136,42,Soft_Q_KL,43
10170,90,-0.024112981690571553,0.6867501350881883,0.9555555555555556,0.03333333333333333,1136,42,Soft_Q_KL,43
10260,90,-0.07030473396921375,0.8673048893686811,0.8666666666666667,0.12222222222222222,1136,42,Soft_Q_KL,43
10350,90,0.15099918935100687,1.102365353242159,0.8333333333333334,0.08888888888888889,1136,42,Soft_Q_KL,43
10440,90,-0.08006375125249274,1.0720057562801468,0.9777777777777777,0.03333333333333333,1136,42,Soft_Q_KL,43
10530,90,0.15730636490266606,1.522553251111595,0.8111111111111111,0.07777777777777778,1136,42,Soft_Q_KL,43
10620,90,0.24295659432817787,0.8419377423112686,0.7222222222222222,0.1,1136,42,Soft_Q_KL,43
10710,90,-0.05993933972399754,0.806578857258709,0.7888888888888889,0.16666666666666666,1136,42,Soft_Q_KL,43
10800,90,-0.005824600657041166,0.8755690602351466,0.8888888888888888,0.011111111111111112,1136,42,Soft_Q_KL,43
10890,90,0.0511944954862088,0.6956676539530969,0.7111111111111111,0.07777777777777778,1136,42,Soft_Q_KL,43
10980,90,0.01846749261019168,0.7259083522466835,0.7444444444444445,0.07777777777777778,1136,42,Soft_Q_KL,43
11070,90,0.24728315350336547,0.7148094591897405,0.8333333333333334,0.07777777777777778,1136,42,Soft_Q_KL,43
11160,90,0.2161833393158408,0.8537561144446036,0.8111111111111111,0.23333333333333334,1136,42,Soft_Q_KL,43
11250,90,0.10117649957068256,0.727732915627447,0.8222222222222222,0.12222222222222222,1136,42,Soft_Q_KL,43
11340,90,0.23562642688292318,0.796477653411071,0.8666666666666667,0.03333333333333333,1136,42,Soft_Q_KL,43
11430,90,0.20533502624331118,0.9747639342802079,0.8222222222222222,0.011111111111111112,1136,42,Soft_Q_KL,43
11520,90,0.1001515450971668,0.9185335206500944,0.8888888888888888,0.07777777777777778,1136,42,Soft_Q_KL,43
11610,90,0.09929352942306906,0.8207018551106985,0.9111111111111111,0.05555555555555555,1136,42,Soft_Q_KL,43
11700,90,-0.09553335063156033,0.9268654678802867,0.8333333333333334,0.1,1136,42,Soft_Q_KL,43
11790,90,0.15582878651844068,1.5957487259785876,0.9333333333333333,0.05555555555555555,1136,42,Soft_Q_KL,43
11880,90,-0.020075810394482273,0.9549040774390253,0.8444444444444444,0.07777777777777778,1136,42,Soft_Q_KL,43
11970,90,-0.06068515258725974,1.0135833038643962,0.8555555555555555,0.07777777777777778,1136,42,Soft_Q_KL,43
12060,90,0.26265520785906254,0.7762617870161517,0.8555555555555555,0.03333333333333333,1136,42,Soft_Q_KL,43
12150,90,0.2213731078042419,0.7380718666649,0.7888888888888889,0.05555555555555555,1136,42,Soft_Q_KL,43
12240,90,0.026044703497613918,0.8220431641968255,0.9,0.1111111111111111,1136,42,Soft_Q_KL,43
12330,90,0.28263144504959603,0.8211929837710571,0.9111111111111111,0.05555555555555555,1136,42,Soft_Q_KL,43
12420,90,0.349016334426938,0.8661114214062482,0.9111111111111111,0.05555555555555555,1136,42,Soft_Q_KL,43
12510,90,0.18758309710919288,0.951335351945738,0.9222222222222223,0.07777777777777778,1136,42,Soft_Q_KL,43
12600,90,0.029539706202545694,1.5260667531577727,0.9111111111111111,0.05555555555555555,1136,42,Soft_Q_KL,43
12690,90,-0.12294113950016236,0.8716743012788009,0.8111111111111111,0.03333333333333333,1136,42,Soft_Q_KL,43
12780,90,-0.1064593051391773,0.9840160969082318,0.9666666666666667,0.03333333333333333,1136,42,Soft_Q_KL,43
12870,90,0.1319698754498707,0.6685630291667936,0.6666666666666666,0.044444444444444446,1136,42,Soft_Q_KL,43
12960,90,0.0748254214900592,0.9280772532805857,0.8666666666666667,0.07777777777777778,1136,42,Soft_Q_KL,43
13050,90,-0.18030343347784922,0.9242276491723836,0.8888888888888888,0.07777777777777778,1136,42,Soft_Q_KL,43
13140,90,-0.06055409928453531,0.9597958758573735,0.6666666666666666,0.07777777777777778,1136,42,Soft_Q_KL,43
13230,90,-0.08365611053692192,1.2229799852313723,0.7222222222222222,0.14444444444444443,1136,42,Soft_Q_KL,43
13320,90,-0.19223064527624326,0.7226598930273648,0.4111111111111111,0.06666666666666667,1136,42,Soft_Q_KL,43
13410,90,0.17566436427025686,1.1473890136027025,0.6111111111111112,0.05555555555555555,1136,42,Soft_Q_KL,43
13500,90,0.010642634461081777,0.9457111591701957,0.8555555555555555,0.07777777777777778,1136,42,Soft_Q_KL,43
13590,90,0.249990184031923,0.6007981209783761,0.7333333333333333,0.044444444444444446,1136,42,Soft_Q_KL,43
13680,90,0.165373998729614,0.9073232319525969,1.0,0.011111111111111112,1136,42,Soft_Q_KL,43
13770,90,-0.036749912465662275,0.4521746987885223,0.5111111111111111,0.15555555555555556,1136,42,Soft_Q_KL,43
13860,90,0.1742053139149662,0.7702257390143201,0.8111111111111111,0.05555555555555555,1136,42,Soft_Q_KL,43
13950,90,-0.0844220600447046,1.2904624010806482,0.8777777777777778,0.08888888888888889,1136,42,Soft_Q_KL,43
14040,90,0.04779479952628489,1.1198444442341193,0.8444444444444444,0.1,1136,42,Soft_Q_KL,43
14130,90,0.1744231008195866,0.6711490190252667,0.7333333333333333,0.12222222222222222,1136,42,Soft_Q_KL,43
14220,90,0.2306531562763587,1.090726309611636,0.9444444444444444,0.05555555555555555,1136,42,Soft_Q_KL,43
14310,90,-0.053238321955236756,0.9466710318175799,0.9777777777777777,0.03333333333333333,1136,42,Soft_Q_KL,43
14400,90,-0.14118610227884798,0.7648740388199762,0.7666666666666667,0.07777777777777778,1136,42,Soft_Q_KL,43
14490,90,0.06726697847897839,0.9074243379949697,0.6888888888888889,0.14444444444444443,1136,42,Soft_Q_KL,43
14580,90,0.004602447368340693,0.7331561563132474,0.7333333333333333,0.07777777777777778,1136,42,Soft_Q_KL,43
14670,90,0.23249552932673442,0.6851884882315208,0.5777777777777777,0.1111111111111111,1136,42,Soft_Q_KL,43
14760,90,0.04235289300394713,1.0788723594228937,0.8666666666666667,0.1,1136,42,Soft_Q_KL,43
14850,90,0.017737426351831568,0.6188383389610989,0.8111111111111111,0.05555555555555555,1136,42,Soft_Q_KL,43
14940,90,-0.1908133964332623,0.7446588150318024,0.8,0.1,1136,42,Soft_Q_KL,43
15030,90,0.291341362421921,0.7467207275281953,0.7666666666666667,0.07777777777777778,1136,42,Soft_Q_KL,43
15120,90,0.059194108822494824,0.7891750785238658,0.7888888888888889,0.12222222222222222,1136,42,Soft_Q_KL,43
15210,90,-0.059466554316722785,1.0410432529548286,0.9222222222222223,0.05555555555555555,1136,42,Soft_Q_KL,43
15300,90,0.019024352930018543,0.7453539704250315,0.7444444444444445,0.08888888888888889,1136,42,Soft_Q_KL,43
15390,90,-0.07799036730596905,0.6972798682421366,0.6777777777777778,0.12222222222222222,1136,42,Soft_Q_KL,43
15480,90,-0.03897505168419313,0.5883349273415884,0.4666666666666667,0.12222222222222222,1139,42,Soft_Q_KL,43
15570,90,0.05146606756421286,0.7615805748041677,0.5444444444444444,0.13333333333333333,1139,42,Soft_Q_KL,43
15660,90,-0.07120184070425271,0.61654942017432,0.4444444444444444,0.08888888888888889,1139,42,Soft_Q_KL,43
15750,90,0.11772041745328993,0.6468371057615714,0.7555555555555555,0.07777777777777778,1139,42,Soft_Q_KL,43
15840,90,0.13742530740226058,0.8319698601916252,0.7777777777777778,0.07777777777777778,1139,42,Soft_Q_KL,43
15930,90,-0.17841168322913503,0.8036715086687342,0.8,0.05555555555555555,1139,42,Soft_Q_KL,43
16020,90,-0.15677404690827632,0.832950332369742,0.7,0.12222222222222222,1139,42,Soft_Q_KL,43
16110,90,-0.028128436601982828,0.742350895998343,0.6888888888888889,0.05555555555555555,1139,42,Soft_Q_KL,43
16200,90,0.0032394458282409785,0.6568431922184615,0.6111111111111112,0.1111111111111111,1139,42,Soft_Q_KL,43
16290,90,0.06700447816461745,0.6314310172683317,0.5111111111111111,0.12222222222222222,1139,42,Soft_Q_KL,43
16380,90,0.20760063537811202,0.7432023126781959,0.7555555555555555,0.14444444444444443,1139,42,Soft_Q_KL,43
16470,90,0.33260309087851253,0.8155023292205257,0.9111111111111111,0.022222222222222223,1139,42,Soft_Q_KL,43
16560,90,0.03419878452511019,0.6361277110948396,0.5888888888888889,0.05555555555555555,1139,42,Soft_Q_KL,43
16650,90,-0.04468096692322315,0.781313546063969,0.5,0.12222222222222222,1139,42,Soft_Q_KL,43
16740,90,0.1368519897626461,1.0650261981946973,0.8222222222222222,0.05555555555555555,1139,42,Soft_Q_KL,43
16830,90,-0.1310737654729644,0.7807043141821869,0.7444444444444445,0.07777777777777778,1139,42,Soft_Q_KL,43
16920,90,0.01233220038370395,0.601986871749332,0.7888888888888889,0.07777777777777778,1139,42,Soft_Q_KL,43
17010,90,-0.05489826054879617,0.6831354293535772,0.5222222222222223,0.14444444444444443,1139,42,Soft_Q_KL,43
17100,90,0.2674779182443465,0.7613014187105482,0.8222222222222222,0.1,1139,42,Soft_Q_KL,43
17190,90,-0.023434601702967173,0.5697121865621941,0.5666666666666667,0.05555555555555555,1139,42,Soft_Q_KL,43
17280,90,0.058194335404579293,0.49707998689905625,0.5777777777777777,0.14444444444444443,1139,42,Soft_Q_KL,43
17370,90,-0.17497137477439545,0.5994567592408135,0.5777777777777777,0.1,1139,42,Soft_Q_KL,43
17460,90,0.007386267821611936,0.7690194096694212,0.8333333333333334,0.08888888888888889,1139,42,Soft_Q_KL,43
17550,90,0.23613219567312144,0.6786194391803139,0.5888888888888889,0.1,1139,42,Soft_Q_KL,43
17640,90,0.025081479148297676,0.6102182768033203,0.6777777777777778,0.03333333333333333,1139,42,Soft_Q_KL,43
17730,90,-0.03006236820305373,0.6055953744937704,0.6555555555555556,0.1,1139,42,Soft_Q_KL,43
17820,90,0.1912198914276319,0.9224935720434329,0.6555555555555556,0.14444444444444443,1139,42,Soft_Q_KL,43
17910,90,-0.07843884143301659,0.8440909227802821,0.7888888888888889,0.08888888888888889,1139,42,Soft_Q_KL,43
18000,90,-0.09848201860134391,0.7355288083633051,0.7333333333333333,0.16666666666666666,1139,42,Soft_Q_KL,43
18090,90,0.10770799924913946,0.5139958618449298,0.5666666666666667,0.1111111111111111,1139,42,Soft_Q_KL,43
18180,90,-0.01710809661450509,0.8367896559544306,0.7222222222222222,0.1,1139,42,Soft_Q_KL,43
18270,90,0.1594108309190523,0.7186993878877432,0.7888888888888889,0.1,1139,42,Soft_Q_KL,43
18360,90,0.3071865710216363,1.150446173416812,0.9111111111111111,0.06666666666666667,1139,42,Soft_Q_KL,43
18450,90,0.29362498910275625,0.786837859089459,0.7666666666666667,0.06666666666666667,1139,42,Soft_Q_KL,43
18540,90,-0.0517843815522056,0.7325517298315997,0.7,0.14444444444444443,1139,42,Soft_Q_KL,43
18630,90,0.10921448237713348,0.9694781768619182,0.8777777777777778,0.05555555555555555,1139,42,Soft_Q_KL,43
18720,90,-0.05267394117432181,1.1578617164144085,0.8333333333333334,0.15555555555555556,1139,42,Soft_Q_KL,43
18810,90,-0.0577328634261487,0.521365991907774,0.6555555555555556,0.1,1139,42,Soft_Q_KL,43
18900,90,0.27781241030854725,0.7708502282680602,0.6888888888888889,0.1,1139,42,Soft_Q_KL,43
18990,90,0.009278484488728287,0.6365653513598447,0.6888888888888889,0.12222222222222222,1139,42,Soft_Q_KL,43
19080,90,0.0455280066276578,0.761319680251613,0.6222222222222222,0.1111111111111111,1139,42,Soft_Q_KL,43
19170,90,0.09194005491394724,1.015214398946185,0.9,0.07777777777777778,1139,42,Soft_Q_KL,43
19260,90,-0.0946000077341427,0.7848779519849362,0.5666666666666667,0.12222222222222222,1139,42,Soft_Q_KL,43
19350,90,-0.012581463003724739,0.7522108984829182,0.6555555555555556,0.13333333333333333,1139,42,Soft_Q_KL,43
19440,90,-0.0002742445430126534,0.8755982655291128,0.8777777777777778,0.12222222222222222,1139,42,Soft_Q_KL,43
19530,90,0.0713993893454427,0.7411405243993552,0.8,0.12222222222222222,1139,42,Soft_Q_KL,43
19620,90,-0.18368486940786555,0.7563767398606778,0.6555555555555556,0.12222222222222222,1139,42,Soft_Q_KL,43
19710,90,0.07560801829191467,0.6602851726816922,0.6555555555555556,0.14444444444444443,1139,42,Soft_Q_KL,43
19800,90,0.07426306446899902,0.743631720459565,0.8111111111111111,0.1,1139,42,Soft_Q_KL,43
19890,90,-0.07453326873075822,0.8443357934679987,0.5777777777777777,0.17777777777777778,1139,42,Soft_Q_KL,43
19980,90,0.21884242473847135,0.6592843738846794,0.6555555555555556,0.1,1139,42,Soft_Q_KL,43
20070,90,-0.05583158649335737,1.2429608958837282,0.8555555555555555,0.1,1139,42,Soft_Q_KL,43
20160,90,-0.14503013891934383,0.6641733488090782,0.6666666666666666,0.16666666666666666,1139,42,Soft_Q_KL,43
20250,90,-0.06300675523755511,1.1297277260544378,0.6666666666666666,0.17777777777777778,1139,42,Soft_Q_KL,43
20340,90,0.11658134522867793,0.7689348391270044,0.5888888888888889,0.18888888888888888,1139,42,Soft_Q_KL,43
20430,90,0.0698478591215565,0.692266446528624,0.7555555555555555,0.14444444444444443,1139,42,Soft_Q_KL,43
20520,90,-0.12925544500173694,0.948119316432079,0.7222222222222222,0.18888888888888888,1139,42,Soft_Q_KL,43
20610,90,0.11310018929744932,0.8813376036894001,0.4888888888888889,0.1,1139,42,Soft_Q_KL,43
20700,90,-0.030324287170711447,0.7144080263763698,0.7777777777777778,0.16666666666666666,1139,42,Soft_Q_KL,43
20790,90,-0.060651868035481,0.6337219766416725,0.5444444444444444,0.1,1139,42,Soft_Q_KL,43
20880,90,-0.004680395706393489,0.7696264182626199,0.6777777777777778,0.05555555555555555,1139,42,Soft_Q_KL,43
20970,90,0.0378644132355697,0.7410654693079503,0.7444444444444445,0.07777777777777778,1139,42,Soft_Q_KL,43
21060,90,-0.058757604677020125,0.8784878390282832,0.7888888888888889,0.13333333333333333,1139,42,Soft_Q_KL,43
21150,90,-0.013562525574918518,0.6644518335499149,0.6333333333333333,0.18888888888888888,1139,42,Soft_Q_KL,43
21240,90,0.06781670367226027,0.4918060980358485,0.5,0.1111111111111111,1139,42,Soft_Q_KL,43
21330,90,0.03846946019727336,0.6640595303013135,0.6555555555555556,0.12222222222222222,1139,42,Soft_Q_KL,43
21420,90,0.0016211961685113556,0.6731428326150879,0.6777777777777778,0.13333333333333333,1139,42,Soft_Q_KL,43
21510,90,-0.16971767834154175,0.7236821643452184,0.6666666666666666,0.16666666666666666,1139,42,Soft_Q_KL,43
21600,90,-0.059248620863571605,0.5783553328048129,0.6444444444444445,0.17777777777777778,1139,42,Soft_Q_KL,43
21690,90,0.05639512555652702,0.6316878688667704,0.6777777777777778,0.1,1139,42,Soft_Q_KL,43
21780,90,0.22447724321978713,0.8657462203390287,0.7555555555555555,0.12222222222222222,1139,42,Soft_Q_KL,43
21870,90,-0.08225580860041194,0.37087445994652896,0.2222222222222222,0.13333333333333333,1139,42,Soft_Q_KL,43
21960,90,0.14757090438865367,0.7903650244049376,0.9111111111111111,0.03333333333333333,1139,42,Soft_Q_KL,43
22050,90,0.09431810535854282,0.5182026773428112,0.5444444444444444,0.13333333333333333,1139,42,Soft_Q_KL,43
22140,90,0.15077463185596543,0.5429071944839563,0.4222222222222222,0.12222222222222222,1139,42,Soft_Q_KL,43
22230,90,0.06723514113130553,0.587469690203058,0.4666666666666667,0.13333333333333333,1139,42,Soft_Q_KL,43
22320,90,0.06959665307919982,0.9098293232859899,0.5444444444444444,0.15555555555555556,1139,42,Soft_Q_KL,43
22410,90,0.08402595959021905,0.763752481782511,0.5,0.08888888888888889,1139,42,Soft_Q_KL,43
22500,90,0.06785264616764113,0.9782718087327973,0.7555555555555555,0.1,1139,42,Soft_Q_KL,43
22590,90,0.10307739359694372,0.6479154548034342,0.7666666666666667,0.12222222222222222,1139,42,Soft_Q_KL,43
22680,90,0.14105428817183338,0.9372764700853797,0.7333333333333333,0.16666666666666666,1139,42,Soft_Q_KL,43
22770,90,-0.05086504534056861,0.5090419297106502,0.5333333333333333,0.12222222222222222,1139,42,Soft_Q_KL,43
22860,90,-0.07386669174109645,0.6658013903627578,0.6888888888888889,0.13333333333333333,1139,42,Soft_Q_KL,43
22950,90,0.1351744882008728,0.8603083854234639,0.7444444444444445,0.12222222222222222,1139,42,Soft_Q_KL,43
23040,90,0.009789520750455392,0.6480103025629423,0.7666666666666667,0.12222222222222222,1139,42,Soft_Q_KL,43
23130,90,0.1395935759052819,0.953680692382321,0.6777777777777778,0.14444444444444443,1139,42,Soft_Q_KL,43
23220,90,-0.1654022531843106,0.6732375022760881,0.7,0.07777777777777778,1139,42,Soft_Q_KL,43
23310,90,0.11004827859781567,0.7527445550405614,0.7555555555555555,0.16666666666666666,1139,42,Soft_Q_KL,43
23400,90,0.11994694232308133,0.9389797300575833,0.8777777777777778,0.07777777777777778,1139,42,Soft_Q_KL,43
23490,90,0.038210813266001134,0.8631123897487939,0.8222222222222222,0.1,1139,42,Soft_Q_KL,43
23580,90,-0.05750587815287179,0.7751519872783057,0.7555555555555555,0.16666666666666666,1139,42,Soft_Q_KL,43
23670,90,-0.08331090472168198,0.6662878266989263,0.6222222222222222,0.07777777777777778,1139,42,Soft_Q_KL,43
23760,90,0.08417622333892066,0.4496931921008611,0.5222222222222223,0.08888888888888889,1139,42,Soft_Q_KL,43
23850,90,0.20282736324925535,0.7251006069791627,0.7555555555555555,0.1,1139,42,Soft_Q_KL,43
23940,90,0.2208181487825568,0.87429246876467,0.7888888888888889,0.06666666666666667,1139,42,Soft_Q_KL,43
24000,60,-0.12817199681802277,0.9558162229359114,0.6666666666666666,0.1,1139,42,Soft_Q_KL,43
90,90,-0.06824804952923443,0.433264129024544,0.5111111111111111,0.4444444444444444,90,25,Double_Q_hybrid,7
180,90,0.049892044105448494,0.4002043730014996,0.32222222222222224,0.34444444444444444,180,30,Double_Q_hybrid,7
270,90,-0.013783776787155554,0.35217282627381885,0.4111111111111111,0.5888888888888889,270,32,Double_Q_hybrid,7
360,90,0.1138252127344079,0.6118330230506128,0.45555555555555555,0.34444444444444444,360,35,Double_Q_hybrid,7
450,90,0.0331249378280871,0.6260210435279632,0.4444444444444444,0.4222222222222222,382,35,Double_Q_hybrid,7
540,90,0.062111739768181795,0.8820155285868507,0.8222222222222222,0.28888888888888886,409,36,Double_Q_hybrid,7
630,90,0.04920473981667244,0.9880348366116627,0.7333333333333333,0.32222222222222224,412,37,Double_Q_hybrid,7
720,90,0.02309818630006703,0.6951315357702175,0.6777777777777778,0.3111111111111111,502,38,Double_Q_hybrid,7
810,90,-0.013426789352636257,0.8366244131749431,0.5666666666666667,0.4111111111111111,569,38,Double_Q_hybrid,7
900,90,-0.10837037537493258,0.6079711430783695,0.4666666666666667,0.4222222222222222,659,38,Double_Q_hybrid,7
990,90,0.09855284695695714,0.8965310870356401,0.6666666666666666,0.34444444444444444,659,38,Double_Q_hybrid,7
1080,90,-0.08489738779615422,0.6071338317024646,0.5222222222222223,0.26666666666666666,681,38,Double_Q_hybrid,7
1170,90,0.09310284346900158,0.6539326298455607,0.6888888888888889,0.43333333333333335,681,38,Double_Q_hybrid,7
1260,90,0.06030273150162291,0.589235581345104,0.6888888888888889,0.2111111111111111,734,38,Double_Q_hybrid,7
1350,90,0.0181616925926046,0.8196510978400228,0.4666666666666667,0.6888888888888889,824,42,Double_Q_hybrid,7
1440,90,-0.026080639944103652,0.7132143693685745,0.7111111111111111,0.28888888888888886,892,42,Double_Q_hybrid,7
1530,90,0.05473698460346,0.6852650501946955,0.6333333333333333,0.37777777777777777,892,42,Double_Q_hybrid,7
1620,90,0.11773362628796767,0.58111150480295,0.6333333333333333,0.43333333333333335,895,42,Double_Q_hybrid,7
1710,90,0.012940566583344585,0.6325205762132329,0.6444444444444445,0.25555555555555554,895,42,Double_Q_hybrid,7
1800,90,0.07989008272207508,0.7084190379136543,0.6777777777777778,0.4888888888888889,895,42,Double_Q_hybrid,7
1890,90,0.17129777534204454,0.6173638503375639,0.7555555555555555,0.26666666666666666,895,42,Double_Q_hybrid,7
1980,90,0.12426520057597351,0.8238195460209632,0.6777777777777778,0.4777777777777778,895,42,Double_Q_hybrid,7
2070,90,0.11687773925677925,0.5978021316057952,0.8,0.34444444444444444,895,42,Double_Q_hybrid,7
2160,90,0.0040752660704765015,0.9408310611148184,0.5666666666666667,0.35555555555555557,895,42,Double_Q_hybrid,7
2250,90,-0.14636066304610565,0.9058385198541935,0.5888888888888889,0.5222222222222223,967,42,Double_Q_hybrid,7
2340,90,-0.14805521475092598,0.7157312973246879,0.4666666666666667,0.5,978,42,Double_Q_hybrid,7
2430,90,0.14668996070986434,0.8049011819151577,0.6888888888888889,0.45555555555555555,978,42,Double_Q_hybrid,7
2520,90,0.1178679370580776,0.8011307685075113,0.4111111111111111,0.45555555555555555,984,42,Double_Q_hybrid,7
2610,90,-0.04657419453342942,0.7306940215015592,0.6222222222222222,0.4444444444444444,984,42,Double_Q_hybrid,7
2700,90,0.06362446228623322,0.8360360934599276,0.7444444444444445,0.3888888888888889,984,42,Double_Q_hybrid,7
2790,90,-0.06279679728664675,0.962157751041301,0.6777777777777778,0.3333333333333333,1005,42,Double_Q_hybrid,7
2880,90,-0.057979581500207544,0.7508484329677316,0.6666666666666666,0.37777777777777777,1005,42,Double_Q_hybrid,7
2970,90,-0.006758907003940218,0.7810924325450369,0.5444444444444444,0.7222222222222222,1005,42,Double_Q_hybrid,7
3060,90,0.17101896100009872,0.8868599971397951,0.6444444444444445,0.3,1005,42,Double_Q_hybrid,7
3150,90,0.09639970293133691,0.7111982678873335,0.6444444444444445,0.34444444444444444,1005,42,Double_Q_hybrid,7
3240,90,0.004027293120213745,0.796377235560858,0.6555555555555556,0.43333333333333335,1005,42,Double_Q_hybrid,7
3330,90,-0.009780268287110903,1.243249213721909,0.6444444444444445,0.4777777777777778,1091,42,Double_Q_hybrid,7
3420,90,-0.04546916424538124,0.6480653913801628,0.6111111111111112,0.36666666666666664,1095,42,Double_Q_hybrid,7
3510,90,0.02794349275085238,0.6931730670393744,0.6,0.5,1095,42,Double_Q_hybrid,7
3600,90,0.11792200124171176,0.8795650621778452,0.6777777777777778,0.3333333333333333,1095,42,Double_Q_hybrid,7
3690,90,-0.09887948925406144,1.2057782324252169,0.6444444444444445,0.4888888888888889,1100,42,Double_Q_hybrid,7
3780,90,0.04037452111574897,0.8066121807850137,0.7666666666666667,0.2777777777777778,1100,42,Double_Q_hybrid,7
3870,90,0.07793119794802045,0.7529991325572675,0.5888888888888889,0.45555555555555555,1100,42,Double_Q_hybrid,7
3960,90,0.0860303283032461,0.6164888611456373,0.6333333333333333,0.2777777777777778,1100,42,Double_Q_hybrid,7
4050,90,-0.09154375224869964,0.6733418204663243,0.4,0.35555555555555557,1100,42,Double_Q_hybrid,7
4140,90,0.06992461068712086,0.7147522563542519,0.6222222222222222,0.32222222222222224,1100,42,Double_Q_hybrid,7
4230,90,0.0681769406488787,0.9794694181403281,0.7,0.3,1100,42,Double_Q_hybrid,7
4320,90,0.16646943676568068,0.7633692946443167,0.7444444444444445,0.3,1100,42,Double_Q_hybrid,7
4410,90,0.12862430984155207,0.5954919331430414,0.6111111111111112,0.3111111111111111,1100,42,Double_Q_hybrid,7
4500,90,0.045864380791439216,1.1297625116680658,0.6,0.4777777777777778,1100,42,Double_Q_hybrid,7
4590,90,0.16102812076450895,0.7563540399129015,0.5888888888888889,0.5,1100,42,Double_Q_hybrid,7
4680,90,-0.07236899661435293,0.7004973145524944,0.6333333333333333,0.4111111111111111,1116,42,Double_Q_hybrid,7
4770,90,0.05701775907219664,0.7769849279981627,0.43333333333333335,0.5444444444444444,1116,42,Double_Q_hybrid,7
4860,90,0.14639096709111826,1.0432287535320421,0.7777777777777778,0.2222222222222222,1116,42,Double_Q_hybrid,7
4950,90,-0.054393945946906275,0.7507883517442375,0.7888888888888889,0.16666666666666666,1116,42,Double_Q_hybrid,7
5040,90,-0.05506208862057736,0.8402088315331386,0.6888888888888889,0.43333333333333335,1116,42,Double_Q_hybrid,7
5130,90,0.08120022950388597,0.6481981004367898,0.5888888888888889,0.4888888888888889,1116,42,Double_Q_hybrid,7
5220,90,0.08038057865647637,0.9479516719554772,0.5555555555555556,0.5888888888888889,1116,42,Double_Q_hybrid,7
5310,90,0.11009366394598806,0.8696722771754455,0.6888888888888889,0.25555555555555554,1116,42,Double_Q_hybrid,7
5400,90,0.13474859568026365,0.6750248028624585,0.6555555555555556,0.2111111111111111,1116,42,Double_Q_hybrid,7
5490,90,0.166639544851692,0.5782716218699887,0.6888888888888889,0.35555555555555557,1116,42,Double_Q_hybrid,7
5580,90,0.1468374266104315,0.6823516185754707,0.7111111111111111,0.24444444444444444,1116,42,Double_Q_hybrid,7
5670,90,0.10259035318277823,0.9553541381478663,0.5444444444444444,0.5666666666666667,1116,42,Double_Q_hybrid,7
5760,90,0.2745136439851273,0.888198118236008,0.6,0.45555555555555555,1116,42,Double_Q_hybrid,7
5850,90,0.14206020525174973,0.630492614923405,0.6111111111111112,0.4777777777777778,1116,42,Double_Q_hybrid,7
5940,90,0.17499850928193184,0.7184225763445029,0.7333333333333333,0.25555555555555554,1116,42,Double_Q_hybrid,7
6030,90,0.22338932693349417,0.8267438076966515,0.6,0.32222222222222224,1116,42,Double_Q_hybrid,7
6120,90,0.10136563019224244,0.5638637015083121,0.5888888888888889,0.4,1116,42,Double_Q_hybrid,7
6210,90,-0.029727095420338436,0.7189698531954429,0.4777777777777778,0.36666666666666664,1116,42,Double_Q_hybrid,7
6300,90,-0.19858751739719713,0.924895581906441,0.5555555555555556,0.3888888888888889,1116,42,Double_Q_hybrid,7
6390,90,0.09385177364817318,0.8632638020843958,0.6777777777777778,0.26666666666666666,1116,42,Double_Q_hybrid,7
6480,90,0.07792217639514164,0.7388414842088443,0.6666666666666666,0.23333333333333334,1116,42,Double_Q_hybrid,7
6570,90,0.06013503742952231,0.8477210806498516,0.6,0.4444444444444444,1116,42,Double_Q_hybrid,7
6660,90,-0.018065935963305843,0.7145044314792094,0.6111111111111112,0.5111111111111111,1116,42,Double_Q_hybrid,7
6750,90,0.08941905727172587,0.6283702214573997,0.5,0.3888888888888889,1116,42,Double_Q_hybrid,7
6840,90,0.08624620539084933,0.7263974394633639,0.6111111111111112,0.3333333333333333,1116,42,Double_Q_hybrid,7
6930,90,0.14538976551231983,0.6100541763271496,0.5888888888888889,0.24444444444444444,1116,42,Double_Q_hybrid,7
7020,90,0.13712383680671109,0.9150899145979534,0.4111111111111111,0.5111111111111111,1116,42,Double_Q_hybrid,7
7110,90,0.06420101868167616,0.8367917672665669,0.6555555555555556,0.4111111111111111,1116,42,Double_Q_hybrid,7
7200,90,0.12276841383276267,0.6800084276540593,0.5111111111111111,0.4777777777777778,1116,42,Double_Q_hybrid,7
7290,90,0.0089582784593329,0.9317005696078228,0.5888888888888889,0.6111111111111112,1116,42,Double_Q_hybrid,7
7380,90,0.095736776320917,0.7863517304361392,0.7555555555555555,0.18888888888888888,1116,42,Double_Q_hybrid,7
7470,90,0.1672542746847032,0.5481271153288599,0.6,0.45555555555555555,1116,42,Double_Q_hybrid,7
7560,90,-0.09072796939528592,0.4745232182400267,0.4,0.35555555555555557,1116,42,Double_Q_hybrid,7
7650,90,0.15415751419469587,0.7081111969951729,0.6666666666666666,0.2777777777777778,1116,42,Double_Q_hybrid,7
7740,90,0.10892071893230533,0.6831760109788817,0.7111111111111111,0.35555555555555557,1116,42,Double_Q_hybrid,7
7830,90,0.09898950206997849,0.7768130348095165,0.5666666666666667,0.4777777777777778,1116,42,Double_Q_hybrid,7
7920,90,0.12876147753572784,0.6378422995639904,0.6444444444444445,0.4444444444444444,1116,42,Double_Q_hybrid,7
8010,90,-0.19737165538800908,0.7076456635152136,0.4888888888888889,0.4444444444444444,1116,42,Double_Q_hybrid,7
8100,90,0.0678940451342063,0.7028036833737807,0.5333333333333333,0.45555555555555555,1116,42,Double_Q_hybrid,7
8190,90,0.16547107052165824,0.680633881730004,0.5444444444444444,0.45555555555555555,1116,42,Double_Q_hybrid,7
8280,90,-0.00967434543558121,0.7071656934629279,0.8222222222222222,0.2111111111111111,1116,42,Double_Q_hybrid,7
8370,90,-0.008594003611707694,0.6136030266278528,0.6111111111111112,0.28888888888888886,1132,42,Double_Q_hybrid,7
8460,90,0.1062880053205445,0.608646907714936,0.6111111111111112,0.24444444444444444,1132,42,Double_Q_hybrid,7
8550,90,0.14858016869394525,0.8401386744838308,0.6,0.34444444444444444,1132,42,Double_Q_hybrid,7
8640,90,0.01029554271942864,0.7499196938032819,0.4666666666666667,0.6,1132,42,Double_Q_hybrid,7
8730,90,0.024328130833882335,0.7221650440351747,0.7666666666666667,0.32222222222222224,1132,42,Double_Q_hybrid,7
8820,90,0.13245148576066898,0.7757689286338599,0.5444444444444444,0.4111111111111111,1132,42,Double_Q_hybrid,7
8910,90,0.018952200748546907,0.6640210784625684,0.5888888888888889,0.4888888888888889,1132,42,Double_Q_hybrid,7
9000,90,-0.1933488503635525,0.8334012912783703,0.6333333333333333,0.4111111111111111,1132,42,Double_Q_hybrid,7
9090,90,0.1691241990307935,0.761987723329303,0.7111111111111111,0.34444444444444444,1132,42,Double_Q_hybrid,7
9180,90,-0.04183674675326002,0.7091007989316949,0.43333333333333335,0.5333333333333333,1132,42,Double_Q_hybrid,7
9270,90,0.1393387861687751,0.8361364375253741,0.7111111111111111,0.2777777777777778,1132,42,Double_Q_hybrid,7
9360,90,0.12092843944250019,0.8024272168886578,0.8,0.23333333333333334,1132,42,Double_Q_hybrid,7
9450,90,0.06344364833193913,0.5436985653971547,0.5555555555555556,0.32222222222222224,1132,42,Double_Q_hybrid,7
9540,90,0.11848829336129453,0.6981051142665359,0.5555555555555556,0.3888888888888889,1132,42,Double_Q_hybrid,7
9630,90,0.116939029371975,0.6155178047370303,0.6222222222222222,0.5444444444444444,1132,42,Double_Q_hybrid,7
9720,90,0.06391369734895462,0.882387285703851,0.7222222222222222,0.26666666666666666,1132,42,Double_Q_hybrid,7
9810,90,0.052333664523542794,1.024504440485914,0.5666666666666667,0.6,1132,42,Double_Q_hybrid,7
9900,90,0.11272264717686017,0.6144046651854264,0.7888888888888889,0.3,1132,42,Double_Q_hybrid,7
9990,90,-0.005469606522992367,0.7499711502391293,0.5555555555555556,0.4666666666666667,1132,42,Double_Q_hybrid,7
10080,90,0.11396723830495091,0.5960970813000307,0.7,0.3333333333333333,1132,42,Double_Q_hybrid,7
10170,90,0.0927796277524421,0.7135637779739876,0.5777777777777777,0.5111111111111111,1132,42,Double_Q_hybrid,7
10260,90,0.056469925981424966,0.6516274267424399,0.7555555555555555,0.23333333333333334,1132,42,Double_Q_hybrid,7
10350,90,0.19588959238983678,0.8025140899270734,0.7,0.45555555555555555,1132,42,Double_Q_hybrid,7
10440,90,0.20080143305258735,0.7627772246537258,0.7555555555555555,0.24444444444444444,1132,42,Double_Q_hybrid,7
10530,90,0.07654850001238042,0.7674411960351865,0.7666666666666667,0.24444444444444444,1132,42,Double_Q_hybrid,7
10620,90,-0.0888350659312712,0.6660548142570607,0.6222222222222222,0.3,1132,42,Double_Q_hybrid,7
10710,90,0.12608341059659736,0.7502962732003609,0.7111111111111111,0.3,1132,42,Double_Q_hybrid,7
10800,90,0.3223428158942833,1.2021785816062722,0.6333333333333333,0.4777777777777778,1132,42,Double_Q_hybrid,7
10890,90,-0.032688132287988905,0.6166807302231416,0.6666666666666666,0.26666666666666666,1132,42,Double_Q_hybrid,7
10980,90,0.08487590298772642,0.683019647949341,0.7444444444444445,0.25555555555555554,1132,42,Double_Q_hybrid,7
11070,90,0.14699018433603328,0.746626020963143,0.7111111111111111,0.2777777777777778,1132,42,Double_Q_hybrid,7
11160,90,0.30200675054049314,0.8207390339507079,0.7555555555555555,0.43333333333333335,1132,42,Double_Q_hybrid,7
11250,90,-0.12527678145378388,0.7171118953921959,0.6,0.34444444444444444,1132,42,Double_Q_hybrid,7
11340,90,0.10800691758448762,0.7654417472329923,0.7333333333333333,0.25555555555555554,1132,42,Double_Q_hybrid,7
11430,90,0.05967599722513864,0.757654602604562,0.7555555555555555,0.3111111111111111,1132,42,Double_Q_hybrid,7
11520,90,0.08921623399071786,0.6118127716394147,0.5444444444444444,0.45555555555555555,1132,42,Double_Q_hybrid,7
11610,90,0.0008193046064404037,1.1417659029294471,0.6777777777777778,0.43333333333333335,1132,42,Double_Q_hybrid,7
11700,90,-0.1359974024732693,0.6762929224807512,0.5444444444444444,0.3,1132,42,Double_Q_hybrid,7
11790,90,-0.005860316653835406,0.5200788490013849,0.4777777777777778,0.4444444444444444,1132,42,Double_Q_hybrid,7
11880,90,0.1469572496194521,0.6229520182748894,0.6444444444444445,0.26666666666666666,1132,42,Double_Q_hybrid,7
11970,90,0.1814797665579582,0.8091001477510943,0.6555555555555556,0.32222222222222224,1132,42,Double_Q_hybrid,7
12060,90,0.19376371238262188,0.7148595459629559,0.7444444444444445,0.26666666666666666,1132,42,Double_Q_hybrid,7
12150,90,0.06707540994498536,0.7804286825224824,0.7666666666666667,0.24444444444444444,1132,42,Double_Q_hybrid,7
12240,90,0.09931278303862992,0.817418139887452,0.6666666666666666,0.36666666666666664,1132,42,Double_Q_hybrid,7
12330,90,0.05554491678836874,0.8304564427454355,0.7,0.3888888888888889,1132,42,Double_Q_hybrid,7
12420,90,0.14130528651818053,0.5644695787316608,0.7888888888888889,0.23333333333333334,1132,42,Double_Q_hybrid,7
12510,90,0.10575529531571001,0.753842033662885,0.7333333333333333,0.3333333333333333,1132,42,Double_Q_hybrid,7
12600,90,-0.056940570908454884,0.5553297979690041,0.6777777777777778,0.23333333333333334,1132,42,Double_Q_hybrid,7
12690,90,0.21385943294024956,0.6453974311705498,0.7777777777777778,0.2222222222222222,1132,42,Double_Q_hybrid,7
12780,90,0.14938164456561642,0.787643462490159,0.5111111111111111,0.5333333333333333,1132,42,Double_Q_hybrid,7
12870,90,0.08528174371135222,0.7409407633311171,0.7666666666666667,0.24444444444444444,1132,42,Double_Q_hybrid,7
12960,90,0.13016771582521125,0.5868116898070268,0.8111111111111111,0.3333333333333333,1132,42,Double_Q_hybrid,7
13050,90,0.1722590896802421,0.9380344780426777,0.7111111111111111,0.28888888888888886,1132,42,Double_Q_hybrid,7
13140,90,-0.03965253336439172,0.47764286976244724,0.4222222222222222,0.35555555555555557,1132,42,Double_Q_hybrid,7
13230,90,0.10806074301737727,0.7291805892708599,0.6333333333333333,0.25555555555555554,1132,42,Double_Q_hybrid,7
13320,90,-0.13969133517473656,0.665144531325871,0.5333333333333333,0.34444444444444444,1132,42,Double_Q_hybrid,7
13410,90,0.15007876628570957,0.9933013862375116,0.7666666666666667,0.2777777777777778,1132,42,Double_Q_hybrid,7
13500,90,0.03776505287628641,0.7329800688692888,0.6,0.34444444444444444,1132,42,Double_Q_hybrid,7
13590,90,0.10022117814114452,0.815647703814423,0.8111111111111111,0.23333333333333334,1132,42,Double_Q_hybrid,7
13680,90,0.1279065106700679,0.8387611008939236,0.6666666666666666,0.2777777777777778,1132,42,Double_Q_hybrid,7
13770,90,0.1524881495287414,0.7405719634009627,0.7555555555555555,0.18888888888888888,1132,42,Double_Q_hybrid,7
13860,90,0.1159523210379335,0.6325930734841454,0.5,0.4111111111111111,1132,42,Double_Q_hybrid,7
13950,90,0.002000370365628998,1.0937785260246817,0.7777777777777778,0.37777777777777777,1132,42,Double_Q_hybrid,7
14040,90,0.18621344005611012,0.6004512561671822,0.8444444444444444,0.3,1132,42,Double_Q_hybrid,7
14130,90,0.013094142541980602,0.8671808232609873,0.7,0.36666666666666664,1132,42,Double_Q_hybrid,7
14220,90,0.19699097862923726,0.5889453305242682,0.6777777777777778,0.26666666666666666,1132,42,Double_Q_hybrid,7
14310,90,0.15564855347504375,0.8615221116993331,0.7555555555555555,0.2777777777777778,1132,42,Double_Q_hybrid,7
14400,90,0.01515946764229709,0.7606747042794549,0.8444444444444444,0.18888888888888888,1132,42,Double_Q_hybrid,7
14490,90,0.12020760497292483,0.5981713146594689,0.8,0.24444444444444444,1132,42,Double_Q_hybrid,7
14580,90,0.19773197838087964,0.9872173156965878,0.7222222222222222,0.28888888888888886,1132,42,Double_Q_hybrid,7
14670,90,0.103674342902711,0.6678689014424433,0.5777777777777777,0.3,1132,42,Double_Q_hybrid,7
14760,90,0.036335194688679046,0.7212645458532326,0.5666666666666667,0.3888888888888889,1132,42,Double_Q_hybrid,7
14850,90,0.2655837357079164,0.7784924366044401,0.6777777777777778,0.5,1132,42,Double_Q_hybrid,7
14940,90,0.175174213682131,0.6519820042393064,0.8222222222222222,0.32222222222222224,1132,42,Double_Q_hybrid,7
15030,90,0.12396131743685872,0.7565969546776834,0.7111111111111111,0.28888888888888886,1132,42,Double_Q_hybrid,7
15120,90,0.1955772015897886,0.6164276941518569,0.7444444444444445,0.26666666666666666,1132,42,Double_Q_hybrid,7
15210,90,0.027300810709690922,0.8178230070927506,0.8555555555555555,0.18888888888888888,1132,42,Double_Q_hybrid,7
15300,90,0.16718984513243473,0.7914374056555468,0.7,0.3111111111111111,1132,42,Double_Q_hybrid,7
15390,90,0.07744556044754575,0.9695474840009827,0.7222222222222222,0.45555555555555555,1132,42,Double_Q_hybrid,7
15480,90,0.22835530054518186,0.9134413475921619,0.7222222222222222,0.26666666666666666,1132,42,Double_Q_hybrid,7
15570,90,0.04618216189677058,0.89606746544398,0.6,0.5777777777777777,1133,42,Double_Q_hybrid,7
15660,90,0.04138725507820118,1.1582484795820247,0.7444444444444445,0.43333333333333335,1133,42,Double_Q_hybrid,7
15750,90,0.1898209403069767,0.7302770002497391,0.5666666666666667,0.4777777777777778,1133,42,Double_Q_hybrid,7
15840,90,0.2015756613463543,0.6208558857707249,0.8333333333333334,0.17777777777777778,1133,42,Double_Q_hybrid,7
15930,90,-0.1760340574914872,0.7105187808313825,0.6,0.3,1133,42,Double_Q_hybrid,7
16020,90,0.11201550068030186,0.5772934749909622,0.7555555555555555,0.24444444444444444,1133,42,Double_Q_hybrid,7
16110,90,0.1644474493659717,0.699958921268541,0.7333333333333333,0.2777777777777778,1133,42,Double_Q_hybrid,7
16200,90,0.1663071107544616,0.72403908931893,0.7666666666666667,0.24444444444444444,1133,42,Double_Q_hybrid,7
16290,90,0.12492109606064443,0.7747446380016839,0.7555555555555555,0.26666666666666666,1133,42,Double_Q_hybrid,7
16380,90,0.12986774800380713,0.8593029237769488,0.7222222222222222,0.24444444444444444,1133,42,Double_Q_hybrid,7
16470,90,0.15541729919930747,0.6806249575858391,0.7555555555555555,0.26666666666666666,1133,42,Double_Q_hybrid,7
16560,90,-0.03961051067719237,0.60104724281794,0.5,0.35555555555555557,1133,42,Double_Q_hybrid,7
16650,90,0.03470706915688439,0.9953088760968923,0.8666666666666667,0.2222222222222222,1133,42,Double_Q_hybrid,7
16740,90,-0.03458676873854815,0.7436606538030961,0.6444444444444445,0.3333333333333333,1133,42,Double_Q_hybrid,7
16830,90,0.04218004050883495,0.7942378392455317,0.7333333333333333,0.2111111111111111,1133,42,Double_Q_hybrid,7
16920,90,0.15405804537598247,0.7520823385200719,0.7222222222222222,0.25555555555555554,1133,42,Double_Q_hybrid,7
17010,90,0.19710527678775253,0.7567975005650447,0.6666666666666666,0.4111111111111111,1133,42,Double_Q_hybrid,7
17100,90,0.13592295059694198,0.7085776335023449,0.6666666666666666,0.2777777777777778,1133,42,Double_Q_hybrid,7
17190,90,0.14566700354033607,0.8064270238396568,0.6666666666666666,0.37777777777777777,1133,42,Double_Q_hybrid,7
17280,90,0.18034950527485713,0.6954743661982746,0.8222222222222222,0.2777777777777778,1133,42,Double_Q_hybrid,7
17370,90,-0.04544333512031784,0.6674314899333236,0.5666666666666667,0.3,1133,42,Double_Q_hybrid,7
17460,90,0.019210361743411366,0.9417922317869082,0.6,0.5222222222222223,1133,42,Double_Q_hybrid,7
17550,90,0.25727402488278184,0.8518187343922771,0.6111111111111112,0.36666666666666664,1133,42,Double_Q_hybrid,7
17640,90,0.2830317135895054,0.8588772916404612,0.8555555555555555,0.2777777777777778,1133,42,Double_Q_hybrid,7
17730,90,-0.04056565612699824,0.6398585835495652,0.7,0.2111111111111111,1133,42,Double_Q_hybrid,7
17820,90,0.20076107557092027,0.8132603310502629,0.7777777777777778,0.23333333333333334,1133,42,Double_Q_hybrid,7
17910,90,0.07102600637529398,0.70317010018776,0.6555555555555556,0.2777777777777778,1133,42,Double_Q_hybrid,7
18000,90,0.14131887487309558,1.131561811166755,0.7777777777777778,0.3,1133,42,Double_Q_hybrid,7
18090,90,0.13500227078463267,0.7944774336387117,0.7333333333333333,0.2777777777777778,1133,42,Double_Q_hybrid,7
18180,90,0.11358810784448191,0.7568473191646696,0.7444444444444445,0.24444444444444444,1133,42,Double_Q_hybrid,7
18270,90,0.20178376667273648,0.6310839931393838,0.8111111111111111,0.16666666666666666,1133,42,Double_Q_hybrid,7
18360,90,0.027717535377287165,0.7967631826474982,0.7,0.3,1133,42,Double_Q_hybrid,7
18450,90,0.24734679388283562,0.9099636132195529,0.8333333333333334,0.25555555555555554,1133,42,Double_Q_hybrid,7
18540,90,0.26958120476390796,0.9210956017620007,0.6444444444444445,0.5333333333333333,1133,42,Double_Q_hybrid,7
18630,90,0.2356841951793068,0.7730366752822038,0.8444444444444444,0.14444444444444443,1133,42,Double_Q_hybrid,7
18720,90,0.11178661326459403,0.880980609953227,0.7444444444444445,0.2777777777777778,1133,42,Double_Q_hybrid,7
18810,90,0.06377744371670556,0.7960765294504417,0.7555555555555555,0.24444444444444444,1133,42,Double_Q_hybrid,7
18900,90,0.07424037512100902,0.7309764641656424,0.7222222222222222,0.3,1133,42,Double_Q_hybrid,7
18990,90,0.16468486085126582,0.7244021441019162,0.6888888888888889,0.23333333333333334,1133,42,Double_Q_hybrid,7
19080,90,0.14713979713729014,0.895687391051142,0.7555555555555555,0.24444444444444444,1133,42,Double_Q_hybrid,7
19170,90,0.12285646064842139,0.5732640519422074,0.5,0.34444444444444444,1133,42,Double_Q_hybrid,7
19260,90,0.2891237075495577,0.9870634005016197,0.8,0.14444444444444443,1133,42,Double_Q_hybrid,7
19350,90,-0.052907836432941203,0.5767706221376914,0.4888888888888889,0.26666666666666666,1133,42,Double_Q_hybrid,7
19440,90,0.11952083308103219,0.6388338192949521,0.6444444444444445,0.2111111111111111,1133,42,Double_Q_hybrid,7
19530,90,0.0673633469307772,0.9820962565385143,0.6777777777777778,0.43333333333333335,1143,42,Double_Q_hybrid,7
19620,90,0.18316981474221666,0.7506461875430713,0.5777777777777777,0.4222222222222222,1143,42,Double_Q_hybrid,7
19710,90,0.08501097078905921,0.7554389098400628,0.7444444444444445,0.23333333333333334,1143,42,Double_Q_hybrid,7
19800,90,-0.17684904379695401,0.7848991761791222,0.6555555555555556,0.23333333333333334,1143,42,Double_Q_hybrid,7
19890,90,-0.12470212448532506,0.675857261665791,0.5444444444444444,0.3888888888888889,1143,42,Double_Q_hybrid,7
19980,90,0.1922834542926314,0.8797049415100116,0.7666666666666667,0.23333333333333334,1143,42,Double_Q_hybrid,7
20070,90,0.15700309488116623,1.092038237837767,0.8222222222222222,0.23333333333333334,1143,42,Double_Q_hybrid,7
20160,90,0.04162707090709253,0.8199663309030562,0.6222222222222222,0.3333333333333333,1143,42,Double_Q_hybrid,7
20250,90,-0.026597001584393508,0.6746543770088546,0.8222222222222222,0.23333333333333334,1143,42,Double_Q_hybrid,7
20340,90,0.05889704670260847,1.2891097949024275,0.7333333333333333,0.5,1143,42,Double_Q_hybrid,7
20430,90,0.28108141944975373,0.7133147525850919,0.6444444444444445,0.35555555555555557,1143,42,Double_Q_hybrid,7
20520,90,-0.024721107407344088,0.6520311747140005,0.8333333333333334,0.2,1143,42,Double_Q_hybrid,7
20610,90,-0.08248224530541756,1.1924576157681317,0.8,0.32222222222222224,1143,42,Double_Q_hybrid,7
20700,90,0.08583455226350914,0.7569738670824944,0.8,0.23333333333333334,1143,42,Double_Q_hybrid,7
20790,90,0.16406551215508902,0.8960687625184841,0.7555555555555555,0.2222222222222222,1143,42,Double_Q_hybrid,7
20880,90,0.10499658735585714,0.7377825942751342,0.7444444444444445,0.32222222222222224,1143,42,Double_Q_hybrid,7
20970,90,-0.09120313022285899,0.7172399717179356,0.5777777777777777,0.2777777777777778,1143,42,Double_Q_hybrid,7
21060,90,-0.14375987992399564,0.612928784781674,0.5444444444444444,0.3888888888888889,1143,42,Double_Q_hybrid,7
21150,90,0.17070516461393068,0.8209312675997094,0.8333333333333334,0.12222222222222222,1143,42,Double_Q_hybrid,7
21240,90,0.1257531584438394,0.8844942859972339,0.7444444444444445,0.2222222222222222,1143,42,Double_Q_hybrid,7
21330,90,0.17527328595555416,0.7817548387041265,0.8777777777777778,0.23333333333333334,1143,42,Double_Q_hybrid,7
21420,90,0.005751844121506113,1.1083880701122344,0.7222222222222222,0.4111111111111111,1143,42,Double_Q_hybrid,7
21510,90,0.19826625900673406,1.0087430973542757,0.8222222222222222,0.2222222222222222,1143,42,Double_Q_hybrid,7
21600,90,0.06928823743564433,0.808178052785684,0.7777777777777778,0.18888888888888888,1143,42,Double_Q_hybrid,7
21690,90,0.1280348491356884,0.7031595702600579,0.7777777777777778,0.25555555555555554,1143,42,Double_Q_hybrid,7
21780,90,0.1452075670865086,0.9285715345755737,0.7333333333333333,0.25555555555555554,1143,42,Double_Q_hybrid,7
21870,90,0.16351365892463277,0.8756778675689058,0.7444444444444445,0.2222222222222222,1143,42,Double_Q_hybrid,7
21960,90,-0.05207195262529884,1.0896629016957013,0.8,0.3888888888888889,1143,42,Double_Q_hybrid,7
22050,90,-0.1250202458898822,0.7898061099456979,0.7,0.23333333333333334,1143,42,Double_Q_hybrid,7
22140,90,0.22708135903492735,0.8967525338064037,0.7111111111111111,0.3,1143,42,Double_Q_hybrid,7
22230,90,0.3174879218205461,0.8910470207542999,0.8777777777777778,0.25555555555555554,1143,42,Double_Q_hybrid,7
22320,90,-0.06331725190724972,1.1595727676398613,0.7666666666666667,0.3888888888888889,1143,42,Double_Q_hybrid,7
22410,90,0.26462226672788464,1.0860960994116315,0.6777777777777778,0.4444444444444444,1143,42,Double_Q_hybrid,7
22500,90,0.1688579046232906,0.7840739666176973,0.7888888888888889,0.2,1143,42,Double_Q_hybrid,7
22590,90,0.05560431813377039,0.8801981480747643,0.8111111111111111,0.08888888888888889,1143,42,Double_Q_hybrid,7
22680,90,0.025727156631557613,1.242636312529826,0.8,0.32222222222222224,1143,42,Double_Q_hybrid,7
22770,90,0.33881105935995076,1.0283239706075205,0.6666666666666666,0.5333333333333333,1143,42,Double_Q_hybrid,7
22860,90,0.0018137774230033703,0.9372225638409252,0.7444444444444445,0.3888888888888889,1143,42,Double_Q_hybrid,7
22950,90,0.2888939397709118,0.653667833000461,0.5666666666666667,0.32222222222222224,1143,42,Double_Q_hybrid,7
23040,90,0.11752053135807687,0.6484497132314535,0.6333333333333333,0.2777777777777778,1143,42,Double_Q_hybrid,7
23130,90,0.18100032045474726,0.6842574152210589,0.7666666666666667,0.2222222222222222,1143,42,Double_Q_hybrid,7
23220,90,-0.0014852149053183044,0.8285821747621492,0.7222222222222222,0.18888888888888888,1143,42,Double_Q_hybrid,7
23310,90,0.08810737231502676,1.2415405947803342,0.6777777777777778,0.5,1143,42,Double_Q_hybrid,7
23400,90,0.28948008484955023,0.6682631603712497,0.6222222222222222,0.32222222222222224,1143,42,Double_Q_hybrid,7
23490,90,0.2449747544209268,0.7518154830760913,0.8,0.2777777777777778,1143,42,Double_Q_hybrid,7
23580,90,0.31062226179398905,0.6701132562002913,0.6222222222222222,0.34444444444444444,1143,42,Double_Q_hybrid,7
23670,90,0.0702089144736612,0.7439095740829988,0.7222222222222222,0.28888888888888886,1143,42,Double_Q_hybrid,7
23760,90,0.12668303279350196,0.6197695688596213,0.6555555555555556,0.23333333333333334,1143,42,Double_Q_hybrid,7
23850,90,0.1377983834896897,0.6592874476034776,0.8888888888888888,0.15555555555555556,1143,42,Double_Q_hybrid,7
23940,90,0.18155713058444703,0.7402681537244691,0.7,0.18888888888888888,1143,42,Double_Q_hybrid,7
24000,60,0.34792263670710477,0.9027291791455144,0.85,0.13333333333333333,1143,42,Double_Q_hybrid,7
90,90,0.11311822471189648,0.5172915472927806,0.5666666666666667,0.3111111111111111,90,19,Double_Q_hybrid,19
180,90,-0.04368776466231127,0.5590465753429243,0.45555555555555555,0.35555555555555557,180,27,Double_Q_hybrid,19
270,90,0.029024931353112977,0.6921389077413577,0.4888888888888889,0.2111111111111111,270,31,Double_Q_hybrid,19
360,90,0.18101414277271471,0.8260933707403953,0.8222222222222222,0.2222222222222222,294,32,Double_Q_hybrid,19
450,90,0.1474955002563505,0.798364364987217,0.7222222222222222,0.26666666666666666,384,34,Double_Q_hybrid,19
540,90,-0.031096537906899764,0.6595463129782908,0.6111111111111112,0.23333333333333334,427,36,Double_Q_hybrid,19
630,90,0.03978510409751489,0.6693548827662367,0.6777777777777778,0.28888888888888886,464,36,Double_Q_hybrid,19
720,90,-0.05204750821545867,0.6554439695236146,0.5111111111111111,0.37777777777777777,554,38,Double_Q_hybrid,19
810,90,-0.08116075698266527,0.7132422908390736,0.35555555555555557,0.35555555555555557,644,40,Double_Q_hybrid,19
900,90,0.031547075414893815,0.5544889438989807,0.43333333333333335,0.4111111111111111,709,40,Double_Q_hybrid,19
990,90,0.04139471567349489,0.7990877474982886,0.4111111111111111,0.43333333333333335,726,40,Double_Q_hybrid,19
1080,90,0.1283809099950934,1.0368008073270114,0.7777777777777778,0.25555555555555554,743,40,Double_Q_hybrid,19
1170,90,0.12528317420834126,0.7078584071113545,0.7555555555555555,0.3,743,40,Double_Q_hybrid,19
1260,90,0.14725170578142321,0.8200403845237383,0.6444444444444445,0.2,749,40,Double_Q_hybrid,19
1350,90,0.15522832736825454,0.7878449366570458,0.7333333333333333,0.3888888888888889,778,40,Double_Q_hybrid,19
1440,90,-0.046581756337261374,0.7121725656843795,0.6111111111111112,0.18888888888888888,868,41,Double_Q_hybrid,19
1530,90,0.15841596028453492,0.9523516710313396,0.8222222222222222,0.32222222222222224,871,41,Double_Q_hybrid,19
1620,90,0.19410084664860416,0.9011765453930535,0.7888888888888889,0.3888888888888889,871,41,Double_Q_hybrid,19
1710,90,-0.09080671336669002,0.9520131329088503,0.7666666666666667,0.17777777777777778,880,41,Double_Q_hybrid,19
1800,90,-0.06353138212592038,0.8164686463365453,0.8,0.23333333333333334,911,41,Double_Q_hybrid,19
1890,90,0.038461428395542493,0.8021623370349769,0.8,0.2777777777777778,911,41,Double_Q_hybrid,19
1980,90,-0.011845443083295527,0.8165500379334555,0.7555555555555555,0.2111111111111111,911,41,Double_Q_hybrid,19
2070,90,0.14387227117163437,1.1446980331991399,0.7888888888888889,0.17777777777777778,911,41,Double_Q_hybrid,19
2160,90,-0.07337105480246564,1.0047277791958396,0.6777777777777778,0.37777777777777777,922,41,Double_Q_hybrid,19
2250,90,0.1473257371642799,0.7196580397453873,0.8777777777777778,0.17777777777777778,922,41,Double_Q_hybrid,19
2340,90,0.08022223682417762,0.6664708438125648,0.7666666666666667,0.2111111111111111,922,41,Double_Q_hybrid,19
2430,90,-0.009857083312017489,0.8322160145999152,0.7111111111111111,0.25555555555555554,922,41,Double_Q_hybrid,19
2520,90,0.0836366826925826,0.7937086986186994,0.7777777777777778,0.18888888888888888,976,41,Double_Q_hybrid,19
2610,90,-0.025078268549380223,0.8243597486102516,0.6,0.2,1060,41,Double_Q_hybrid,19
2700,90,0.10214617227781705,0.9761738334142257,0.6333333333333333,0.3888888888888889,1066,41,Double_Q_hybrid,19
2790,90,-0.07327084544238377,0.6412615948801118,0.5,0.28888888888888886,1066,41,Double_Q_hybrid,19
2880,90,-0.02056597216828298,0.8820863221316085,0.6777777777777778,0.3,1066,41,Double_Q_hybrid,19
2970,90,0.06406448440417878,0.9117302963494631,0.5222222222222223,0.4888888888888889,1066,41,Double_Q_hybrid,19
3060,90,0.09234346477783166,1.062721306879496,0.7111111111111111,0.23333333333333334,1066,41,Double_Q_hybrid,19
3150,90,0.09794238957389122,0.8500186388175665,0.6666666666666666,0.18888888888888888,1066,41,Double_Q_hybrid,19
3240,90,0.0743511637618856,0.5702955774496637,0.43333333333333335,0.4,1066,41,Double_Q_hybrid,19
3330,90,0.09716431558434058,0.8353290268416651,0.7444444444444445,0.18888888888888888,1066,41,Double_Q_hybrid,19
3420,90,0.06679432464954149,0.9776604771504921,0.6333333333333333,0.2777777777777778,1066,41,Double_Q_hybrid,19
3510,90,0.09309763980567315,0.761819960709865,0.4444444444444444,0.3111111111111111,1066,41,Double_Q_hybrid,19
3600,90,0.10369916668865713,0.8441287275208295,0.6666666666666666,0.25555555555555554,1066,41,Double_Q_hybrid,19
3690,90,-0.043075740143257706,0.632105359665123,0.5777777777777777,0.6,1066,41,Double_Q_hybrid,19
3780,90,0.08246566587770773,1.051193933786725,0.6888888888888889,0.36666666666666664,1066,41,Double_Q_hybrid,19
3870,90,0.30607268327538717,0.8476871290385946,0.8111111111111111,0.32222222222222224,1066,41,Double_Q_hybrid,19
3960,90,-0.07711438932356608,0.9498799134370117,0.5888888888888889,0.3888888888888889,1066,41,Double_Q_hybrid,19
4050,90,0.17580052539403998,0.8304692121301568,0.6333333333333333,0.25555555555555554,1066,41,Double_Q_hybrid,19
4140,90,-0.03376620850534974,0.8916320109937759,0.7444444444444445,0.3333333333333333,1066,41,Double_Q_hybrid,19
4230,90,0.1147493445287385,0.779449698336658,0.5555555555555556,0.36666666666666664,1066,41,Double_Q_hybrid,19
4320,90,-0.11837602543150355,0.6512171679531282,0.43333333333333335,0.45555555555555555,1071,41,Double_Q_hybrid,19
4410,90,0.1747168320460522,0.9497489768868811,0.5444444444444444,0.4888888888888889,1071,41,Double_Q_hybrid,19
4500,90,0.012316875028948012,1.1417609692377597,0.6111111111111112,0.5555555555555556,1086,41,Double_Q_hybrid,19
4590,90,0.13779305427080765,0.921326679939925,0.7888888888888889,0.32222222222222224,1091,41,Double_Q_hybrid,19
4680,90,-0.07552682877004037,0.9453833673605062,0.5888888888888889,0.25555555555555554,1091,41,Double_Q_hybrid,19
4770,90,-0.05715108511383576,0.8102803782828519,0.3888888888888889,0.15555555555555556,1091,41,Double_Q_hybrid,19
4860,90,-0.016961912691862726,1.05015297798575,0.4777777777777778,0.6222222222222222,1091,41,Double_Q_hybrid,19
4950,90,0.009871731532564265,1.040152381388687,0.36666666666666664,0.5333333333333333,1091,41,Double_Q_hybrid,19
5040,90,-0.144015445181298,0.9507919998732118,0.6111111111111112,0.43333333333333335,1091,41,Double_Q_hybrid,19
5130,90,0.10430905219852525,0.7528900929877206,0.5555555555555556,0.4,1091,41,Double_Q_hybrid,19
5220,90,0.22376111752549252,0.7661976650034875,0.7,0.34444444444444444,1091,41,Double_Q_hybrid,19
5310,90,0.03872331147007013,0.7006721454409444,0.5666666666666667,0.3333333333333333,1091,41,Double_Q_hybrid,19
5400,90,0.0769185045248614,0.8037139615495393,0.5666666666666667,0.5777777777777777,1091,41,Double_Q_hybrid,19
5490,90,0.1048483680278614,0.8947199237363391,0.4666666666666667,0.4666666666666667,1091,41,Double_Q_hybrid,19
5580,90,-0.004603708792445546,0.8230053763110433,0.7222222222222222,0.3,1091,41,Double_Q_hybrid,19
5670,90,-0.01791189438113185,0.87623105122868,0.5777777777777777,0.36666666666666664,1091,41,Double_Q_hybrid,19
5760,90,-0.11314341880374273,0.8806469642590001,0.5555555555555556,0.4222222222222222,1142,41,Double_Q_hybrid,19
5850,90,-0.010424142516820122,0.9881697963674428,0.6555555555555556,0.37777777777777777,1142,41,Double_Q_hybrid,19
5940,90,-0.24163101649123583,0.8889156593833154,0.5444444444444444,0.4666666666666667,1142,41,Double_Q_hybrid,19
6030,90,-0.06369839625040659,0.696353271607913,0.6111111111111112,0.34444444444444444,1142,41,Double_Q_hybrid,19
6120,90,0.09072749227083463,1.015093223040627,0.7666666666666667,0.4111111111111111,1142,41,Double_Q_hybrid,19
6210,90,-0.0922785848510593,0.8566160143997867,0.6444444444444445,0.4777777777777778,1142,41,Double_Q_hybrid,19
6300,90,0.17308762699262928,0.7795776944860051,0.7333333333333333,0.3,1142,41,Double_Q_hybrid,19
6390,90,0.03739184736197881,0.9808367804879099,0.4111111111111111,0.5777777777777777,1142,41,Double_Q_hybrid,19
6480,90,-0.089382009101353,0.7673183744671613,0.7111111111111111,0.37777777777777777,1142,41,Double_Q_hybrid,19
6570,90,0.1142802525849433,0.7466385227137287,0.6,0.45555555555555555,1142,41,Double_Q_hybrid,19
6660,90,-0.1372629655078888,0.7116869182292669,0.43333333333333335,0.4222222222222222,1142,41,Double_Q_hybrid,19
6750,90,-0.03687717654033515,0.6709397473103669,0.45555555555555555,0.4111111111111111,1142,41,Double_Q_hybrid,19
6840,90,-0.057362010862443746,0.7470973564533714,0.5,0.4,1142,41,Double_Q_hybrid,19
6930,90,-0.10589717516450592,0.6749328267525214,0.2777777777777778,0.28888888888888886,1142,41,Double_Q_hybrid,19
7020,90,0.07958126125750674,0.6237285176397409,0.5666666666666667,0.25555555555555554,1142,41,Double_Q_hybrid,19
7110,90,0.15645759922579383,0.7082381922624863,0.6111111111111112,0.2,1142,41,Double_Q_hybrid,19
7200,90,0.12963163713065332,0.7858224995739727,0.5666666666666667,0.3111111111111111,1142,41,Double_Q_hybrid,19
7290,90,-0.072542897163097,0.7208410433672845,0.34444444444444444,0.5333333333333333,1142,41,Double_Q_hybrid,19
7380,90,0.14052291862347943,0.9703926849644648,0.7222222222222222,0.2777777777777778,1142,41,Double_Q_hybrid,19
7470,90,0.14413833125100575,0.9198539088607223,0.5111111111111111,0.5777777777777777,1142,41,Double_Q_hybrid,19
7560,90,0.08965347252749606,0.6171915377353685,0.6333333333333333,0.3,1142,41,Double_Q_hybrid,19
7650,90,0.12316633694344752,0.6416346487830709,0.7888888888888889,0.2222222222222222,1142,41,Double_Q_hybrid,19
7740,90,0.023696171261621143,0.7647115813383637,0.6222222222222222,0.34444444444444444,1142,41,Double_Q_hybrid,19
7830,90,0.060649213809974865,0.8190301556133079,0.4666666666666667,0.5111111111111111,1142,42,Double_Q_hybrid,19
7920,90,0.2873986799792042,0.8256697543526343,0.7888888888888889,0.36666666666666664,1142,42,Double_Q_hybrid,19
8010,90,0.179880373479813,0.779388451691516,0.5111111111111111,0.3333333333333333,1142,42,Double_Q_hybrid,19
8100,90,0.09670477432236874,0.635481392090009,0.6888888888888889,0.5,1142,42,Double_Q_hybrid,19
8190,90,0.10057595704600851,0.6979343186770941,0.6111111111111112,0.35555555555555557,1142,42,Double_Q_hybrid,19
8280,90,0.1475639248841611,0.8356639502600577,0.6333333333333333,0.3888888888888889,1142,42,Double_Q_hybrid,19
8370,90,0.11768300320350274,0.8922701026628741,0.5666666666666667,0.6,1142,42,Double_Q_hybrid,19
8460,90,-0.014230145305870807,0.7809966031551966,0.7,0.3888888888888889,1142,42,Double_Q_hybrid,19
8550,90,0.22590875905638694,0.8361685433701014,0.7555555555555555,0.36666666666666664,1142,42,Double_Q_hybrid,19
8640,90,-0.023018890139653185,0.6497750205463724,0.5666666666666667,0.5666666666666667,1142,42,Double_Q_hybrid,19
8730,90,-0.04675998613135141,0.7190417431683199,0.5777777777777777,0.4888888888888889,1142,42,Double_Q_hybrid,19
8820,90,-0.008452574570205615,0.641025090864146,0.37777777777777777,0.28888888888888886,1142,42,Double_Q_hybrid,19
8910,90,0.2545910623413116,0.7891652051670862,0.7222222222222222,0.3888888888888889,1142,42,Double_Q_hybrid,19
9000,90,0.10341637310489096,0.6464608936345202,0.7666666666666667,0.2111111111111111,1142,42,Double_Q_hybrid,19
9090,90,0.0012721238159564261,0.7583771424487958,0.6,0.3888888888888889,1142,42,Double_Q_hybrid,19
9180,90,0.0390834118721948,0.7158110860396176,0.7444444444444445,0.36666666666666664,1142,42,Double_Q_hybrid,19
9270,90,-0.03333751588391327,0.641997378542417,0.4444444444444444,0.4222222222222222,1142,42,Double_Q_hybrid,19
9360,90,0.0979986724678883,0.697457393688649,0.6555555555555556,0.5222222222222223,1142,42,Double_Q_hybrid,19
9450,90,0.3005454107526149,0.8767919829701577,0.8555555555555555,0.2777777777777778,1142,42,Double_Q_hybrid,19
9540,90,-0.007832084025464838,0.6874603533730617,0.4777777777777778,0.4666666666666667,1142,42,Double_Q_hybrid,19
9630,90,-0.058307921000143675,0.7762982582942474,0.4111111111111111,0.45555555555555555,1142,42,Double_Q_hybrid,19
9720,90,0.2107552376478048,1.0010424473170074,0.5,0.3888888888888889,1142,42,Double_Q_hybrid,19
9810,90,0.04238873192862727,0.9158752256259405,0.6222222222222222,0.28888888888888886,1142,42,Double_Q_hybrid,19
9900,90,-0.07288175792523166,0.9630417357773629,0.5777777777777777,0.23333333333333334,1142,42,Double_Q_hybrid,19
9990,90,0.2355771815842979,0.8220516146008731,0.5888888888888889,0.23333333333333334,1142,42,Double_Q_hybrid,19
10080,90,0.20546768643202343,0.8711715121538646,0.8,0.36666666666666664,1142,42,Double_Q_hybrid,19
10170,90,0.008250589120931982,0.6109195462766244,0.3888888888888889,0.26666666666666666,1142,42,Double_Q_hybrid,19
10260,90,0.09673263512042926,0.6898162331824572,0.7222222222222222,0.2222222222222222,1142,42,Double_Q_hybrid,19
10350,90,0.10758095151491551,0.9556566091279496,0.7,0.32222222222222224,1142,42,Double_Q_hybrid,19
10440,90,0.0001848976312130151,0.6333779235166083,0.4666666666666667,0.2222222222222222,1142,42,Double_Q_hybrid,19
10530,90,0.2114574886137748,1.0298003580400852,0.5333333333333333,0.3111111111111111,1142,42,Double_Q_hybrid,19
10620,90,-0.04242491328497241,0.9778943085917542,0.4888888888888889,0.35555555555555557,1142,42,Double_Q_hybrid,19
10710,90,-0.018320918523050258,0.7701428424793489,0.7888888888888889,0.2111111111111111,1142,42,Double_Q_hybrid,19
10800,90,0.01340108263656607,0.8018689691786356,0.6333333333333333,0.3333333333333333,1148,42,Double_Q_hybrid,19
10890,90,0.0026873339747153103,0.9253672979722487,0.6111111111111112,0.3,1148,42,Double_Q_hybrid,19
10980,90,-0.09913537321908902,0.6468041253087495,0.3888888888888889,0.28888888888888886,1148,42,Double_Q_hybrid,19
11070,90,-0.004594176625758529,0.6980461135896188,0.4777777777777778,0.3,1148,42,Double_Q_hybrid,19
11160,90,0.06919374112689355,0.8020643615595178,0.7888888888888889,0.25555555555555554,1148,42,Double_Q_hybrid,19
11250,90,0.03606295058975342,0.9022340379033794,0.5666666666666667,0.3,1148,42,Double_Q_hybrid,19
11340,90,-0.06213261933225106,0.7873139099644004,0.5,0.26666666666666666,1148,42,Double_Q_hybrid,19
11430,90,0.143948073865346,0.8329108389335189,0.7666666666666667,0.3,1148,42,Double_Q_hybrid,19
11520,90,0.03783759778337295,0.6385371159983796,0.43333333333333335,0.32222222222222224,1148,42,Double_Q_hybrid,19
11610,90,0.11212457960081856,0.5850078630756164,0.43333333333333335,0.4,1148,42,Double_Q_hybrid,19
11700,90,0.05984575165367057,0.7803863634995795,0.6555555555555556,0.32222222222222224,1148,42,Double_Q_hybrid,19
11790,90,0.04922403659246833,0.8617463115954185,0.6,0.26666666666666666,1148,42,Double_Q_hybrid,19
11880,90,0.030077636308438595,0.6874512225197513,0.5111111111111111,0.23333333333333334,1148,42,Double_Q_hybrid,19
11970,90,0.12321804999421061,0.7266676563738034,0.5333333333333333,0.23333333333333334,1148,42,Double_Q_hybrid,19
12060,90,0.05759735688102355,0.7989922929056925,0.8111111111111111,0.25555555555555554,1148,42,Double_Q_hybrid,19
12150,90,-0.047781670726970545,0.7543000137894135,0.4777777777777778,0.3333333333333333,1148,42,Double_Q_hybrid,19
12240,90,0.06264079676489759,0.6536940098723687,0.4888888888888889,0.43333333333333335,1148,42,Double_Q_hybrid,19
12330,90,0.10478585177671695,0.8302571978568825,0.6111111111111112,0.17777777777777778,1148,42,Double_Q_hybrid,19
12420,90,0.19515988430246753,0.6959965044046964,0.7111111111111111,0.2777777777777778,1148,42,Double_Q_hybrid,19
12510,90,0.14753100029842242,0.9598228595854787,0.5555555555555556,0.36666666666666664,1148,42,Double_Q_hybrid,19
12600,90,0.04663679850356745,0.608566427343027,0.5,0.16666666666666666,1148,42,Double_Q_hybrid,19
12690,90,0.29465888414792024,0.8390706180369988,0.8888888888888888,0.18888888888888888,1148,42,Double_Q_hybrid,19
12780,90,0.07492055009600106,0.7453042103629383,0.6666666666666666,0.2777777777777778,1148,42,Double_Q_hybrid,19
12870,90,-0.25753753574674554,0.9807880005064707,0.6,0.3333333333333333,1148,42,Double_Q_hybrid,19
12960,90,0.12585399850322837,0.6117090243937592,0.5111111111111111,0.35555555555555557,1148,42,Double_Q_hybrid,19
13050,90,0.03448438402310778,0.7985924945020163,0.5444444444444444,0.3333333333333333,1148,42,Double_Q_hybrid,19
13140,90,0.042178146342847604,0.6764052448710002,0.5444444444444444,0.3111111111111111,1148,42,Double_Q_hybrid,19
13230,90,-0.2950375866320448,0.9477271206790462,0.5333333333333333,0.34444444444444444,1148,42,Double_Q_hybrid,19
13320,90,0.013341795685389747,0.48113752138502996,0.45555555555555555,0.2,1148,42,Double_Q_hybrid,19
13410,90,-0.14758848174157546,0.7522617652991062,0.37777777777777777,0.34444444444444444,1148,42,Double_Q_hybrid,19
13500,90,-0.0017500868109722992,0.8215364252910626,0.7,0.3111111111111111,1148,42,Double_Q_hybrid,19
13590,90,0.1350721561933637,0.958796719126658,0.7555555555555555,0.15555555555555556,1148,42,Double_Q_hybrid,19
13680,90,0.15874456790991154,0.7916773765854453,0.5888888888888889,0.2777777777777778,1148,42,Double_Q_hybrid,19
13770,90,0.047446646805706975,0.8449106829498891,0.7555555555555555,0.2777777777777778,1148,42,Double_Q_hybrid,19
13860,90,-0.05993824571305758,0.8014603695153013,0.43333333333333335,0.34444444444444444,1148,42,Double_Q_hybrid,19
13950,90,-0.10215823584737976,0.700191214253433,0.5222222222222223,0.2777777777777778,1148,42,Double_Q_hybrid,19
14040,90,0.11144389164933695,0.7796149522000094,0.6666666666666666,0.16666666666666666,1148,42,Double_Q_hybrid,19
14130,90,0.0037656887463214674,0.7377191914969511,0.5333333333333333,0.2111111111111111,1148,42,Double_Q_hybrid,19
14220,90,-0.019730000254632715,0.576658067080908,0.45555555555555555,0.4,1148,42,Double_Q_hybrid,19
14310,90,0.10873696938972985,0.7010347085539894,0.7666666666666667,0.2222222222222222,1148,42,Double_Q_hybrid,19
14400,90,0.1707247767698926,0.7013528825981695,0.8333333333333334,0.2,1148,42,Double_Q_hybrid,19
14490,90,0.07763718091580253,0.4350806644559986,0.34444444444444444,0.26666666666666666,1148,42,Double_Q_hybrid,19
14580,90,0.006648824661996926,0.7392451292079023,0.5111111111111111,0.23333333333333334,1148,42,Double_Q_hybrid,19
14670,90,-0.025101035877388746,0.7988102828762401,0.4222222222222222,0.24444444444444444,1148,42,Double_Q_hybrid,19
14760,90,0.09798748922359078,0.9242058614699831,0.6222222222222222,0.3,1148,42,Double_Q_hybrid,19
14850,90,0.17704399101200685,0.7323629956659229,0.6777777777777778,0.08888888888888889,1148,42,Double_Q_hybrid,19
14940,90,0.10758382582056737,0.5486316579272822,0.43333333333333335,0.36666666666666664,1148,42,Double_Q_hybrid,19
15030,90,0.1765156994180796,0.9098789390307287,0.6888888888888889,0.2222222222222222,1148,42,Double_Q_hybrid,19
15120,90,0.16928808848187843,0.9201838295501695,0.6666666666666666,0.3111111111111111,1148,42,Double_Q_hybrid,19
15210,90,0.2503773643914348,0.7991361538570693,0.5777777777777777,0.18888888888888888,1148,42,Double_Q_hybrid,19
15300,90,-0.07732738487105674,0.7387731558706321,0.4111111111111111,0.35555555555555557,1148,42,Double_Q_hybrid,19
15390,90,-0.10338577854369893,0.6508625333360087,0.6888888888888889,0.2777777777777778,1148,42,Double_Q_hybrid,19
15480,90,0.1377999503576732,0.6318870477539253,0.5888888888888889,0.34444444444444444,1148,42,Double_Q_hybrid,19
15570,90,0.2970186417092425,0.8602070579440119,0.8555555555555555,0.23333333333333334,1148,42,Double_Q_hybrid,19
15660,90,0.16553112878757584,0.7637939411989867,0.6666666666666666,0.15555555555555556,1148,42,Double_Q_hybrid,19
15750,90,0.17914924848892844,0.7308579099018262,0.6444444444444445,0.16666666666666666,1148,42,Double_Q_hybrid,19
15840,90,0.04640251977656252,0.7261995122964352,0.6666666666666666,0.16666666666666666,1148,42,Double_Q_hybrid,19
15930,90,0.032588129552916005,0.5314973116184266,0.4444444444444444,0.2,1148,42,Double_Q_hybrid,19
16020,90,0.16636090142960885,0.727478696440314,0.5666666666666667,0.23333333333333334,1148,42,Double_Q_hybrid,19
16110,90,-0.2054025622451136,0.7092623555034793,0.45555555555555555,0.3,1148,42,Double_Q_hybrid,19
16200,90,0.10145736646587067,0.6855040610324126,0.6333333333333333,0.1111111111111111,1148,42,Double_Q_hybrid,19
16290,90,0.15968708543851912,0.6094042802732084,0.4666666666666667,0.2111111111111111,1148,42,Double_Q_hybrid,19
16380,90,-0.03275056914702813,0.48194987217675794,0.3,0.3333333333333333,1148,42,Double_Q_hybrid,19
16470,90,0.11986119123536428,0.9450819522413378,0.6555555555555556,0.2222222222222222,1148,42,Double_Q_hybrid,19
16560,90,-0.129846497447821,0.5639750228464533,0.4111111111111111,0.23333333333333334,1148,42,Double_Q_hybrid,19
16650,90,0.13691911142228586,0.9464935512180616,0.7666666666666667,0.2222222222222222,1148,42,Double_Q_hybrid,19
16740,90,-0.04239023137980835,0.7044791777762394,0.5,0.3,1148,42,Double_Q_hybrid,19
16830,90,0.08290556241588286,0.7385958336000911,0.5777777777777777,0.25555555555555554,1148,42,Double_Q_hybrid,19
16920,90,-0.07715830191942999,0.73543897573193,0.4,0.2111111111111111,1148,42,Double_Q_hybrid,19
17010,90,0.08567274627884316,0.7310042226713431,0.7,0.23333333333333334,1148,42,Double_Q_hybrid,19
17100,90,0.013243112440779336,0.8209124836833663,0.6555555555555556,0.16666666666666666,1148,42,Double_Q_hybrid,19
17190,90,0.18916572687678632,0.6979240317550068,0.5333333333333333,0.23333333333333334,1148,42,Double_Q_hybrid,19
17280,90,-0.05283101339804978,0.5972090375690902,0.4444444444444444,0.24444444444444444,1148,42,Double_Q_hybrid,19
17370,90,0.00518441326123899,0.5464033024161844,0.4111111111111111,0.24444444444444444,1148,42,Double_Q_hybrid,19
17460,90,0.09106709657044547,0.7541298341028004,0.5555555555555556,0.2777777777777778,1148,42,Double_Q_hybrid,19
17550,90,0.12300779263935875,0.9768144249462646,0.7666666666666667,0.24444444444444444,1148,42,Double_Q_hybrid,19
17640,90,0.03973259168352287,0.7279883259117008,0.7,0.14444444444444443,1148,42,Double_Q_hybrid,19
17730,90,-0.14598159968097216,0.6289349573536396,0.3333333333333333,0.3333333333333333,1148,42,Double_Q_hybrid,19
17820,90,0.11578436334081016,0.7316531974099088,0.6555555555555556,0.07777777777777778,1148,42,Double_Q_hybrid,19
17910,90,0.06057797330659661,0.4984752936087322,0.4888888888888889,0.14444444444444443,1148,42,Double_Q_hybrid,19
18000,90,-0.13478024021041798,0.8458266033147775,0.5333333333333333,0.26666666666666666,1148,42,Double_Q_hybrid,19
18090,90,0.04804091252229817,0.7689172908820268,0.7888888888888889,0.16666666666666666,1148,42,Double_Q_hybrid,19
18180,90,-0.14874034971338912,0.6294374768629851,0.3888888888888889,0.23333333333333334,1148,42,Double_Q_hybrid,19
18270,90,0.11428693492470102,0.7229791442757035,0.6666666666666666,0.2222222222222222,1148,42,Double_Q_hybrid,19
18360,90,0.15291442001134903,0.870930430988176,0.6333333333333333,0.26666666666666666,1148,42,Double_Q_hybrid,19
18450,90,0.2009443220949859,0.8433245335660399,0.8333333333333334,0.18888888888888888,1148,42,Double_Q_hybrid,19
18540,90,0.04867004806034814,0.758254996484979,0.7,0.16666666666666666,1148,42,Double_Q_hybrid,19
18630,90,0.048855064177248705,0.4055094291889532,0.4,0.24444444444444444,1148,42,Double_Q_hybrid,19
18720,90,0.16859219260180386,0.8938841067913567,0.6222222222222222,0.25555555555555554,1148,42,Double_Q_hybrid,19
18810,90,0.03428069997549122,0.7448713073596269,0.7111111111111111,0.14444444444444443,1148,42,Double_Q_hybrid,19
18900,90,0.12024967254462658,0.6215277351056098,0.5111111111111111,0.18888888888888888,1148,42,Double_Q_hybrid,19
18990,90,-0.011820064423539951,0.5859309224738541,0.4666666666666667,0.2,1148,42,Double_Q_hybrid,19
19080,90,0.16083453494327232,0.6653398891199106,0.6,0.2,1148,42,Double_Q_hybrid,19
19170,90,0.08414685541976265,0.5446499403149736,0.5222222222222223,0.2222222222222222,1148,42,Double_Q_hybrid,19
19260,90,0.11103066713104874,0.697290241394803,0.6666666666666666,0.2111111111111111,1148,42,Double_Q_hybrid,19
19350,90,0.31995557532771124,0.8522026869659511,0.9333333333333333,0.12222222222222222,1148,42,Double_Q_hybrid,19
19440,90,0.07527220902587282,0.6106978470514078,0.7,0.17777777777777778,1148,42,Double_Q_hybrid,19
19530,90,-0.1662610889961378,0.8907276287777547,0.5333333333333333,0.24444444444444444,1148,42,Double_Q_hybrid,19
19620,90,-0.14765475065018577,0.685849027752049,0.4666666666666667,0.2777777777777778,1148,42,Double_Q_hybrid,19
19710,90,-0.018492746867913776,0.5423863662890928,0.25555555555555554,0.16666666666666666,1148,42,Double_Q_hybrid,19
19800,90,-0.052134239667862764,0.5159636823262145,0.34444444444444444,0.14444444444444443,1148,42,Double_Q_hybrid,19
19890,90,0.24533144286453662,0.7309543954576583,0.8111111111111111,0.26666666666666666,1148,42,Double_Q_hybrid,19
19980,90,0.09896408760258885,0.5750941337716974,0.6333333333333333,0.1111111111111111,1148,42,Double_Q_hybrid,19
20070,90,0.09483517544640017,0.6742439925533766,0.6111111111111112,0.24444444444444444,1148,42,Double_Q_hybrid,19
20160,90,-0.0555327785265733,0.8217029721706123,0.5,0.12222222222222222,1148,42,Double_Q_hybrid,19
20250,90,0.1621396661330455,0.6925370995392705,0.5777777777777777,0.24444444444444444,1148,42,Double_Q_hybrid,19
20340,90,-0.010033657712000118,0.6391988343443289,0.4888888888888889,0.36666666666666664,1148,42,Double_Q_hybrid,19
20430,90,0.11047662002413365,0.7256437989847054,0.7111111111111111,0.4111111111111111,1148,42,Double_Q_hybrid,19
20520,90,0.07048823342296894,0.5446533990318188,0.4888888888888889,0.15555555555555556,1148,42,Double_Q_hybrid,19
20610,90,0.19239130299293553,0.9840524830207326,0.8222222222222222,0.13333333333333333,1148,42,Double_Q_hybrid,19
20700,90,-0.12659272119533146,0.5267193543888168,0.25555555555555554,0.2222222222222222,1148,42,Double_Q_hybrid,19
20790,90,0.011841357273350976,0.669022180747817,0.6777777777777778,0.1,1148,42,Double_Q_hybrid,19
20880,90,0.060410220980148054,0.8593025573139468,0.7333333333333333,0.26666666666666666,1148,42,Double_Q_hybrid,19
20970,90,0.2146866057049987,0.775519791003307,0.5777777777777777,0.3,1148,42,Double_Q_hybrid,19
21060,90,0.04248044803539729,0.5834090655161229,0.4777777777777778,0.18888888888888888,1148,42,Double_Q_hybrid,19
21150,90,0.07869012538766482,0.4750454641415211,0.3,0.35555555555555557,1148,42,Double_Q_hybrid,19
21240,90,0.2618514532462473,0.9526652235929607,0.45555555555555555,0.32222222222222224,1148,42,Double_Q_hybrid,19
21330,90,0.014087240088378245,0.7553245015474536,0.6,0.36666666666666664,1148,42,Double_Q_hybrid,19
21420,90,0.06830608815896552,0.7909236310410632,0.7222222222222222,0.13333333333333333,1148,42,Double_Q_hybrid,19
21510,90,0.2096959526178505,1.0562102509132598,0.8444444444444444,0.2222222222222222,1148,42,Double_Q_hybrid,19
21600,90,0.12313664490833989,0.7684279702929039,0.7222222222222222,0.17777777777777778,1148,42,Double_Q_hybrid,19
21690,90,0.07518258338638795,0.7253787952424028,0.7,0.2111111111111111,1148,42,Double_Q_hybrid,19
21780,90,0.014019507598940953,0.6536186461066521,0.5111111111111111,0.12222222222222222,1148,42,Double_Q_hybrid,19
21870,90,0.325193877545905,0.8356048556579806,0.9111111111111111,0.14444444444444443,1148,42,Double_Q_hybrid,19
21960,90,-0.0349110105311578,0.6964400937814049,0.7,0.23333333333333334,1148,42,Double_Q_hybrid,19
22050,90,0.10189595743265052,0.7803708707752798,0.5666666666666667,0.3111111111111111,1148,42,Double_Q_hybrid,19
22140,90,0.11978675005407001,0.5614315615115535,0.5666666666666667,0.25555555555555554,1148,42,Double_Q_hybrid,19
22230,90,0.10616413796509169,0.6877421011283801,0.6555555555555556,0.23333333333333334,1148,42,Double_Q_hybrid,19
22320,90,0.23193402370260574,0.784278577728962,0.7888888888888889,0.23333333333333334,1148,42,Double_Q_hybrid,19
22410,90,0.1613696007644871,0.7128081737648797,0.6777777777777778,0.1111111111111111,1148,42,Double_Q_hybrid,19
22500,90,0.0032783770295719983,0.7104375224325873,0.6444444444444445,0.2222222222222222,1148,42,Double_Q_hybrid,19
22590,90,-0.07530988634758015,0.6881434262923658,0.43333333333333335,0.34444444444444444,1148,42,Double_Q_hybrid,19
22680,90,0.05280687142882202,0.8097382916309807,0.5888888888888889,0.24444444444444444,1148,42,Double_Q_hybrid,19
22770,90,-0.05010989384501425,0.7792940463126754,0.5,0.2777777777777778,1148,42,Double_Q_hybrid,19
22860,90,0.1032134283387498,0.7237408293459838,0.6888888888888889,0.2222222222222222,1148,42,Double_Q_hybrid,19
22950,90,0.23821447882344884,0.8099185492517638,0.5555555555555556,0.25555555555555554,1148,42,Double_Q_hybrid,19
23040,90,0.028639725412829817,0.8372310293765372,0.4888888888888889,0.37777777777777777,1148,42,Double_Q_hybrid,19
23130,90,0.10721103457447606,0.6417434063349874,0.7222222222222222,0.13333333333333333,1148,42,Double_Q_hybrid,19
23220,90,-0.0178519165351559,0.6159721997013754,0.4444444444444444,0.3888888888888889,1148,42,Double_Q_hybrid,19
23310,90,0.04130640831671923,0.5696846411882981,0.4777777777777778,0.37777777777777777,1148,42,Double_Q_hybrid,19
23400,90,0.20566126011183034,0.8848330250790468,0.7,0.16666666666666666,1148,42,Double_Q_hybrid,19
23490,90,0.2022545033972304,0.6282472825238675,0.8666666666666667,0.15555555555555556,1148,42,Double_Q_hybrid,19
23580,90,-0.04530417120320121,0.9557602071790414,0.4666666666666667,0.2111111111111111,1148,42,Double_Q_hybrid,19
23670,90,0.0991762638805968,0.7343844714233831,0.5111111111111111,0.16666666666666666,1148,42,Double_Q_hybrid,19
23760,90,0.08081852128308752,0.6361135873009128,0.6333333333333333,0.2111111111111111,1148,42,Double_Q_hybrid,19
23850,90,-0.03141337424843916,0.6875213769579603,0.7777777777777778,0.3111111111111111,1148,42,Double_Q_hybrid,19
23940,90,0.14791402731151598,0.7004860832488248,0.6,0.2111111111111111,1148,42,Double_Q_hybrid,19
24000,60,0.14350034749310372,0.671551151909476,0.36666666666666664,0.11666666666666667,1148,42,Double_Q_hybrid,19
90,90,0.046336255779377174,0.870698475310059,0.6555555555555556,0.34444444444444444,90,19,Double_Q_hybrid,43
180,90,-0.04804700720666534,0.6646253757582153,0.4,0.4888888888888889,180,27,Double_Q_hybrid,43
270,90,0.23237419328041373,0.6585602798806655,0.5444444444444444,0.2777777777777778,270,33,Double_Q_hybrid,43
360,90,-0.02213259207104927,0.7644204170626548,0.6,0.35555555555555557,360,35,Double_Q_hybrid,43
450,90,0.1111459646763819,0.8369984762017576,0.7222222222222222,0.36666666666666664,426,37,Double_Q_hybrid,43
540,90,0.07234398173409952,0.7501589929993457,0.5888888888888889,0.35555555555555557,458,37,Double_Q_hybrid,43
630,90,0.07862685994079281,0.7895856067040957,0.7333333333333333,0.36666666666666664,497,37,Double_Q_hybrid,43
720,90,-0.1551837071386618,0.753502469577928,0.37777777777777777,0.24444444444444444,587,38,Double_Q_hybrid,43
810,90,-0.03126301290830133,0.7794433413520345,0.6777777777777778,0.32222222222222224,677,40,Double_Q_hybrid,43
900,90,0.006258070408960117,0.7339242399704285,0.7111111111111111,0.32222222222222224,677,40,Double_Q_hybrid,43
990,90,0.015335327236354054,0.7790986309228255,0.6888888888888889,0.37777777777777777,677,40,Double_Q_hybrid,43
1080,90,0.18416594794359137,0.9873729303462199,0.45555555555555555,0.4222222222222222,696,40,Double_Q_hybrid,43
1170,90,0.08804218932018588,0.7152539165306272,0.6222222222222222,0.4444444444444444,700,40,Double_Q_hybrid,43
1260,90,-0.00619677527521615,0.8529581239313063,0.5666666666666667,0.2777777777777778,728,40,Double_Q_hybrid,43
1350,90,0.239995923941116,0.8027556441029259,0.5111111111111111,0.3333333333333333,818,40,Double_Q_hybrid,43
1440,90,0.0683627444849608,0.7659939289754188,0.7111111111111111,0.25555555555555554,825,40,Double_Q_hybrid,43
1530,90,0.13867381194527106,0.8812675189438985,0.6777777777777778,0.23333333333333334,868,40,Double_Q_hybrid,43
1620,90,-0.022680341380490205,0.7600997766676524,0.7,0.23333333333333334,903,40,Double_Q_hybrid,43
1710,90,0.2003134385421782,0.6745723281252297,0.43333333333333335,0.25555555555555554,917,40,Double_Q_hybrid,43
1800,90,-0.11718382370569012,0.9618626580751481,0.7111111111111111,0.35555555555555557,917,40,Double_Q_hybrid,43
1890,90,-0.017791343373814154,1.0202084710071861,0.6222222222222222,0.36666666666666664,964,40,Double_Q_hybrid,43
1980,90,-0.08331178289887456,0.9990379135907501,0.5555555555555556,0.43333333333333335,1017,41,Double_Q_hybrid,43
2070,90,-0.02736873541773651,0.5644366406640392,0.4444444444444444,0.2111111111111111,1074,41,Double_Q_hybrid,43
2160,90,0.06404376000041856,0.8230386172004862,0.7555555555555555,0.32222222222222224,1074,41,Double_Q_hybrid,43
2250,90,0.02909418953901059,1.1099578971034614,0.6111111111111112,0.3111111111111111,1074,41,Double_Q_hybrid,43
2340,90,0.08504109849502269,0.8610190923930018,0.4111111111111111,0.6444444444444445,1074,41,Double_Q_hybrid,43
2430,90,0.013295962931917534,0.773839867380601,0.6222222222222222,0.4888888888888889,1074,41,Double_Q_hybrid,43
2520,90,0.0483861345047871,0.7155564584421636,0.4888888888888889,0.5222222222222223,1092,41,Double_Q_hybrid,43
2610,90,0.2076118272628877,0.9902180586920369,0.7333333333333333,0.36666666666666664,1092,41,Double_Q_hybrid,43
2700,90,0.1289550855294204,0.7587134023943267,0.7333333333333333,0.36666666666666664,1092,41,Double_Q_hybrid,43
2790,90,-0.009268302560131196,0.8438636192371233,0.5111111111111111,0.5111111111111111,1092,41,Double_Q_hybrid,43
2880,90,0.07808929064843506,0.6827963255853022,0.5,0.4666666666666667,1092,41,Double_Q_hybrid,43
2970,90,-0.07130765089698797,0.9219306971032734,0.6666666666666666,0.4,1092,41,Double_Q_hybrid,43
3060,90,0.00043002654386581167,0.7601285847422269,0.6111111111111112,0.4222222222222222,1092,41,Double_Q_hybrid,43
3150,90,0.06123146590727668,0.8337909804003351,0.6555555555555556,0.34444444444444444,1092,41,Double_Q_hybrid,43
3240,90,-0.08146831648637869,0.8541620214334099,0.4777777777777778,0.5111111111111111,1092,41,Double_Q_hybrid,43
3330,90,0.12161109071888411,1.1465035712492466,0.7666666666666667,0.34444444444444444,1092,41,Double_Q_hybrid,43
3420,90,-0.0005489193841167245,0.7187751743623704,0.7555555555555555,0.3888888888888889,1092,41,Double_Q_hybrid,43
3510,90,-0.019514717142665297,0.7111044914243256,0.5888888888888889,0.4777777777777778,1092,41,Double_Q_hybrid,43
3600,90,-0.1502467677224474,0.750185715298887,0.5777777777777777,0.43333333333333335,1092,41,Double_Q_hybrid,43
3690,90,0.0829943713460988,0.8292908755696544,0.45555555555555555,0.4111111111111111,1092,42,Double_Q_hybrid,43
3780,90,0.03071343760155668,0.5289311846286912,0.24444444444444444,0.28888888888888886,1092,42,Double_Q_hybrid,43
3870,90,0.11716493605713814,0.6094382806678247,0.5777777777777777,0.26666666666666666,1095,42,Double_Q_hybrid,43
3960,90,0.17276768497997516,0.8002205725066571,0.5333333333333333,0.36666666666666664,1095,42,Double_Q_hybrid,43
4050,90,-0.10508250338542618,0.7513690324718875,0.7222222222222222,0.35555555555555557,1132,42,Double_Q_hybrid,43
4140,90,0.17845085683667633,0.6066422198288703,0.8444444444444444,0.2,1132,42,Double_Q_hybrid,43
4230,90,0.049704984656478955,0.6315833013977318,0.6888888888888889,0.34444444444444444,1132,42,Double_Q_hybrid,43
4320,90,0.09833576976697728,0.6583067023670138,0.6777777777777778,0.36666666666666664,1132,42,Double_Q_hybrid,43
4410,90,-0.06462829074560354,1.0172910702939832,0.5888888888888889,0.5444444444444444,1132,42,Double_Q_hybrid,43
4500,90,0.08330246457446816,0.8524952332548857,0.7,0.4444444444444444,1132,42,Double_Q_hybrid,43
4590,90,0.16821616886183302,0.701438669562889,0.6666666666666666,0.45555555555555555,1132,42,Double_Q_hybrid,43
4680,90,-0.06809058480613853,0.7494017713330507,0.5666666666666667,0.32222222222222224,1132,42,Double_Q_hybrid,43
4770,90,0.04782804706344008,0.7398596939122655,0.8333333333333334,0.25555555555555554,1132,42,Double_Q_hybrid,43
4860,90,0.12962862313061888,0.7346724385887664,0.6555555555555556,0.5444444444444444,1132,42,Double_Q_hybrid,43
4950,90,-0.078965952446022,0.6923732643917897,0.6333333333333333,0.4111111111111111,1132,42,Double_Q_hybrid,43
5040,90,0.04012070312467885,0.7912166004305216,0.6555555555555556,0.4444444444444444,1132,42,Double_Q_hybrid,43
5130,90,-0.11636308902142607,0.7599056190723962,0.7333333333333333,0.28888888888888886,1132,42,Double_Q_hybrid,43
5220,90,0.19445659798049203,0.8141141482216248,0.5666666666666667,0.26666666666666666,1132,42,Double_Q_hybrid,43
5310,90,0.00661262280023934,0.78720722250055,0.7,0.4777777777777778,1132,42,Double_Q_hybrid,43
5400,90,-0.2407958007401052,0.7966115544249461,0.4777777777777778,0.5555555555555556,1132,42,Double_Q_hybrid,43
5490,90,0.3201576556389322,0.873726204646588,0.8555555555555555,0.18888888888888888,1132,42,Double_Q_hybrid,43
5580,90,0.10175948124571926,0.772096587247396,0.6222222222222222,0.2222222222222222,1132,42,Double_Q_hybrid,43
5670,90,0.0778342864107841,0.8664362795760263,0.4777777777777778,0.28888888888888886,1132,42,Double_Q_hybrid,43
5760,90,0.15488484586580317,0.7251458860595872,0.6,0.24444444444444444,1132,42,Double_Q_hybrid,43
5850,90,-0.08224628479345383,0.897806955141188,0.5222222222222223,0.5,1136,42,Double_Q_hybrid,43
5940,90,0.11550561378845757,0.6813319396468358,0.5666666666666667,0.43333333333333335,1136,42,Double_Q_hybrid,43
6030,90,0.12810508976153315,0.8335799588944599,0.7222222222222222,0.32222222222222224,1136,42,Double_Q_hybrid,43
6120,90,-0.03689466883128881,0.6520491022022962,0.6444444444444445,0.4,1136,42,Double_Q_hybrid,43
6210,90,0.03957102347972679,0.7803115407026068,0.6333333333333333,0.2777777777777778,1136,42,Double_Q_hybrid,43
6300,90,0.1596295232392837,0.7590211519302427,0.4888888888888889,0.37777777777777777,1136,42,Double_Q_hybrid,43
6390,90,0.12687981699933823,0.539435959375192,0.4888888888888889,0.3111111111111111,1136,42,Double_Q_hybrid,43
6480,90,-0.18086269583889017,0.7795555768585781,0.5333333333333333,0.4777777777777778,1136,42,Double_Q_hybrid,43
6570,90,-0.19680949269175632,0.8953915175245868,0.5222222222222223,0.28888888888888886,1136,42,Double_Q_hybrid,43
6660,90,0.06153351525381094,0.8191370931647237,0.5777777777777777,0.32222222222222224,1136,42,Double_Q_hybrid,43
6750,90,-0.006134822880846964,0.713907223988558,0.7666666666666667,0.23333333333333334,1136,42,Double_Q_hybrid,43
6840,90,-0.026979211942526157,0.6900684835781791,0.7777777777777778,0.2111111111111111,1136,42,Double_Q_hybrid,43
6930,90,0.22213656020939182,0.7318919573614251,0.6777777777777778,0.24444444444444444,1136,42,Double_Q_hybrid,43
7020,90,0.14916865271555196,0.8160317245560702,0.6,0.18888888888888888,1136,42,Double_Q_hybrid,43
7110,90,0.13027110454736027,0.6872413901286707,0.5666666666666667,0.34444444444444444,1136,42,Double_Q_hybrid,43
7200,90,0.13813019722695785,0.8474652991459359,0.7555555555555555,0.18888888888888888,1136,42,Double_Q_hybrid,43
7290,90,-0.0052075253915189095,1.1522569463620833,0.7555555555555555,0.26666666666666666,1136,42,Double_Q_hybrid,43
7380,90,0.07510274610708163,0.762408361058686,0.8,0.2111111111111111,1136,42,Double_Q_hybrid,43
7470,90,0.10077814385217429,0.835638522674082,0.7555555555555555,0.2,1136,42,Double_Q_hybrid,43
7560,90,0.004650432811406863,0.8971638062532178,0.6111111111111112,0.3888888888888889,1138,42,Double_Q_hybrid,43
7650,90,0.12480976452127801,0.7192601457222819,0.5444444444444444,0.2777777777777778,1138,42,Double_Q_hybrid,43
7740,90,0.2234788162524393,0.7169386929278494,0.6333333333333333,0.36666666666666664,1138,42,Double_Q_hybrid,43
7830,90,0.005934198288219797,0.861979883844505,0.7888888888888889,0.23333333333333334,1138,42,Double_Q_hybrid,43
7920,90,-0.0675727813578588,0.7574157539338928,0.6111111111111112,0.32222222222222224,1138,42,Double_Q_hybrid,43
8010,90,0.03735531125217866,0.8885198016979987,0.8111111111111111,0.34444444444444444,1138,42,Double_Q_hybrid,43
8100,90,0.10545184294336776,0.9118068772432845,0.7666666666666667,0.34444444444444444,1138,42,Double_Q_hybrid,43
8190,90,0.17265072511851404,0.7243018934358787,0.8777777777777778,0.23333333333333334,1138,42,Double_Q_hybrid,43
8280,90,0.025019813810919268,0.950402987577598,0.8444444444444444,0.23333333333333334,1138,42,Double_Q_hybrid,43
8370,90,-0.11198211390325424,0.7313658984295957,0.5222222222222223,0.32222222222222224,1138,42,Double_Q_hybrid,43
8460,90,0.06192838891314507,0.8868780486788607,0.6888888888888889,0.3,1138,42,Double_Q_hybrid,43
8550,90,0.21041633315690733,0.7862624711336393,0.6,0.34444444444444444,1138,42,Double_Q_hybrid,43
8640,90,0.141898471348875,0.9578539054193111,0.6777777777777778,0.32222222222222224,1138,42,Double_Q_hybrid,43
8730,90,0.002024046896899951,1.0391543542995874,0.7222222222222222,0.36666666666666664,1138,42,Double_Q_hybrid,43
8820,90,0.04747588299913165,1.0361661693607815,0.6444444444444445,0.28888888888888886,1138,42,Double_Q_hybrid,43
8910,90,-0.05284938703998138,0.7678618690512893,0.7555555555555555,0.3111111111111111,1138,42,Double_Q_hybrid,43
9000,90,0.20997671352375255,1.018642528918467,0.7333333333333333,0.25555555555555554,1138,42,Double_Q_hybrid,43
9090,90,-0.10010331781113851,0.7974619518664016,0.4888888888888889,0.32222222222222224,1138,42,Double_Q_hybrid,43
9180,90,-0.0907872870699736,0.8698580543252171,0.7666666666666667,0.26666666666666666,1138,42,Double_Q_hybrid,43
9270,90,-0.20004505071556938,0.7892549582638796,0.7333333333333333,0.26666666666666666,1138,42,Double_Q_hybrid,43
9360,90,0.1129194333161869,0.8328596497146035,0.6333333333333333,0.35555555555555557,1138,42,Double_Q_hybrid,43
9450,90,0.07471666934544235,0.9442045273324502,0.6222222222222222,0.4111111111111111,1138,42,Double_Q_hybrid,43
9540,90,0.05609215680558787,0.8417727092445559,0.8666666666666667,0.18888888888888888,1138,42,Double_Q_hybrid,43
9630,90,-0.0876046644376017,0.9112630244846011,0.5666666666666667,0.36666666666666664,1138,42,Double_Q_hybrid,43
9720,90,-0.06243005762078348,0.7856061703445534,0.4777777777777778,0.34444444444444444,1138,42,Double_Q_hybrid,43
9810,90,0.2784022958885826,0.9605458815030135,0.7444444444444445,0.25555555555555554,1138,42,Double_Q_hybrid,43
9900,90,0.06956706059810264,0.899482287176384,0.4666666666666667,0.23333333333333334,1138,42,Double_Q_hybrid,43
9990,90,0.1713334536021944,0.8405037733679148,0.6666666666666666,0.3888888888888889,1138,42,Double_Q_hybrid,43
10080,90,0.2034586795422796,0.9920447669884773,0.7777777777777778,0.35555555555555557,1138,42,Double_Q_hybrid,43
10170,90,-0.107117733842023,1.0439142912479513,0.6333333333333333,0.2777777777777778,1138,42,Double_Q_hybrid,43
10260,90,0.0723741533552792,0.9730823302672578,0.8555555555555555,0.16666666666666666,1138,42,Double_Q_hybrid,43
10350,90,0.2241639337615506,0.6346996261250961,0.6555555555555556,0.12222222222222222,1138,42,Double_Q_hybrid,43
10440,90,0.20004315831728303,0.816357067227381,0.7777777777777778,0.17777777777777778,1138,42,Double_Q_hybrid,43
10530,90,-0.026006893577696755,0.7607772162900482,0.5888888888888889,0.18888888888888888,1138,42,Double_Q_hybrid,43
10620,90,0.05216314858422118,1.0669668391466904,0.7555555555555555,0.25555555555555554,1138,42,Double_Q_hybrid,43
10710,90,-0.004064831215382426,0.7883815829098286,0.6444444444444445,0.2111111111111111,1138,42,Double_Q_hybrid,43
10800,90,0.18088588953923868,0.7246122228536649,0.8666666666666667,0.17777777777777778,1138,42,Double_Q_hybrid,43
10890,90,0.10455993027489437,0.7053883253498273,0.8111111111111111,0.16666666666666666,1138,42,Double_Q_hybrid,43
10980,90,0.08489113451346564,0.8461966683537334,0.7666666666666667,0.2777777777777778,1138,42,Double_Q_hybrid,43
11070,90,0.004716531528967538,1.005078180720219,0.9111111111111111,0.14444444444444443,1138,42,Double_Q_hybrid,43
11160,90,0.07046073697219682,0.5801594261782296,0.6555555555555556,0.28888888888888886,1138,42,Double_Q_hybrid,43
11250,90,-0.14323302431242313,1.0592808155883564,0.9,0.2111111111111111,1138,42,Double_Q_hybrid,43
11340,90,0.13033449355290982,0.6665740575531044,0.7222222222222222,0.16666666666666666,1138,42,Double_Q_hybrid,43
11430,90,0.1815356600456654,0.9293627775799488,0.6555555555555556,0.4222222222222222,1138,42,Double_Q_hybrid,43
11520,90,0.010228126271287056,0.7816265582542313,0.8444444444444444,0.2111111111111111,1138,42,Double_Q_hybrid,43
11610,90,0.06382805748362791,0.9808843424249151,0.8,0.2777777777777778,1138,42,Double_Q_hybrid,43
11700,90,0.13618037417689327,1.0632205674293416,0.8,0.25555555555555554,1138,42,Double_Q_hybrid,43
11790,90,-0.06816078285789261,0.6505518026639635,0.4666666666666667,0.43333333333333335,1138,42,Double_Q_hybrid,43
11880,90,0.030523422496374887,0.9338161512415886,0.6111111111111112,0.4111111111111111,1138,42,Double_Q_hybrid,43
11970,90,0.07580173629806097,1.042012414162514,0.5111111111111111,0.5,1138,42,Double_Q_hybrid,43
12060,90,0.05982579367507912,0.7320930701346675,0.8111111111111111,0.25555555555555554,1138,42,Double_Q_hybrid,43
12150,90,0.1059696006230622,0.978087569778201,0.6111111111111112,0.5222222222222223,1138,42,Double_Q_hybrid,43
12240,90,-0.012648306439865507,0.5147276600593492,0.35555555555555557,0.43333333333333335,1138,42,Double_Q_hybrid,43
12330,90,0.14661386237871657,0.6477799056000788,0.7666666666666667,0.16666666666666666,1138,42,Double_Q_hybrid,43
12420,90,0.16312778049034787,0.6989581585164593,0.7555555555555555,0.25555555555555554,1138,42,Double_Q_hybrid,43
12510,90,-0.0615044963537597,0.9009833704805023,0.5111111111111111,0.45555555555555555,1138,42,Double_Q_hybrid,43
12600,90,-0.008504927486101425,1.0818342431174577,0.5333333333333333,0.5111111111111111,1138,42,Double_Q_hybrid,43
12690,90,0.30554420021953305,0.9152891549129748,0.7888888888888889,0.18888888888888888,1138,42,Double_Q_hybrid,43
12780,90,0.07608162906661325,0.776825192965594,0.7555555555555555,0.3888888888888889,1138,42,Double_Q_hybrid,43
12870,90,0.04638159568027446,0.8120609077554395,0.8444444444444444,0.23333333333333334,1138,42,Double_Q_hybrid,43
12960,90,-0.01687215949424385,1.0460101081771518,0.5777777777777777,0.4888888888888889,1138,42,Double_Q_hybrid,43
13050,90,0.03263010789095798,0.8342704795541386,0.6444444444444445,0.36666666666666664,1138,42,Double_Q_hybrid,43
13140,90,0.022528752882455504,0.7029886966240658,0.6111111111111112,0.43333333333333335,1138,42,Double_Q_hybrid,43
13230,90,0.23143323313930714,0.7213990832892683,0.6888888888888889,0.37777777777777777,1138,42,Double_Q_hybrid,43
13320,90,-0.1570536667555721,0.8736260795709421,0.6111111111111112,0.3333333333333333,1138,42,Double_Q_hybrid,43
13410,90,0.10301470115308221,0.7132233793359197,0.6222222222222222,0.4444444444444444,1138,42,Double_Q_hybrid,43
13500,90,0.1544007443993537,0.8181641997888106,0.6666666666666666,0.4777777777777778,1138,42,Double_Q_hybrid,43
13590,90,0.13821787990721882,0.7181127140502329,0.6555555555555556,0.26666666666666666,1138,42,Double_Q_hybrid,43
13680,90,0.06123731653669437,0.765194899589672,0.6,0.45555555555555555,1138,42,Double_Q_hybrid,43
13770,90,-0.036399399949529045,0.9838723966942688,0.6111111111111112,0.4111111111111111,1138,42,Double_Q_hybrid,43
13860,90,0.0047820529730375665,0.7463572899024608,0.8444444444444444,0.23333333333333334,1138,42,Double_Q_hybrid,43
13950,90,0.09178880623204302,0.7794555697171863,0.7222222222222222,0.45555555555555555,1138,42,Double_Q_hybrid,43
14040,90,-0.008378269804248465,0.8153955014376172,0.5888888888888889,0.25555555555555554,1138,42,Double_Q_hybrid,43
14130,90,0.05830685401164009,0.7972232994265255,0.8222222222222222,0.23333333333333334,1138,42,Double_Q_hybrid,43
14220,90,0.18904304725508222,0.7549450329119036,0.7333333333333333,0.24444444444444444,1138,42,Double_Q_hybrid,43
14310,90,0.07409193990677251,0.7862689468866406,0.8111111111111111,0.2111111111111111,1138,42,Double_Q_hybrid,43
14400,90,0.0032537218494991848,0.5999871206507041,0.5333333333333333,0.24444444444444444,1138,42,Double_Q_hybrid,43
14490,90,0.12414166846430097,1.1094598127981194,0.6,0.4222222222222222,1138,42,Double_Q_hybrid,43
14580,90,0.180506668423816,0.654006213753787,0.8777777777777778,0.13333333333333333,1138,42,Double_Q_hybrid,43
14670,90,-0.07391469008910409,0.7968324960914329,0.7888888888888889,0.24444444444444444,1138,42,Double_Q_hybrid,43
14760,90,0.2544094449267566,0.7078353221716258,0.7888888888888889,0.14444444444444443,1138,42,Double_Q_hybrid,43
14850,90,0.04951117266265452,0.7231096778079652,0.7444444444444445,0.32222222222222224,1138,42,Double_Q_hybrid,43
14940,90,0.0517942931230647,0.9043255325649066,0.5,0.4,1138,42,Double_Q_hybrid,43
15030,90,0.01644024937872123,0.7753826466079539,0.8444444444444444,0.18888888888888888,1138,42,Double_Q_hybrid,43
15120,90,0.20976719912585265,0.7076534112731725,0.7777777777777778,0.23333333333333334,1138,42,Double_Q_hybrid,43
15210,90,0.07831133192908225,0.7158276525255426,0.6444444444444445,0.4888888888888889,1138,42,Double_Q_hybrid,43
15300,90,0.00714767703759543,0.7994450352019391,0.7222222222222222,0.4111111111111111,1138,42,Double_Q_hybrid,43
15390,90,0.14608877591798047,0.6462540855594123,0.8333333333333334,0.14444444444444443,1138,42,Double_Q_hybrid,43
15480,90,0.17859792906412003,0.7486156985680874,0.7888888888888889,0.25555555555555554,1138,42,Double_Q_hybrid,43
15570,90,0.13342375200251994,0.6403402655037613,0.7444444444444445,0.3111111111111111,1138,42,Double_Q_hybrid,43
15660,90,0.04929628207578564,0.9308477880351786,0.7,0.2777777777777778,1138,42,Double_Q_hybrid,43
15750,90,0.11460789843565529,0.5926132607232714,0.37777777777777777,0.43333333333333335,1138,42,Double_Q_hybrid,43
15840,90,0.1214253934073898,0.737309484534496,0.7777777777777778,0.32222222222222224,1138,42,Double_Q_hybrid,43
15930,90,-0.0492579246270553,0.78821239132231,0.6333333333333333,0.26666666666666666,1138,42,Double_Q_hybrid,43
16020,90,-0.023819092876444615,0.6311810047392751,0.7666666666666667,0.16666666666666666,1138,42,Double_Q_hybrid,43
16110,90,0.13556938080818345,0.7764962149661503,0.5111111111111111,0.43333333333333335,1138,42,Double_Q_hybrid,43
16200,90,-0.07092893850203912,0.8243915007412886,0.7777777777777778,0.2777777777777778,1138,42,Double_Q_hybrid,43
16290,90,-0.13127324309690633,0.6673400553979144,0.6222222222222222,0.3111111111111111,1141,42,Double_Q_hybrid,43
16380,90,0.05241016905004445,0.8480064802640073,0.6777777777777778,0.37777777777777777,1141,42,Double_Q_hybrid,43
16470,90,0.10919108049849975,0.8403465561252604,0.8666666666666667,0.15555555555555556,1141,42,Double_Q_hybrid,43
16560,90,0.02714867417172013,0.767834061773411,0.7888888888888889,0.24444444444444444,1141,42,Double_Q_hybrid,43
16650,90,0.11573253072634136,0.9588309405830726,0.5555555555555556,0.45555555555555555,1141,42,Double_Q_hybrid,43
16740,90,0.03864516686266696,0.8581163919676328,0.8,0.32222222222222224,1141,42,Double_Q_hybrid,43
16830,90,0.01489082081187021,0.996835818883909,0.5555555555555556,0.4111111111111111,1141,42,Double_Q_hybrid,43
16920,90,-0.18766523640021826,0.5748158861357138,0.45555555555555555,0.4222222222222222,1141,42,Double_Q_hybrid,43
17010,90,0.00025462345324803924,0.8516755912832319,0.5666666666666667,0.4777777777777778,1141,42,Double_Q_hybrid,43
17100,90,0.04510666731670334,0.7171555488499676,0.6777777777777778,0.4666666666666667,1141,42,Double_Q_hybrid,43
17190,90,0.1702200086125121,0.6645952897988457,0.7111111111111111,0.18888888888888888,1141,42,Double_Q_hybrid,43
17280,90,0.07354638100453077,0.6955849614605826,0.7555555555555555,0.36666666666666664,1141,42,Double_Q_hybrid,43
17370,90,0.08178801063751019,0.795552329757743,0.8111111111111111,0.23333333333333334,1141,42,Double_Q_hybrid,43
17460,90,0.07464557872769981,0.6864219391064772,0.7222222222222222,0.36666666666666664,1141,42,Double_Q_hybrid,43
17550,90,-0.1425660199444074,0.6114024921742142,0.5222222222222223,0.4,1141,42,Double_Q_hybrid,43
17640,90,0.1663444466919019,0.9849488255789722,0.7444444444444445,0.23333333333333334,1141,42,Double_Q_hybrid,43
17730,90,-0.04657784806220851,0.6459390705664179,0.7555555555555555,0.2,1141,42,Double_Q_hybrid,43
17820,90,0.03370456810860113,0.8054865303488208,0.8,0.3,1141,42,Double_Q_hybrid,43
17910,90,0.15476318171798753,1.010919465139372,0.7777777777777778,0.23333333333333334,1141,42,Double_Q_hybrid,43
18000,90,-0.015663658222371767,0.8075367429154481,0.8555555555555555,0.18888888888888888,1141,42,Double_Q_hybrid,43
18090,90,0.02435720211787317,0.8195589593527731,0.8555555555555555,0.16666666666666666,1141,42,Double_Q_hybrid,43
18180,90,0.22565314142372297,0.8636866006648998,0.6222222222222222,0.4111111111111111,1141,42,Double_Q_hybrid,43
18270,90,0.05099146910956323,0.6408086426839046,0.6777777777777778,0.4222222222222222,1141,42,Double_Q_hybrid,43
18360,90,-0.1040599439941477,0.7508068621736748,0.8111111111111111,0.17777777777777778,1141,42,Double_Q_hybrid,43
18450,90,-0.031518650680062495,1.0009098956247418,0.6666666666666666,0.3888888888888889,1141,42,Double_Q_hybrid,43
18540,90,0.08715926329963433,0.6770788797854524,0.5777777777777777,0.26666666666666666,1141,42,Double_Q_hybrid,43
18630,90,-0.10673780277724908,0.5977931206889997,0.6222222222222222,0.24444444444444444,1142,42,Double_Q_hybrid,43
18720,90,0.32212191592326156,0.7899485900384641,0.8666666666666667,0.2111111111111111,1142,42,Double_Q_hybrid,43
18810,90,0.11195178878763996,0.673160929487393,0.7,0.3,1142,42,Double_Q_hybrid,43
18900,90,0.10423123604280021,0.7255839629192652,0.7111111111111111,0.32222222222222224,1142,42,Double_Q_hybrid,43
18990,90,0.09604722472625947,0.6955853620169603,0.7111111111111111,0.3888888888888889,1142,42,Double_Q_hybrid,43
19080,90,0.24425035813078225,0.6695126453578122,0.5444444444444444,0.36666666666666664,1142,42,Double_Q_hybrid,43
19170,90,0.01185232070820333,0.8832331502098257,0.5111111111111111,0.45555555555555555,1142,42,Double_Q_hybrid,43
19260,90,-0.06943923838991274,0.9468871592375127,0.6555555555555556,0.36666666666666664,1142,42,Double_Q_hybrid,43
19350,90,0.010475169872642624,0.6923471321736699,0.5666666666666667,0.3888888888888889,1142,42,Double_Q_hybrid,43
19440,90,0.14952420661666754,0.613522064080896,0.5222222222222223,0.3333333333333333,1142,42,Double_Q_hybrid,43
19530,90,0.012948740467959047,0.703549345781972,0.5444444444444444,0.37777777777777777,1142,42,Double_Q_hybrid,43
19620,90,0.025803696861508785,0.7186416894768961,0.6888888888888889,0.34444444444444444,1142,42,Double_Q_hybrid,43
19710,90,0.07540113739750917,0.585575514341662,0.6333333333333333,0.34444444444444444,1142,42,Double_Q_hybrid,43
19800,90,0.09104505213143801,0.6556899594174623,0.5333333333333333,0.34444444444444444,1142,42,Double_Q_hybrid,43
19890,90,-0.003056957175212513,0.7281758346427047,0.6111111111111112,0.4666666666666667,1142,42,Double_Q_hybrid,43
19980,90,0.010087515197704705,0.9272315746628587,0.6111111111111112,0.4111111111111111,1142,42,Double_Q_hybrid,43
20070,90,0.09518275155353277,1.0101532899558396,0.5666666666666667,0.3888888888888889,1142,42,Double_Q_hybrid,43
20160,90,0.15771255164460993,0.7378134439485535,0.6,0.36666666666666664,1142,42,Double_Q_hybrid,43
20250,90,0.20819099454581705,0.7996583975516769,0.8444444444444444,0.25555555555555554,1142,42,Double_Q_hybrid,43
20340,90,-0.004409726649748805,0.6192393245147652,0.6888888888888889,0.45555555555555555,1142,42,Double_Q_hybrid,43
20430,90,0.10879882594478409,0.6949266654327945,0.6,0.4111111111111111,1142,42,Double_Q_hybrid,43
20520,90,0.10166000293990095,0.756513039998209,0.6777777777777778,0.34444444444444444,1142,42,Double_Q_hybrid,43
20610,90,0.1194986753100217,0.8024716996028383,0.7,0.32222222222222224,1142,42,Double_Q_hybrid,43
20700,90,-0.006165386996125571,0.7585027352919598,0.8,0.2,1142,42,Double_Q_hybrid,43
20790,90,-0.052668589773690606,0.587204101256951,0.4222222222222222,0.4444444444444444,1142,42,Double_Q_hybrid,43
20880,90,0.08507668817516428,0.9864668859874142,0.5,0.43333333333333335,1142,42,Double_Q_hybrid,43
20970,90,0.03968407644921645,0.6915256283196531,0.7444444444444445,0.2777777777777778,1142,42,Double_Q_hybrid,43
21060,90,0.02500215601714496,0.6660671770868644,0.5666666666666667,0.36666666666666664,1142,42,Double_Q_hybrid,43
21150,90,0.11188752197730416,0.6554789772645534,0.6444444444444445,0.26666666666666666,1142,42,Double_Q_hybrid,43
21240,90,0.11126223897514903,1.0461079386436212,0.6222222222222222,0.36666666666666664,1142,42,Double_Q_hybrid,43
21330,90,0.3945986367229457,0.8582014470462225,0.8777777777777778,0.18888888888888888,1142,42,Double_Q_hybrid,43
21420,90,-0.05875586938329187,0.6455352951415232,0.4666666666666667,0.3333333333333333,1142,42,Double_Q_hybrid,43
21510,90,-0.015445955299275189,0.5812194500426381,0.5222222222222223,0.3333333333333333,1142,42,Double_Q_hybrid,43
21600,90,0.0650983886717301,0.5943451407219478,0.6222222222222222,0.45555555555555555,1142,42,Double_Q_hybrid,43
21690,90,-0.007530451160026863,0.7449838050682047,0.7888888888888889,0.34444444444444444,1142,42,Double_Q_hybrid,43
21780,90,0.3417626525191315,0.825827921226325,0.8777777777777778,0.2111111111111111,1142,42,Double_Q_hybrid,43
21870,90,0.13502655054740798,0.7251759260809454,0.6888888888888889,0.2777777777777778,1142,42,Double_Q_hybrid,43
21960,90,0.11085721096479163,0.7792211412010771,0.7222222222222222,0.2111111111111111,1142,42,Double_Q_hybrid,43
22050,90,0.08108774291497983,0.8030501794432606,0.5555555555555556,0.4222222222222222,1142,42,Double_Q_hybrid,43
22140,90,0.1044781200425616,0.7062897605829804,0.5666666666666667,0.3888888888888889,1142,42,Double_Q_hybrid,43
22230,90,-0.021329430103429282,0.7352085606641365,0.8222222222222222,0.15555555555555556,1142,42,Double_Q_hybrid,43
22320,90,0.09176079614816596,0.6826573479461838,0.6333333333333333,0.45555555555555555,1142,42,Double_Q_hybrid,43
22410,90,0.2869426514364121,0.8045929227691644,0.8666666666666667,0.23333333333333334,1142,42,Double_Q_hybrid,43
22500,90,0.13211144042286618,0.5715452704326615,0.7777777777777778,0.2222222222222222,1142,42,Double_Q_hybrid,43
22590,90,0.11407568342628752,0.8055492372840543,0.7111111111111111,0.28888888888888886,1142,42,Double_Q_hybrid,43
22680,90,0.3009420842823657,0.7660811556727921,0.8111111111111111,0.25555555555555554,1142,42,Double_Q_hybrid,43
22770,90,-0.06548797399860956,0.6554517799806083,0.5222222222222223,0.34444444444444444,1142,42,Double_Q_hybrid,43
22860,90,0.15452292795500092,0.8226550066493491,0.7333333333333333,0.24444444444444444,1142,42,Double_Q_hybrid,43
22950,90,0.159735623247381,0.7431559162146799,0.6222222222222222,0.34444444444444444,1142,42,Double_Q_hybrid,43
23040,90,0.06399672681615975,0.8088883830878351,0.4777777777777778,0.4444444444444444,1142,42,Double_Q_hybrid,43
23130,90,0.03504842421268432,0.6062571999789084,0.5666666666666667,0.43333333333333335,1142,42,Double_Q_hybrid,43
23220,90,-0.1255208298553835,0.632676986873722,0.4111111111111111,0.35555555555555557,1142,42,Double_Q_hybrid,43
23310,90,0.11587388780567814,0.7978346757007736,0.7,0.35555555555555557,1142,42,Double_Q_hybrid,43
23400,90,0.0031098980032886335,0.7071075004507423,0.6444444444444445,0.3888888888888889,1142,42,Double_Q_hybrid,43
23490,90,0.0666654134202147,0.805801549123917,0.5888888888888889,0.4111111111111111,1142,42,Double_Q_hybrid,43
23580,90,0.006064367317233597,0.6862523418059022,0.6,0.43333333333333335,1142,42,Double_Q_hybrid,43
23670,90,0.02531527432596064,0.9326893244366397,0.5,0.5444444444444444,1142,42,Double_Q_hybrid,43
23760,90,0.10239079718748276,0.825200300616717,0.7555555555555555,0.23333333333333334,1142,42,Double_Q_hybrid,43
23850,90,0.16032622043953046,0.6846774923374094,0.5444444444444444,0.4,1142,42,Double_Q_hybrid,43
23940,90,-0.07222117961879551,0.6061375237321966,0.36666666666666664,0.35555555555555557,1142,42,Double_Q_hybrid,43
24000,60,-0.08094182034931173,1.2189472133149237,0.6166666666666667,0.45,1142,42,Double_Q_hybrid,43
21,21,0.006869169051837833,0.300891686553112,0.3333333333333333,0.38095238095238093,21,10,Double_Q_curriculum,7
42,21,-0.08510514869023152,0.3009897734002132,0.2857142857142857,0.2857142857142857,42,11,Double_Q_curriculum,7
63,21,0.4605781675702874,0.6619543841302917,0.6190476190476191,0.2857142857142857,63,20,Double_Q_curriculum,7
84,21,0.28592777012174503,0.42907181410674916,0.5238095238095238,0.3333333333333333,84,22,Double_Q_curriculum,7
105,21,-0.06219142740426013,0.5113141034516221,0.42857142857142855,0.7619047619047619,105,22,Double_Q_curriculum,7
126,21,0.5288784955291144,0.5954075965781842,0.5238095238095238,0.14285714285714285,106,23,Double_Q_curriculum,7
147,21,-0.08092391496270142,0.4302936907591522,0.6190476190476191,0.14285714285714285,127,26,Double_Q_curriculum,7
168,21,-0.016226281535220616,0.43465684918479996,0.5714285714285714,0.2857142857142857,148,28,Double_Q_curriculum,7
189,21,-0.07612113546026016,0.4076152044690179,0.47619047619047616,0.23809523809523808,169,30,Double_Q_curriculum,7
210,21,0.8609386441293122,1.6965069924586433,0.9047619047619048,0.19047619047619047,190,30,Double_Q_curriculum,7
231,21,-0.14589207297230294,0.17023664852144224,0.09523809523809523,0.14285714285714285,195,30,Double_Q_curriculum,7
252,21,0.005976754615122413,0.46561887948091313,0.2857142857142857,0.09523809523809523,216,30,Double_Q_curriculum,7
273,21,0.1402087240023382,1.044484997020119,0.8571428571428571,0.09523809523809523,237,30,Double_Q_curriculum,7
294,21,-0.3579673017307981,0.3984189158980741,0.23809523809523808,0.19047619047619047,250,31,Double_Q_curriculum,7
315,21,0.047293066980240286,1.3745288922769598,0.8571428571428571,0.23809523809523808,271,31,Double_Q_curriculum,7
336,21,0.18377334605842013,1.2523510029792624,0.5714285714285714,0.3333333333333333,292,31,Double_Q_curriculum,7
357,21,0.19968722263468056,1.4039462671835752,0.5714285714285714,0.42857142857142855,307,33,Double_Q_curriculum,7
378,21,-0.03505075834124776,0.293025079419943,0.14285714285714285,0.19047619047619047,317,33,Double_Q_curriculum,7
399,21,-0.0251246026029774,0.022864961110087227,0.047619047619047616,0.09523809523809523,338,33,Double_Q_curriculum,7
420,21,-0.0787063154499297,0.8378189699984135,0.47619047619047616,0.19047619047619047,359,34,Double_Q_curriculum,7
441,21,-0.02585114409566016,0.04616317252348539,0.047619047619047616,0.09523809523809523,380,35,Double_Q_curriculum,7
462,21,-0.08721633012424863,0.07687055885684577,0.09523809523809523,0.19047619047619047,392,35,Double_Q_curriculum,7
483,21,-0.06760948491649635,0.26441266000772423,0.14285714285714285,0.2857142857142857,413,36,Double_Q_curriculum,7
504,21,0.026698587779564537,0.8083530585666443,0.5714285714285714,0.3333333333333333,415,37,Double_Q_curriculum,7
525,21,0.14324470302531084,1.3775250239982262,0.9047619047619048,0.09523809523809523,436,37,Double_Q_curriculum,7
546,21,0.02431865326234184,0.04529388143209616,0.047619047619047616,0.09523809523809523,457,37,Double_Q_curriculum,7
567,21,-0.0805666878312717,0.8478372624851059,0.47619047619047616,0.38095238095238093,458,37,Double_Q_curriculum,7
588,21,0.11715358853864197,0.17268322596924618,0.14285714285714285,0.23809523809523808,467,37,Double_Q_curriculum,7
609,21,-0.061444690734942575,0.1929476880187185,0.19047619047619047,0.2857142857142857,468,37,Double_Q_curriculum,7
630,21,-0.1423637630607461,0.3420002930385302,0.3333333333333333,0.3333333333333333,484,39,Double_Q_curriculum,7
651,21,-0.12249796568015611,0.17134138218318526,0.047619047619047616,0.09523809523809523,505,39,Double_Q_curriculum,7
672,21,-0.4276688816623893,1.0975238222391992,1.0,0.047619047619047616,506,39,Double_Q_curriculum,7
693,21,-0.402259724234897,0.583537368009281,0.14285714285714285,0.2857142857142857,508,39,Double_Q_curriculum,7
714,21,0.167646075014992,0.4272116259719041,0.2857142857142857,0.3333333333333333,508,39,Double_Q_curriculum,7
735,21,0.08316298616934878,0.24946615363533786,0.19047619047619047,0.38095238095238093,524,39,Double_Q_curriculum,7
756,21,0.09464346246446396,0.20208907793776051,0.14285714285714285,0.19047619047619047,545,39,Double_Q_curriculum,7
777,21,0.08371464471690471,0.5088074845781885,0.38095238095238093,0.19047619047619047,553,39,Double_Q_curriculum,7
798,21,0.047270190442378596,0.41661728444526264,0.19047619047619047,0.2857142857142857,553,39,Double_Q_curriculum,7
819,21,-0.006826804170039507,0.26497415490880927,0.3333333333333333,0.6190476190476191,574,39,Double_Q_curriculum,7
840,21,-0.010935065991406706,0.12759159038851806,0.09523809523809523,0.19047619047619047,574,39,Double_Q_curriculum,7
861,21,-0.08286734561078465,0.5455966301159594,0.3333333333333333,0.3333333333333333,595,39,Double_Q_curriculum,7
882,21,0.1683572983969333,0.4454955183259618,0.38095238095238093,0.3333333333333333,597,39,Double_Q_curriculum,7
903,21,-0.14132650315983447,0.6982110047269254,0.5238095238095238,0.8095238095238095,597,39,Double_Q_curriculum,7
924,21,0.05806881721519332,0.9059717596387669,0.7142857142857143,0.3333333333333333,600,39,Double_Q_curriculum,7
945,21,-0.09436946403936625,0.11833078322698846,0.047619047619047616,0.09523809523809523,600,39,Double_Q_curriculum,7
966,21,0.006529389393754496,0.48059921333858024,0.42857142857142855,0.42857142857142855,615,39,Double_Q_curriculum,7
987,21,-0.1985502236206127,0.6097181548768171,0.6666666666666666,0.5714285714285714,615,39,Double_Q_curriculum,7
1008,21,0.018552727216373046,0.14596592828310412,0.09523809523809523,0.19047619047619047,619,39,Double_Q_curriculum,7
1029,21,-0.2643705083324863,0.41259448868563386,0.19047619047619047,0.23809523809523808,629,39,Double_Q_curriculum,7
1050,21,-0.002633706698921478,0.6156423657997644,0.7142857142857143,0.6190476190476191,640,39,Double_Q_curriculum,7
1071,21,-0.1700399281683815,0.17573234186545333,0.19047619047619047,0.19047619047619047,640,39,Double_Q_curriculum,7
1092,21,-0.20942228000836735,0.37562297782773,0.2857142857142857,0.5714285714285714,641,39,Double_Q_curriculum,7
1113,21,0.03784916288804552,0.42408790858286527,0.47619047619047616,0.2857142857142857,649,39,Double_Q_curriculum,7
1134,21,-0.03016571193817204,0.6629828875691455,0.7619047619047619,0.42857142857142855,656,39,Double_Q_curriculum,7
1155,21,-0.059194478106739355,0.2444347845392898,0.19047619047619047,0.3333333333333333,663,39,Double_Q_curriculum,7
1176,21,0.07048599041555083,0.5636098806081702,0.5714285714285714,0.3333333333333333,664,39,Double_Q_curriculum,7
1197,21,0.061074641995989436,1.0591026930148046,1.0,0.047619047619047616,673,39,Double_Q_curriculum,7
1218,21,-0.0923345311069738,0.24678744546818282,0.09523809523809523,0.19047619047619047,694,39,Double_Q_curriculum,7
1239,21,0.07222041625643147,1.3006862614777563,0.9047619047619048,0.23809523809523808,712,39,Double_Q_curriculum,7
1260,21,-0.1615747923288876,0.9047331989228152,0.5714285714285714,0.3333333333333333,729,39,Double_Q_curriculum,7
1281,21,0.13685739037459219,0.493457402621223,0.19047619047619047,0.19047619047619047,731,39,Double_Q_curriculum,7
1302,21,0.022167794969210845,0.2978418836421853,0.23809523809523808,0.47619047619047616,731,39,Double_Q_curriculum,7
1323,21,0.06689834738560597,0.22395002380952306,0.19047619047619047,0.19047619047619047,752,39,Double_Q_curriculum,7
1344,21,-0.24199125669111768,0.506749447872613,0.5238095238095238,0.23809523809523808,758,39,Double_Q_curriculum,7
1365,21,0.09240874460720538,1.6070902622817274,0.9523809523809523,0.14285714285714285,765,39,Double_Q_curriculum,7
1386,21,0.055559811143902384,0.6155628579985511,0.38095238095238093,0.7619047619047619,765,39,Double_Q_curriculum,7
1407,21,0.1716569131286579,1.2682026778754611,0.9047619047619048,0.19047619047619047,765,39,Double_Q_curriculum,7
1428,21,-0.040199842568550886,0.14465803961404283,0.09523809523809523,0.19047619047619047,765,39,Double_Q_curriculum,7
1449,21,0.02388228106997991,0.3099683031484511,0.5238095238095238,0.23809523809523808,771,39,Double_Q_curriculum,7
1470,21,-0.15278423460999818,0.5879452928065392,0.6666666666666666,0.7142857142857143,783,39,Double_Q_curriculum,7
1491,21,0.012189239560758383,0.31882888794218156,0.42857142857142855,0.42857142857142855,791,39,Double_Q_curriculum,7
1512,21,0.30817969696651265,0.38787020696949753,0.23809523809523808,0.14285714285714285,792,39,Double_Q_curriculum,7
1533,21,-0.18391636185095506,0.813061110041429,0.6666666666666666,0.047619047619047616,802,39,Double_Q_curriculum,7
1554,21,0.23553012472720983,0.5318154055262425,0.47619047619047616,0.47619047619047616,817,39,Double_Q_curriculum,7
1575,21,0.19880485494627434,0.3480538273204551,0.14285714285714285,0.14285714285714285,817,39,Double_Q_curriculum,7
1596,21,-0.025738931875614702,0.3143617907888751,0.38095238095238093,0.5714285714285714,824,39,Double_Q_curriculum,7
1617,21,-0.06892888632586709,0.5950575894869675,0.38095238095238093,0.3333333333333333,824,39,Double_Q_curriculum,7
1638,21,-0.07053598015925865,0.12653085184630658,0.14285714285714285,0.2857142857142857,829,39,Double_Q_curriculum,7
1659,21,0.20436877678398227,1.0679060156871056,0.8095238095238095,0.14285714285714285,829,39,Double_Q_curriculum,7
1680,21,0.115775479890156,0.6075498667583437,0.6666666666666666,0.38095238095238093,829,39,Double_Q_curriculum,7
1701,21,-0.13085176971302745,0.40688273580160533,0.42857142857142855,0.7142857142857143,839,39,Double_Q_curriculum,7
1722,21,-0.1976417434830054,1.4899648808418764,0.8571428571428571,0.2857142857142857,848,39,Double_Q_curriculum,7
1743,21,-0.07126713279908747,1.1667725315850785,0.5238095238095238,0.9047619047619048,848,39,Double_Q_curriculum,7
1764,21,0.23045996812474917,0.37836010154190997,0.3333333333333333,0.47619047619047616,866,39,Double_Q_curriculum,7
1785,21,0.7781758851353366,1.3289200480991188,0.5714285714285714,0.5714285714285714,866,40,Double_Q_curriculum,7
1806,21,-0.29115008914477747,0.8731099529891859,0.5238095238095238,0.47619047619047616,883,40,Double_Q_curriculum,7
1827,21,-0.16186638700389233,0.5862064316056317,0.5238095238095238,0.23809523809523808,883,40,Double_Q_curriculum,7
1848,21,0.035908075674706254,0.41921328093870114,0.3333333333333333,0.3333333333333333,886,40,Double_Q_curriculum,7
1869,21,-0.2742557198411828,0.9631896529536819,0.9047619047619048,0.14285714285714285,899,40,Double_Q_curriculum,7
1890,21,0.5401095697830048,0.8877439937856008,0.47619047619047616,0.47619047619047616,908,40,Double_Q_curriculum,7
1911,21,-0.2503915999681771,0.4535589483922088,0.3333333333333333,0.23809523809523808,908,40,Double_Q_curriculum,7
1932,21,0.05993716046762332,1.1860295040570592,0.42857142857142855,0.7619047619047619,916,40,Double_Q_curriculum,7
1953,21,-0.02398093226160853,0.4311790900578587,0.38095238095238093,0.7619047619047619,916,40,Double_Q_curriculum,7
1974,21,-0.2324984735639095,0.5455020911547503,0.3333333333333333,0.3333333333333333,916,40,Double_Q_curriculum,7
1995,21,-0.014876642768436567,0.15780078594884428,0.047619047619047616,0.09523809523809523,916,40,Double_Q_curriculum,7
2016,21,-0.09493531231285816,0.2554209311739881,0.09523809523809523,0.19047619047619047,916,40,Double_Q_curriculum,7
2037,21,-0.009969035678795448,0.1966907830576407,0.09523809523809523,0.14285714285714285,922,40,Double_Q_curriculum,7
2058,21,-0.10424069703245689,0.6580696022351017,0.5714285714285714,0.7142857142857143,928,40,Double_Q_curriculum,7
2079,21,-0.5113561432557008,1.0610617518840675,0.47619047619047616,0.9523809523809523,937,40,Double_Q_curriculum,7
2100,21,0.0719480104338728,0.21860158026716175,0.19047619047619047,0.3333333333333333,937,40,Double_Q_curriculum,7
2121,21,0.0997527069988364,0.49514827402676365,0.19047619047619047,0.3333333333333333,937,40,Double_Q_curriculum,7
2142,21,0.05374446292170179,0.43671589114810144,0.38095238095238093,0.5714285714285714,937,40,Double_Q_curriculum,7
2163,21,-0.5817708765486219,0.9960070362513229,0.5238095238095238,0.8571428571428571,950,40,Double_Q_curriculum,7
2184,21,-0.10964308740553554,0.9086170320287786,0.8095238095238095,0.3333333333333333,967,40,Double_Q_curriculum,7
2205,21,-0.07794281318225921,0.5321763161403679,0.3333333333333333,0.6190476190476191,967,40,Double_Q_curriculum,7
2226,21,0.3455580947920683,0.9039800229991783,0.6666666666666666,0.6190476190476191,967,40,Double_Q_curriculum,7
2247,21,0.00659246807822204,0.3771211695560527,0.2857142857142857,0.38095238095238093,979,40,Double_Q_curriculum,7
2268,21,0.0759045441989479,0.3122014882791455,0.5714285714285714,0.47619047619047616,979,40,Double_Q_curriculum,7
2289,21,-0.13876541720353913,0.8537510033437685,0.5714285714285714,0.8095238095238095,979,40,Double_Q_curriculum,7
2310,21,-0.10043906984495796,0.5993936092850211,0.5714285714285714,0.2857142857142857,979,40,Double_Q_curriculum,7
2331,21,0.1801535161589123,0.5052612451099928,0.47619047619047616,0.8095238095238095,985,40,Double_Q_curriculum,7
2352,21,0.01319397314291594,0.20493919535646127,0.19047619047619047,0.2857142857142857,985,40,Double_Q_curriculum,7
2373,21,-0.050480147824113634,0.8897306238364435,0.5714285714285714,0.38095238095238093,998,40,Double_Q_curriculum,7
2394,21,-0.1685286383646242,1.2345207248984906,0.6190476190476191,0.6190476190476191,998,40,Double_Q_curriculum,7
2415,21,0.083896558729584,0.45334563911908726,0.47619047619047616,0.09523809523809523,998,40,Double_Q_curriculum,7
2436,21,0.45193794379584884,0.7221922691385014,0.6190476190476191,0.38095238095238093,998,40,Double_Q_curriculum,7
2457,21,-0.24245253164281472,0.8341409097628081,0.2857142857142857,0.23809523809523808,1005,40,Double_Q_curriculum,7
2478,21,0.019451574972904978,0.3238914885860134,0.2857142857142857,0.47619047619047616,1005,41,Double_Q_curriculum,7
2499,21,-0.06679667388892177,0.16952410626316117,0.14285714285714285,0.2857142857142857,1015,41,Double_Q_curriculum,7
2520,21,0.2093177513059482,1.8103784101585148,0.6666666666666666,0.6666666666666666,1018,41,Double_Q_curriculum,7
2541,21,-0.0751583193374026,0.4295906449520701,0.23809523809523808,0.47619047619047616,1021,41,Double_Q_curriculum,7
2562,21,0.4695533777910755,1.3073726070903118,0.5238095238095238,0.8095238095238095,1021,41,Double_Q_curriculum,7
2583,21,-0.17528174490262857,0.8586040101172805,0.5714285714285714,0.9047619047619048,1021,41,Double_Q_curriculum,7
2604,21,-0.008995699016958689,0.8314353908952044,0.5238095238095238,1.0,1021,41,Double_Q_curriculum,7
2625,21,-0.2320588134841128,0.8057461898208441,0.47619047619047616,0.8571428571428571,1021,41,Double_Q_curriculum,7
2646,21,0.06536826790064312,0.18160835785111853,0.19047619047619047,0.3333333333333333,1021,41,Double_Q_curriculum,7
2667,21,-0.21306880738816897,0.41690521084840865,0.047619047619047616,0.09523809523809523,1027,41,Double_Q_curriculum,7
2688,21,0.02584132244475733,0.18703833855105484,0.23809523809523808,0.38095238095238093,1027,41,Double_Q_curriculum,7
2709,21,0.2522619805755716,0.2754403177161449,0.3333333333333333,0.3333333333333333,1027,41,Double_Q_curriculum,7
2730,21,-0.14344768762064486,0.6175398361745115,0.42857142857142855,0.7619047619047619,1028,41,Double_Q_curriculum,7
2751,21,-0.2817377030286255,0.8198171783097788,0.5238095238095238,0.8571428571428571,1037,41,Double_Q_curriculum,7
2772,21,0.06766707133186005,0.7565637800386844,0.5238095238095238,0.5238095238095238,1037,41,Double_Q_curriculum,7
2793,21,0.12818987106762444,0.2471438521153718,0.047619047619047616,0.09523809523809523,1037,41,Double_Q_curriculum,7
2814,21,0.17011605617689055,0.7750616498336337,0.5714285714285714,0.23809523809523808,1037,41,Double_Q_curriculum,7
2835,21,-0.1829843142433252,0.9485728519969955,0.6666666666666666,0.23809523809523808,1037,41,Double_Q_curriculum,7
2856,21,-0.010450672534153504,0.25171650680647123,0.23809523809523808,0.47619047619047616,1042,41,Double_Q_curriculum,7
2877,21,-0.08061115143549488,0.20440684845686968,0.09523809523809523,0.19047619047619047,1044,41,Double_Q_curriculum,7
2898,21,-0.1081741246149494,1.3262503908713013,0.9523809523809523,0.14285714285714285,1048,41,Double_Q_curriculum,7
2919,21,0.15906180039355935,1.019717880855234,0.5714285714285714,0.5714285714285714,1048,41,Double_Q_curriculum,7
2940,21,-0.23150879231935587,0.4440253315197274,0.3333333333333333,0.47619047619047616,1048,41,Double_Q_curriculum,7
2961,21,0.29678362655360263,0.4468330283548623,0.19047619047619047,0.2857142857142857,1048,41,Double_Q_curriculum,7
2982,21,0.10116459028372103,0.4133285208675709,0.3333333333333333,0.47619047619047616,1048,41,Double_Q_curriculum,7
3003,21,-0.11226308562582493,0.6184642039898883,0.6190476190476191,0.6190476190476191,1051,41,Double_Q_curriculum,7
3024,21,0.15014792883687958,1.2068962925064883,0.8095238095238095,0.23809523809523808,1051,41,Double_Q_curriculum,7
3045,21,0.07722196841678312,0.5949067960106961,0.6666666666666666,0.3333333333333333,1056,41,Double_Q_curriculum,7
3066,21,0.06669556243465166,0.5209617700338781,0.5714285714285714,0.14285714285714285,1060,41,Double_Q_curriculum,7
3087,21,0.2586895926467404,0.710518632800786,0.23809523809523808,0.09523809523809523,1065,41,Double_Q_curriculum,7
3108,21,-0.34460114239084694,1.2998389925626277,0.5714285714285714,0.7619047619047619,1065,41,Double_Q_curriculum,7
3129,21,0.5628151437425171,0.9634584558400923,0.2857142857142857,0.2857142857142857,1065,41,Double_Q_curriculum,7
3150,21,-0.010647123735146263,0.8517401358388106,0.7619047619047619,0.23809523809523808,1065,41,Double_Q_curriculum,7
3171,21,-0.13590572894231118,0.9992333155813841,0.7619047619047619,0.47619047619047616,1065,41,Double_Q_curriculum,7
3192,21,0.22185083796497315,0.4225419278536598,0.42857142857142855,0.5238095238095238,1065,41,Double_Q_curriculum,7
3213,21,-0.1288434624053703,0.5996558087606618,0.7142857142857143,0.2857142857142857,1067,41,Double_Q_curriculum,7
3234,21,0.043553456616524135,0.5951603913564409,0.47619047619047616,0.6666666666666666,1067,41,Double_Q_curriculum,7
3255,21,-0.34238545779711854,0.5688768749058203,0.23809523809523808,0.3333333333333333,1067,41,Double_Q_curriculum,7
3276,21,0.18338049513961494,0.7119381997746147,0.5714285714285714,0.6190476190476191,1067,41,Double_Q_curriculum,7
3297,21,-0.20050981362586748,0.3952374721055233,0.38095238095238093,0.7142857142857143,1071,41,Double_Q_curriculum,7
3318,21,-0.12838644911794253,0.2256944269756175,0.19047619047619047,0.23809523809523808,1071,41,Double_Q_curriculum,7
3339,21,-0.00036091825813655554,0.09933007235700127,0.14285714285714285,0.2857142857142857,1071,41,Double_Q_curriculum,7
3360,21,-0.23669988446504103,0.44476231404988387,0.2857142857142857,0.47619047619047616,1071,42,Double_Q_curriculum,7
3381,21,0.17790417511321088,0.22228852278372593,0.09523809523809523,0.09523809523809523,1071,42,Double_Q_curriculum,7
3402,21,-0.04945261491400865,0.39458668813866443,0.23809523809523808,0.23809523809523808,1071,42,Double_Q_curriculum,7
3423,21,-0.18560811910563993,0.5481922287757343,0.6666666666666666,0.2857142857142857,1071,42,Double_Q_curriculum,7
3444,21,-0.0787318088403951,0.5449933250022638,0.8095238095238095,0.2857142857142857,1071,42,Double_Q_curriculum,7
3465,21,0.22027979440393294,0.3825876939871848,0.2857142857142857,0.5238095238095238,1074,42,Double_Q_curriculum,7
3486,21,-0.049809322338300585,0.30646112383837076,0.38095238095238093,0.7619047619047619,1083,42,Double_Q_curriculum,7
3507,21,0.07432547515704542,0.3938682322902048,0.47619047619047616,0.6190476190476191,1088,42,Double_Q_curriculum,7
3528,21,-0.11346664404426202,0.0511487363614725,0.14285714285714285,0.2857142857142857,1088,42,Double_Q_curriculum,7
3549,21,-0.5356685016437325,0.7023564069982947,0.38095238095238093,0.5714285714285714,1088,42,Double_Q_curriculum,7
3570,21,0.059907111251708854,0.12098711634232731,0.047619047619047616,0.09523809523809523,1088,42,Double_Q_curriculum,7
3591,21,0.20995609523551695,0.4772636102752075,0.5238095238095238,0.6666666666666666,1088,42,Double_Q_curriculum,7
3612,21,-0.30653226167799863,0.8219054873478168,0.47619047619047616,0.8571428571428571,1088,42,Double_Q_curriculum,7
3633,21,-0.07418176238003728,0.271809675780339,0.19047619047619047,0.2857142857142857,1088,42,Double_Q_curriculum,7
3654,21,0.23161771460469124,0.7962972395874045,0.6190476190476191,0.09523809523809523,1088,42,Double_Q_curriculum,7
3675,21,0.4692717365953107,1.0466508316025518,0.6666666666666666,0.23809523809523808,1088,42,Double_Q_curriculum,7
3696,21,0.03074314448794104,0.2645168097705601,0.38095238095238093,0.5714285714285714,1088,42,Double_Q_curriculum,7
3717,21,-0.009780642553878675,0.8867936179352918,0.8095238095238095,0.2857142857142857,1088,42,Double_Q_curriculum,7
3738,21,-0.37464366377810676,1.1448347019059142,0.38095238095238093,0.3333333333333333,1088,42,Double_Q_curriculum,7
3759,21,-0.040740806457642054,0.17506239176363286,0.047619047619047616,0.09523809523809523,1091,42,Double_Q_curriculum,7
3780,21,-0.1502552747269508,0.6031659472588573,0.23809523809523808,0.3333333333333333,1091,42,Double_Q_curriculum,7
3801,21,0.0,0.10709237764537677,0.0,0.0,1091,42,Double_Q_curriculum,7
3822,21,-0.07281369705568366,0.902178709473928,0.42857142857142855,0.7142857142857143,1091,42,Double_Q_curriculum,7
3843,21,-0.020177627548063994,0.1889869412649102,0.047619047619047616,0.09523809523809523,1091,42,Double_Q_curriculum,7
3864,21,0.20985367924127432,0.7819894116375297,0.8095238095238095,0.14285714285714285,1091,42,Double_Q_curriculum,7
3885,21,-0.1562932585058554,0.991142467873148,0.7619047619047619,0.5238095238095238,1104,42,Double_Q_curriculum,7
3906,21,0.2680071699139187,0.8519055873977285,0.9047619047619048,0.23809523809523808,1116,42,Double_Q_curriculum,7
3927,21,-0.06499877986086348,1.5188333336094497,1.0,0.047619047619047616,1116,42,Double_Q_curriculum,7
3948,21,-0.05368924608754923,1.2402888478446739,0.5238095238095238,0.3333333333333333,1116,42,Double_Q_curriculum,7
3969,21,0.034419218541554567,0.3566778112006932,0.23809523809523808,0.2857142857142857,1116,42,Double_Q_curriculum,7
3990,21,-0.03734336640023934,0.1859064786872074,0.09523809523809523,0.047619047619047616,1116,42,Double_Q_curriculum,7
4011,21,0.0035187404919248305,0.749909637144022,0.8095238095238095,0.42857142857142855,1116,42,Double_Q_curriculum,7
4032,21,0.3038209582692934,0.49554297689626764,0.2857142857142857,0.5238095238095238,1116,42,Double_Q_curriculum,7
4053,21,0.030904161656024002,0.3486980339213242,0.38095238095238093,0.14285714285714285,1116,42,Double_Q_curriculum,7
4074,21,0.04773440739025657,0.9956607201405009,0.6666666666666666,0.23809523809523808,1116,42,Double_Q_curriculum,7
4095,21,0.1259493076350816,0.7754572571201136,0.6190476190476191,0.5238095238095238,1116,42,Double_Q_curriculum,7
4116,21,0.15199664943772287,0.33352734496011155,0.19047619047619047,0.38095238095238093,1116,42,Double_Q_curriculum,7
4137,21,-0.02856289837027989,0.4755893011597945,0.42857142857142855,0.2857142857142857,1119,42,Double_Q_curriculum,7
4158,21,0.17940117119611707,0.3231002342186305,0.47619047619047616,0.14285714285714285,1119,42,Double_Q_curriculum,7
4179,21,-0.02838006550360566,0.37424740300980214,0.3333333333333333,0.38095238095238093,1119,42,Double_Q_curriculum,7
4200,21,0.11164432659570632,0.27700976248373876,0.19047619047619047,0.38095238095238093,1119,42,Double_Q_curriculum,7
4221,21,-0.5691830055795247,1.5612635969329165,0.7142857142857143,0.3333333333333333,1119,42,Double_Q_curriculum,7
4242,21,0.16408698116133782,0.29276463436809574,0.47619047619047616,0.23809523809523808,1119,42,Double_Q_curriculum,7
4263,21,-0.4307669863083133,1.4510547583489946,0.7619047619047619,0.23809523809523808,1119,42,Double_Q_curriculum,7
4284,21,0.0736634509935931,0.295580891494962,0.5238095238095238,0.38095238095238093,1119,42,Double_Q_curriculum,7
4305,21,-0.24453925187874126,0.5251927189284826,0.14285714285714285,0.2857142857142857,1128,42,Double_Q_curriculum,7
4326,21,-0.5207825930322519,0.7268257075268096,0.3333333333333333,0.2857142857142857,1128,42,Double_Q_curriculum,7
4347,21,0.1612309965520548,0.416372410299541,0.42857142857142855,0.8571428571428571,1128,42,Double_Q_curriculum,7
4368,21,0.34933724122088894,0.7935279613726184,0.9523809523809523,0.09523809523809523,1128,42,Double_Q_curriculum,7
4389,21,-0.26060990728167294,1.0693578401403276,0.8095238095238095,0.14285714285714285,1128,42,Double_Q_curriculum,7
4410,21,0.012081622272103812,0.29595371312757285,0.2857142857142857,0.42857142857142855,1128,42,Double_Q_curriculum,7
4431,21,-0.13794129134043884,0.2268255107678511,0.23809523809523808,0.3333333333333333,1128,42,Double_Q_curriculum,7
4452,21,0.20979045560532728,0.447209150569416,0.47619047619047616,0.14285714285714285,1128,42,Double_Q_curriculum,7
4473,21,0.0,0.1542557743447759,0.0,0.0,1128,42,Double_Q_curriculum,7
4494,21,-0.021319815491512416,0.2812708142987562,0.3333333333333333,0.09523809523809523,1128,42,Double_Q_curriculum,7
4515,21,0.12118728518071202,0.3626510016906438,0.2857142857142857,0.14285714285714285,1128,42,Double_Q_curriculum,7
4536,21,-0.4247466270785624,0.5483333918180552,0.47619047619047616,0.5714285714285714,1129,42,Double_Q_curriculum,7
4557,21,-0.11652869800748393,0.6389014790858119,0.7142857142857143,0.2857142857142857,1129,42,Double_Q_curriculum,7
4578,21,-0.07066708216131788,0.92393072539009,0.42857142857142855,0.3333333333333333,1129,42,Double_Q_curriculum,7
4599,21,0.07777097759256854,0.384551326901751,0.42857142857142855,0.09523809523809523,1129,42,Double_Q_curriculum,7
4620,21,0.06270427379603476,0.32895548268977803,0.047619047619047616,0.09523809523809523,1129,42,Double_Q_curriculum,7
4641,21,-0.05657733921754191,0.6921618909199594,0.6666666666666666,0.14285714285714285,1129,42,Double_Q_curriculum,7
4662,21,-0.05226148734661968,0.6531713956107118,0.47619047619047616,0.6666666666666666,1129,42,Double_Q_curriculum,7
4683,21,0.21794321592352633,0.4148927768462364,0.23809523809523808,0.09523809523809523,1129,42,Double_Q_curriculum,7
4704,21,0.20080239639996308,1.0200570217427507,0.5238095238095238,0.3333333333333333,1129,42,Double_Q_curriculum,7
4725,21,-0.03106770229427139,0.2972801998217142,0.19047619047619047,0.38095238095238093,1129,42,Double_Q_curriculum,7
4746,21,0.12556427844122675,1.5056374228038987,0.9047619047619048,0.23809523809523808,1129,42,Double_Q_curriculum,7
4767,21,-0.09261868154898296,0.2636392632623604,0.14285714285714285,0.23809523809523808,1129,42,Double_Q_curriculum,7
4788,21,0.003846217414245406,0.528840218015541,0.2857142857142857,0.38095238095238093,1129,42,Double_Q_curriculum,7
4809,21,0.184355566753366,0.7278090563997551,0.5238095238095238,0.19047619047619047,1129,42,Double_Q_curriculum,7
4830,21,0.08898250699258782,0.5229016768529048,0.8095238095238095,0.3333333333333333,1129,42,Double_Q_curriculum,7
4851,21,-0.07011322730229622,0.5499131750978498,0.47619047619047616,0.5238095238095238,1129,42,Double_Q_curriculum,7
4872,21,-0.19882250549363992,0.6274609558247621,0.6190476190476191,0.6666666666666666,1129,42,Double_Q_curriculum,7
4893,21,0.42727896831272155,0.995039370386395,0.42857142857142855,0.19047619047619047,1129,42,Double_Q_curriculum,7
4914,21,0.32382003834423867,2.2655131329154523,1.0,0.047619047619047616,1129,42,Double_Q_curriculum,7
4935,21,-0.20060053686305374,1.127174042361283,0.9047619047619048,0.14285714285714285,1129,42,Double_Q_curriculum,7
4956,21,0.010152441599824051,0.21599845833233144,0.09523809523809523,0.19047619047619047,1129,42,Double_Q_curriculum,7
4977,21,0.36387228061318155,1.196089573111872,0.9047619047619048,0.23809523809523808,1129,42,Double_Q_curriculum,7
4998,21,0.032420380918320856,0.8226322644611447,0.8095238095238095,0.19047619047619047,1129,42,Double_Q_curriculum,7
5019,21,-0.14201379975750159,0.48631394297310054,0.5714285714285714,0.3333333333333333,1131,42,Double_Q_curriculum,7
5040,21,-0.5427339361757101,1.547093605695151,0.8095238095238095,0.14285714285714285,1131,42,Double_Q_curriculum,7
5061,21,-0.030339168921503578,0.0857368058955358,0.047619047619047616,0.09523809523809523,1131,42,Double_Q_curriculum,7
5082,21,0.01891844781365876,0.2448774966821106,0.42857142857142855,0.14285714285714285,1131,42,Double_Q_curriculum,7
5103,21,0.09507799127339712,0.27556694490668493,0.2857142857142857,0.19047619047619047,1131,42,Double_Q_curriculum,7
5124,21,0.1736710899783517,0.6073662239230646,0.8571428571428571,0.09523809523809523,1131,42,Double_Q_curriculum,7
5145,21,0.16945985422866242,0.8148792937630538,1.0,0.047619047619047616,1131,42,Double_Q_curriculum,7
5166,21,-0.4940140913486227,0.920005085300295,0.7142857142857143,0.14285714285714285,1131,42,Double_Q_curriculum,7
5187,21,0.10341231871770777,0.33520073123591276,0.2857142857142857,0.14285714285714285,1131,42,Double_Q_curriculum,7
5208,21,-0.027748011360499807,0.3700428209355945,0.42857142857142855,0.23809523809523808,1132,42,Double_Q_curriculum,7
5229,21,0.013260139923069916,0.49975159256032003,0.47619047619047616,0.6190476190476191,1132,42,Double_Q_curriculum,7
5250,21,0.15081670396558264,0.6567897930451113,0.38095238095238093,0.2857142857142857,1132,42,Double_Q_curriculum,7
5271,21,0.08559173590907163,1.0045890844592797,0.6190476190476191,0.047619047619047616,1132,42,Double_Q_curriculum,7
5292,21,0.02927872523950373,0.2160869818550855,0.19047619047619047,0.2857142857142857,1132,42,Double_Q_curriculum,7
5313,21,0.07360427879235656,0.34015030855946,0.5238095238095238,0.23809523809523808,1132,42,Double_Q_curriculum,7
5334,21,-0.04675933578770469,0.29204064099700167,0.19047619047619047,0.047619047619047616,1132,42,Double_Q_curriculum,7
5355,21,-0.2777052008466599,0.8108544331594917,0.6666666666666666,0.38095238095238093,1133,42,Double_Q_curriculum,7
5376,21,-0.17919348348000663,0.7473782785391843,0.7619047619047619,0.19047619047619047,1133,42,Double_Q_curriculum,7
5397,21,0.17787135687757494,0.8611541003929077,0.7142857142857143,0.19047619047619047,1133,42,Double_Q_curriculum,7
5418,21,0.49644795073096404,0.8810681222769564,0.8095238095238095,0.14285714285714285,1133,42,Double_Q_curriculum,7
5439,21,0.2311987221672125,0.6938696960086375,0.7142857142857143,0.42857142857142855,1133,42,Double_Q_curriculum,7
5460,21,-0.48756132400472074,1.119810143186124,0.8571428571428571,0.14285714285714285,1135,42,Double_Q_curriculum,7
5481,21,-0.3507726239961696,1.3983260848296037,0.8095238095238095,0.42857142857142855,1135,42,Double_Q_curriculum,7
5502,21,0.02704418305747368,0.3660958788427167,0.23809523809523808,0.47619047619047616,1135,42,Double_Q_curriculum,7
5523,21,0.05242831903773865,0.474884560167686,0.42857142857142855,0.09523809523809523,1135,42,Double_Q_curriculum,7
5544,21,-0.09970643882150168,0.28457279726885937,0.14285714285714285,0.2857142857142857,1135,42,Double_Q_curriculum,7
5565,21,0.8788069788645377,1.0426133999774316,0.5714285714285714,0.14285714285714285,1135,42,Double_Q_curriculum,7
5586,21,0.7132310249929447,1.576101874999645,1.0,0.047619047619047616,1135,42,Double_Q_curriculum,7
5607,21,-0.163250146226204,1.457236393698695,0.9047619047619048,0.23809523809523808,1135,42,Double_Q_curriculum,7
5628,21,0.09297511981277778,0.6514900520335195,0.6666666666666666,0.38095238095238093,1135,42,Double_Q_curriculum,7
5649,21,-0.15364432777577797,0.919093217619457,0.8571428571428571,0.047619047619047616,1135,42,Double_Q_curriculum,7
5670,21,0.781981183904775,1.1941803534314477,0.7142857142857143,0.14285714285714285,1135,42,Double_Q_curriculum,7
5691,21,-0.12035582967390573,0.4899848876528481,0.42857142857142855,0.3333333333333333,1135,42,Double_Q_curriculum,7
5712,21,-0.383611886537444,0.7054144139267036,0.7142857142857143,0.42857142857142855,1135,42,Double_Q_curriculum,7
5733,21,-0.05156596165311244,0.49014501815083894,0.23809523809523808,0.09523809523809523,1135,42,Double_Q_curriculum,7
5754,21,0.4520090771132646,0.9959583887924427,0.5238095238095238,0.09523809523809523,1135,42,Double_Q_curriculum,7
5775,21,0.02954092406911006,0.838447459776705,0.8095238095238095,0.047619047619047616,1135,42,Double_Q_curriculum,7
5796,21,0.32587536035057824,1.2991004124447683,0.9047619047619048,0.19047619047619047,1135,42,Double_Q_curriculum,7
5817,21,0.1697338794135042,0.4220137081398072,0.2857142857142857,0.09523809523809523,1135,42,Double_Q_curriculum,7
5838,21,-0.2633747318743054,0.7272476806750685,0.3333333333333333,0.19047619047619047,1135,42,Double_Q_curriculum,7
5859,21,0.06504255898316649,0.33659752819294286,0.3333333333333333,0.47619047619047616,1135,42,Double_Q_curriculum,7
5880,21,-0.2939657466248388,0.8682228782382053,0.9523809523809523,0.14285714285714285,1135,42,Double_Q_curriculum,7
5901,21,0.11271758620590122,0.42669378905862215,0.6190476190476191,0.8095238095238095,1135,42,Double_Q_curriculum,7
5922,21,0.1758882942364614,0.8820544874658205,1.0,0.047619047619047616,1135,42,Double_Q_curriculum,7
5943,21,-0.3441024488948689,1.1397251550590315,0.8095238095238095,0.23809523809523808,1135,42,Double_Q_curriculum,7
5964,21,-0.17768877586339057,0.37524655207936397,0.23809523809523808,0.2857142857142857,1135,42,Double_Q_curriculum,7
5985,21,0.1986958135394385,0.5376486369591985,0.7619047619047619,0.19047619047619047,1135,42,Double_Q_curriculum,7
6006,21,-0.00017962314977090115,0.17462861141768302,0.09523809523809523,0.09523809523809523,1135,42,Double_Q_curriculum,7
6066,60,0.015148900716459376,0.7411493015181451,0.6,0.3,1135,42,Double_Q_curriculum,7
6126,60,-0.011337955425978086,0.493673590210361,0.55,0.11666666666666667,1137,42,Double_Q_curriculum,7
6186,60,-0.13782380156208646,1.1130033014041991,0.85,0.15,1137,42,Double_Q_curriculum,7
6246,60,-0.11885428794440259,0.9255719071863424,0.7833333333333333,0.23333333333333334,1137,42,Double_Q_curriculum,7
6306,60,-0.07056811161730084,0.45172941482412843,0.35,0.15,1141,42,Double_Q_curriculum,7
6366,60,-0.06580327077812813,0.4496115154013093,0.4,0.08333333333333333,1141,42,Double_Q_curriculum,7
6426,60,-0.08006435775083628,0.4903293154575484,0.35,0.15,1141,42,Double_Q_curriculum,7
6486,60,0.09773203162039062,0.4931957981709705,0.48333333333333334,0.2,1141,42,Double_Q_curriculum,7
6546,60,0.1314617706718896,0.49234072340642376,0.48333333333333334,0.25,1141,42,Double_Q_curriculum,7
6606,60,0.2844543009271931,0.6198571561489742,0.5666666666666667,0.21666666666666667,1141,42,Double_Q_curriculum,7
6666,60,-0.0791304280721559,0.9234003562443114,0.8333333333333334,0.18333333333333332,1141,42,Double_Q_curriculum,7
6726,60,0.24961096273812838,0.6749734373739608,0.5,0.31666666666666665,1141,42,Double_Q_curriculum,7
6786,60,0.1445674351110951,0.8526304782613089,0.7666666666666667,0.36666666666666664,1141,42,Double_Q_curriculum,7
6846,60,0.18829599875305675,0.7942730099572819,0.7,0.21666666666666667,1141,42,Double_Q_curriculum,7
6906,60,0.26742687497812667,0.7375623615428641,0.55,0.2,1141,42,Double_Q_curriculum,7
6966,60,-0.04614318595996329,1.1397464996210958,0.8333333333333334,0.21666666666666667,1141,42,Double_Q_curriculum,7
7026,60,-0.012703899110155467,0.46080484994192283,0.4666666666666667,0.31666666666666665,1141,42,Double_Q_curriculum,7
7086,60,0.19102555471831753,0.7382976777476974,0.5666666666666667,0.3,1141,42,Double_Q_curriculum,7
7146,60,0.14693147095636966,1.1841924044629666,0.8833333333333333,0.21666666666666667,1141,42,Double_Q_curriculum,7
7206,60,0.0411138757529687,1.2503644801072737,0.6833333333333333,0.05,1141,42,Double_Q_curriculum,7
7266,60,-0.1392115060526899,0.9723874766426095,0.8166666666666667,0.25,1141,42,Double_Q_curriculum,7
7326,60,-0.041885808191146325,0.24962225099940216,0.15,0.15,1141,42,Double_Q_curriculum,7
7386,60,0.14846045728348162,0.6621160114728412,0.6166666666666667,0.23333333333333334,1141,42,Double_Q_curriculum,7
7446,60,0.1056246885997128,0.2800821234044259,0.23333333333333334,0.21666666666666667,1141,42,Double_Q_curriculum,7
7506,60,0.1835870442531481,0.45807333925047733,0.35,0.16666666666666666,1141,42,Double_Q_curriculum,7
7566,60,0.14641304509046074,1.1045926762374372,0.85,0.2,1141,42,Double_Q_curriculum,7
7626,60,-0.19438266537720683,0.9082115793917658,0.7833333333333333,0.23333333333333334,1141,42,Double_Q_curriculum,7
7686,60,-0.02691019225294614,0.17359424855466915,0.2,0.1,1141,42,Double_Q_curriculum,7
7746,60,-0.1889617462284879,0.9691560959392499,0.7,0.45,1141,42,Double_Q_curriculum,7
7806,60,-0.08962590582089879,0.7376294810589902,0.65,0.36666666666666664,1141,42,Double_Q_curriculum,7
7866,60,0.08823570995624816,0.5445091120655363,0.45,0.2833333333333333,1141,42,Double_Q_curriculum,7
7926,60,-0.21814825392289736,1.4728819016593702,0.8333333333333334,0.3,1141,42,Double_Q_curriculum,7
7986,60,0.12426499513987714,0.39782509827028206,0.4166666666666667,0.16666666666666666,1141,42,Double_Q_curriculum,7
8046,60,0.32431015411343,0.9793679892527061,0.8166666666666667,0.35,1141,42,Double_Q_curriculum,7
8106,60,-0.03803352131537794,0.898387964054438,0.8166666666666667,0.2,1141,42,Double_Q_curriculum,7
8166,60,-0.10826366431960605,0.615278418528974,0.5333333333333333,0.5166666666666667,1141,42,Double_Q_curriculum,7
8226,60,-0.02711156944837434,0.43189155811142665,0.38333333333333336,0.26666666666666666,1141,42,Double_Q_curriculum,7
8286,60,0.011608717671994269,0.3617337334443943,0.4,0.26666666666666666,1141,42,Double_Q_curriculum,7
8346,60,-0.061463427116681506,0.7634006294289387,0.5666666666666667,0.4,1141,42,Double_Q_curriculum,7
8406,60,-0.38185715767719547,0.6706047065816708,0.5166666666666667,0.38333333333333336,1141,42,Double_Q_curriculum,7
8466,60,-0.01380988350122451,0.8592376507817986,0.5833333333333334,0.3333333333333333,1141,42,Double_Q_curriculum,7
8526,60,-0.03763361951732181,0.5339850549736673,0.48333333333333334,0.25,1141,42,Double_Q_curriculum,7
8586,60,0.10739617755071797,0.6753447330988768,0.55,0.3,1141,42,Double_Q_curriculum,7
8646,60,-0.29085330744435106,0.7196147745499133,0.6333333333333333,0.3333333333333333,1141,42,Double_Q_curriculum,7
8706,60,-0.11669305138390036,0.7018209345621576,0.6333333333333333,0.25,1141,42,Double_Q_curriculum,7
8766,60,-0.19234744754656885,0.8106075193589867,0.6,0.36666666666666664,1141,42,Double_Q_curriculum,7
8826,60,0.0874638990904468,0.6271488417427868,0.4666666666666667,0.25,1142,42,Double_Q_curriculum,7
8886,60,0.07656616700113802,0.5035775868922242,0.5833333333333334,0.23333333333333334,1142,42,Double_Q_curriculum,7
8946,60,-0.10566024191644209,0.6117145691845711,0.21666666666666667,0.23333333333333334,1142,42,Double_Q_curriculum,7
9006,60,-0.03129546549189284,1.256359076830186,0.65,0.4166666666666667,1142,42,Double_Q_curriculum,7
9066,60,-0.14275577729539882,1.1250535313429206,0.6166666666666667,0.3,1142,42,Double_Q_curriculum,7
9126,60,-0.2785887968569734,0.6058526639627877,0.5166666666666667,0.35,1142,42,Double_Q_curriculum,7
9186,60,-0.2640274597096519,0.8138164896287665,0.6166666666666667,0.38333333333333336,1142,42,Double_Q_curriculum,7
9246,60,-0.002409499150944419,0.35606650172618065,0.2833333333333333,0.35,1142,42,Double_Q_curriculum,7
9306,60,0.14565794151094427,0.41161161493044635,0.4,0.21666666666666667,1142,42,Double_Q_curriculum,7
9366,60,-0.01745949548978206,0.4728261076830686,0.45,0.4666666666666667,1142,42,Double_Q_curriculum,7
9426,60,-0.17393352369610204,0.6600380872688597,0.5166666666666667,0.45,1142,42,Double_Q_curriculum,7
9486,60,-0.012495567548844629,0.7808962255960831,0.6,0.23333333333333334,1142,42,Double_Q_curriculum,7
9546,60,-0.007068343406140125,0.2851518316940157,0.2833333333333333,0.18333333333333332,1142,42,Double_Q_curriculum,7
9606,60,0.28640340597754566,0.562967108225752,0.65,0.25,1142,42,Double_Q_curriculum,7
9666,60,0.04307747949895415,0.29755578693348333,0.26666666666666666,0.4,1142,42,Double_Q_curriculum,7
9726,60,0.038921657189385145,0.1857460775995288,0.23333333333333334,0.4666666666666667,1142,42,Double_Q_curriculum,7
9786,60,0.061738192972212134,0.8906759931760517,0.7166666666666667,0.31666666666666665,1142,42,Double_Q_curriculum,7
9846,60,0.1669392872949526,0.5984228718728332,0.45,0.3,1142,42,Double_Q_curriculum,7
9906,60,-0.24389600566878386,0.9449189428236578,0.8666666666666667,0.16666666666666666,1142,42,Double_Q_curriculum,7
9966,60,-0.03064835647456061,0.9798653563862796,0.6,0.38333333333333336,1142,42,Double_Q_curriculum,7
10026,60,0.2303031695680219,1.0708336963373013,0.75,0.31666666666666665,1142,42,Double_Q_curriculum,7
10086,60,-0.2325897784592318,0.7746104203024461,0.6833333333333333,0.48333333333333334,1142,42,Double_Q_curriculum,7
10146,60,-0.03359073544501872,0.07074082384894642,0.05,0.1,1142,42,Double_Q_curriculum,7
10206,60,-0.015175772442398898,0.32677754613419085,0.25,0.35,1142,42,Double_Q_curriculum,7
10266,60,0.04434726099186225,0.5232636452909464,0.4166666666666667,0.7333333333333333,1142,42,Double_Q_curriculum,7
10326,60,0.2838557704734333,0.7568143627178416,0.7,0.3,1142,42,Double_Q_curriculum,7
10386,60,0.11973590450409483,0.5359447849677668,0.4,0.3,1142,42,Double_Q_curriculum,7
10446,60,-0.11043771241775109,0.5285367538504825,0.31666666666666665,0.43333333333333335,1142,42,Double_Q_curriculum,7
10506,60,0.03861754377217409,0.3712741135986673,0.3,0.35,1142,42,Double_Q_curriculum,7
10566,60,0.05287307785469035,0.8458153344663099,0.6666666666666666,0.2833333333333333,1142,42,Double_Q_curriculum,7
10626,60,-0.0015845348500869263,0.4981204812938887,0.55,0.55,1142,42,Double_Q_curriculum,7
10686,60,0.09384737227964553,0.37287366559118484,0.5333333333333333,0.31666666666666665,1142,42,Double_Q_curriculum,7
10746,60,-0.03240732859008566,0.14654899012192044,0.2,0.11666666666666667,1142,42,Double_Q_curriculum,7
10806,60,-0.04871735249214636,0.9012583871068055,0.6833333333333333,0.38333333333333336,1142,42,Double_Q_curriculum,7
10866,60,-0.002552175612606359,0.49414249461628196,0.3333333333333333,0.2833333333333333,1142,42,Double_Q_curriculum,7
10926,60,-0.010852999571882052,0.42243399196538467,0.4166666666666667,0.7333333333333333,1142,42,Double_Q_curriculum,7
10986,60,0.025818604181035106,0.15518408119587482,0.1,0.13333333333333333,1142,42,Double_Q_curriculum,7
11046,60,0.14353515760562527,0.6773170534669782,0.5166666666666667,0.38333333333333336,1142,42,Double_Q_curriculum,7
11106,60,0.06836501544895342,0.5332476543340439,0.6666666666666666,0.3333333333333333,1142,42,Double_Q_curriculum,7
11166,60,0.06208029225429259,0.3210221699526396,0.3,0.3,1142,42,Double_Q_curriculum,7
11226,60,0.2694567694359582,0.7747358151523007,0.6166666666666667,0.23333333333333334,1142,42,Double_Q_curriculum,7
11286,60,0.031278956168696116,0.3621501130080394,0.3333333333333333,0.3,1142,42,Double_Q_curriculum,7
11346,60,-0.15335802740837515,0.6257320187440427,0.3333333333333333,0.6166666666666667,1142,42,Double_Q_curriculum,7
11406,60,0.024171730469040927,0.6659788574211135,0.48333333333333334,0.16666666666666666,1142,42,Double_Q_curriculum,7
11466,60,-0.162862998619492,0.3872341093146336,0.18333333333333332,0.26666666666666666,1142,42,Double_Q_curriculum,7
11526,60,0.2468930526274238,0.6592143717180688,0.7,0.25,1142,42,Double_Q_curriculum,7
11586,60,0.0320329921719196,0.7022476515388419,0.5833333333333334,0.2,1142,42,Double_Q_curriculum,7
11646,60,0.026672305604075304,0.32225569489845485,0.15,0.2,1142,42,Double_Q_curriculum,7
11706,60,0.11937760105875915,0.4377544551241366,0.3,0.23333333333333334,1142,42,Double_Q_curriculum,7
11766,60,-0.1099795317305761,0.2033089416263136,0.11666666666666667,0.15,1142,42,Double_Q_curriculum,7
11826,60,-0.1016645649041521,0.31944422525814786,0.11666666666666667,0.23333333333333334,1142,42,Double_Q_curriculum,7
11886,60,0.057265127823024,0.2989080035179424,0.23333333333333334,0.06666666666666667,1142,42,Double_Q_curriculum,7
11946,60,-0.12330925518802617,0.8855047378879847,0.6666666666666666,0.23333333333333334,1142,42,Double_Q_curriculum,7
12006,60,-0.025329850423596482,0.15186572169218385,0.15,0.08333333333333333,1142,42,Double_Q_curriculum,7
12066,60,0.04137886170341489,0.5484284710960292,0.3,0.23333333333333334,1142,42,Double_Q_curriculum,7
12126,60,-0.16220018675157752,0.710138323457969,0.7166666666666667,0.15,1142,42,Double_Q_curriculum,7
12186,60,0.10325839148095853,0.2641430009662755,0.15,0.16666666666666666,1142,42,Double_Q_curriculum,7
12246,60,-0.05883404702010409,0.27776235992282383,0.31666666666666665,0.3,1142,42,Double_Q_curriculum,7
12306,60,-0.12633610952131671,0.7560642376002877,0.7166666666666667,0.18333333333333332,1144,42,Double_Q_curriculum,7
12366,60,0.00255007901471867,0.23039098067859295,0.2,0.2,1144,42,Double_Q_curriculum,7
12426,60,0.08902146402247203,0.41909834740808677,0.45,0.26666666666666666,1144,42,Double_Q_curriculum,7
12486,60,-0.11476926333787864,0.2316892383739237,0.08333333333333333,0.16666666666666666,1144,42,Double_Q_curriculum,7
12546,60,-0.12716330895179012,0.3390136726172539,0.18333333333333332,0.2,1146,42,Double_Q_curriculum,7
12606,60,0.07078266859713153,0.4215143984416055,0.45,0.15,1146,42,Double_Q_curriculum,7
12666,60,0.0528860426042288,0.35784780796557225,0.5333333333333333,0.11666666666666667,1146,42,Double_Q_curriculum,7
12726,60,0.09020787626244359,0.47874336719341926,0.4666666666666667,0.3333333333333333,1146,42,Double_Q_curriculum,7
12786,60,0.10320754674530107,0.5010584019523889,0.4166666666666667,0.2,1146,42,Double_Q_curriculum,7
12846,60,0.057703187359252374,0.3703239336751919,0.21666666666666667,0.16666666666666666,1146,42,Double_Q_curriculum,7
12906,60,-0.042673427167494164,0.3004130041127383,0.11666666666666667,0.06666666666666667,1146,42,Double_Q_curriculum,7
12966,60,0.08069381673127925,0.40707882250290234,0.26666666666666666,0.16666666666666666,1146,42,Double_Q_curriculum,7
13026,60,0.05047993152848783,0.5809005354174096,0.4166666666666667,0.16666666666666666,1146,42,Double_Q_curriculum,7
13086,60,-0.057027841881734785,0.5343607294217336,0.15,0.26666666666666666,1146,42,Double_Q_curriculum,7
13146,60,0.07618470517592017,0.4584543519222798,0.25,0.15,1146,42,Double_Q_curriculum,7
13206,60,-0.01088469398060148,0.378161236995516,0.25,0.23333333333333334,1146,42,Double_Q_curriculum,7
13266,60,0.10204526705891377,0.8273921959412399,0.5833333333333334,0.35,1146,42,Double_Q_curriculum,7
13326,60,-0.036981023507589104,0.5621918596920042,0.6,0.15,1146,42,Double_Q_curriculum,7
13386,60,0.03808222335804332,0.18831639264370156,0.15,0.08333333333333333,1146,42,Double_Q_curriculum,7
13446,60,0.07216466831533878,0.6861331143135593,0.2833333333333333,0.21666666666666667,1146,42,Double_Q_curriculum,7
13506,60,-0.17616235832531973,0.6879107890616436,0.55,0.16666666666666666,1146,42,Double_Q_curriculum,7
13566,60,0.09310696853144652,0.6940942419772468,0.48333333333333334,0.2,1146,42,Double_Q_curriculum,7
13626,60,0.04864017455821157,0.33329948469051074,0.23333333333333334,0.16666666666666666,1146,42,Double_Q_curriculum,7
13686,60,-0.03748957652900238,0.2551821310684413,0.16666666666666666,0.21666666666666667,1146,42,Double_Q_curriculum,7
13746,60,0.09348106540269575,0.4551506582788613,0.5,0.2833333333333333,1146,42,Double_Q_curriculum,7
13806,60,-0.02393885026199013,0.1334849987228685,0.08333333333333333,0.11666666666666667,1146,42,Double_Q_curriculum,7
13866,60,0.06149969544517754,0.43294363703660527,0.23333333333333334,0.38333333333333336,1146,42,Double_Q_curriculum,7
13926,60,0.1117222219319153,0.4992677052113018,0.45,0.36666666666666664,1146,42,Double_Q_curriculum,7
13986,60,0.15516712036912314,0.47276228162855627,0.38333333333333336,0.2,1146,42,Double_Q_curriculum,7
14046,60,0.07523386789496217,0.4680377083510756,0.55,0.3,1146,42,Double_Q_curriculum,7
14106,60,0.15339071617343436,0.5456487371486147,0.55,0.36666666666666664,1146,42,Double_Q_curriculum,7
14166,60,-0.2084672482248316,0.3904111704057136,0.21666666666666667,0.3,1146,42,Double_Q_curriculum,7
14226,60,0.010982869145190895,0.2785853335846721,0.2,0.2833333333333333,1146,42,Double_Q_curriculum,7
14286,60,0.11737509431202589,0.4930257135757476,0.3333333333333333,0.36666666666666664,1146,42,Double_Q_curriculum,7
14346,60,-0.004085690618659225,0.11957654178678889,0.08333333333333333,0.16666666666666666,1146,42,Double_Q_curriculum,7
14406,60,-0.016751264581565114,0.2532128253008018,0.18333333333333332,0.36666666666666664,1146,42,Double_Q_curriculum,7
14496,90,-0.05521438954068225,0.4738480042182584,0.43333333333333335,0.3333333333333333,1146,42,Double_Q_curriculum,7
14586,90,-0.013084693888446172,0.4972412082591109,0.4111111111111111,0.5333333333333333,1146,42,Double_Q_curriculum,7
14676,90,0.0326504584918983,0.38303456085583726,0.23333333333333334,0.17777777777777778,1146,42,Double_Q_curriculum,7
14766,90,-0.06270160094424675,0.5913206353149519,0.5333333333333333,0.3888888888888889,1146,42,Double_Q_curriculum,7
14856,90,0.02421734679547746,0.5499831077587614,0.3888888888888889,0.14444444444444443,1146,42,Double_Q_curriculum,7
14946,90,0.034519824961626595,0.2761956947100543,0.25555555555555554,0.13333333333333333,1146,42,Double_Q_curriculum,7
15036,90,0.03321480924262139,0.49871284233937724,0.24444444444444444,0.13333333333333333,1146,42,Double_Q_curriculum,7
15126,90,0.04452613064551112,0.6259787582501742,0.43333333333333335,0.17777777777777778,1146,42,Double_Q_curriculum,7
15216,90,-0.0007560089054830832,0.1609559584955582,0.2111111111111111,0.2111111111111111,1146,42,Double_Q_curriculum,7
15306,90,-0.0030113203947722835,0.4555576241034004,0.3888888888888889,0.16666666666666666,1146,42,Double_Q_curriculum,7
15396,90,0.021791362044363764,0.3282728768581405,0.3,0.15555555555555556,1146,42,Double_Q_curriculum,7
15486,90,0.10890502439095791,0.5376314153940955,0.37777777777777777,0.2,1146,42,Double_Q_curriculum,7
15576,90,0.02920794332924655,0.4080716444013536,0.43333333333333335,0.2,1146,42,Double_Q_curriculum,7
15666,90,0.030647210273835532,0.3400991018777971,0.16666666666666666,0.17777777777777778,1146,42,Double_Q_curriculum,7
15756,90,0.13056461937093072,0.5333858643089268,0.3888888888888889,0.1,1146,42,Double_Q_curriculum,7
15846,90,-0.021610793328779337,0.6109856656623159,0.4111111111111111,0.2,1146,42,Double_Q_curriculum,7
15936,90,0.027684637859771793,0.5885847057981374,0.4666666666666667,0.2777777777777778,1146,42,Double_Q_curriculum,7
16026,90,-0.1805316577648208,0.8197032845306653,0.7444444444444445,0.24444444444444444,1146,42,Double_Q_curriculum,7
16116,90,-0.04129389245542279,0.4435808171134839,0.37777777777777777,0.18888888888888888,1146,42,Double_Q_curriculum,7
16206,90,0.004490288528978443,0.5893391686936078,0.5666666666666667,0.18888888888888888,1146,42,Double_Q_curriculum,7
16296,90,0.1764799753620424,0.6068238536946227,0.28888888888888886,0.12222222222222222,1146,42,Double_Q_curriculum,7
16386,90,-0.029954624365595133,0.6675179245811275,0.6111111111111112,0.13333333333333333,1146,42,Double_Q_curriculum,7
16476,90,-0.11743175765867309,0.7896753762773219,0.7555555555555555,0.16666666666666666,1146,42,Double_Q_curriculum,7
16566,90,-0.018940369840114907,0.6400835236060628,0.5888888888888889,0.32222222222222224,1146,42,Double_Q_curriculum,7
16656,90,-0.06481488404621921,0.5699450899076581,0.3,0.3,1146,42,Double_Q_curriculum,7
16746,90,0.09250759302235999,0.25859826631249105,0.15555555555555556,0.15555555555555556,1146,42,Double_Q_curriculum,7
16836,90,0.08452137789562462,0.3844592339071111,0.3333333333333333,0.32222222222222224,1146,42,Double_Q_curriculum,7
16926,90,-0.11160210074667745,0.7036636994278399,0.5,0.43333333333333335,1146,42,Double_Q_curriculum,7
17016,90,-0.21369817111390424,0.6310387805157803,0.4777777777777778,0.14444444444444443,1146,42,Double_Q_curriculum,7
17106,90,0.0043837655435519,0.5112855286122371,0.23333333333333334,0.34444444444444444,1146,42,Double_Q_curriculum,7
17196,90,0.04021534525132007,0.6534233307770195,0.4222222222222222,0.2,1146,42,Double_Q_curriculum,7
17286,90,-0.030263966499234737,0.6589036216216969,0.2777777777777778,0.14444444444444443,1146,42,Double_Q_curriculum,7
17376,90,0.0028544985673777984,0.41686807380338886,0.24444444444444444,0.3,1146,42,Double_Q_curriculum,7
17466,90,-0.1915194380338813,0.7499732585649507,0.6111111111111112,0.3,1146,42,Double_Q_curriculum,7
17556,90,-0.04319032224997059,0.48185770187255866,0.3333333333333333,0.28888888888888886,1146,42,Double_Q_curriculum,7
17646,90,0.05804650088852657,0.5266456746962538,0.2777777777777778,0.28888888888888886,1146,42,Double_Q_curriculum,7
17736,90,-0.08076856279246934,0.5989487799642518,0.37777777777777777,0.4111111111111111,1146,42,Double_Q_curriculum,7
17826,90,-0.16193842290161986,0.5995027380225615,0.34444444444444444,0.4444444444444444,1146,42,Double_Q_curriculum,7
17916,90,-0.07237614842279297,0.7793249578274177,0.5444444444444444,0.4777777777777778,1146,42,Double_Q_curriculum,7
18006,90,0.1461689353151414,0.6962974879221616,0.5555555555555556,0.16666666666666666,1146,42,Double_Q_curriculum,7
18096,90,0.19488286205414315,0.5306598348322529,0.28888888888888886,0.43333333333333335,1146,42,Double_Q_curriculum,7
18186,90,0.13646235352465952,0.7703184450907007,0.6333333333333333,0.15555555555555556,1146,42,Double_Q_curriculum,7
18276,90,0.0676143632069254,0.5375032467903134,0.3333333333333333,0.43333333333333335,1146,42,Double_Q_curriculum,7
18366,90,0.037804334122864186,0.8033787089201456,0.7222222222222222,0.14444444444444443,1146,42,Double_Q_curriculum,7
18456,90,-0.09598312504783285,0.7858609256677938,0.6888888888888889,0.2777777777777778,1146,42,Double_Q_curriculum,7
18546,90,0.07130050573849187,0.5550741663560645,0.5,0.2222222222222222,1146,42,Double_Q_curriculum,7
18636,90,0.023468884938779286,0.8131757459293482,0.7555555555555555,0.2222222222222222,1146,42,Double_Q_curriculum,7
18726,90,0.09747691766134814,0.8817042827457067,0.9222222222222223,0.12222222222222222,1146,42,Double_Q_curriculum,7
18816,90,0.030408086175752462,0.6480992918923637,0.5111111111111111,0.4222222222222222,1146,42,Double_Q_curriculum,7
18906,90,0.08493622907443955,0.6731248242225502,0.45555555555555555,0.34444444444444444,1146,42,Double_Q_curriculum,7
18996,90,0.03162401651335181,0.8388478401399292,0.35555555555555557,0.4,1146,42,Double_Q_curriculum,7
19086,90,0.05182665402260651,0.8979651274528971,0.7111111111111111,0.36666666666666664,1146,42,Double_Q_curriculum,7
19176,90,0.13322245051770867,0.8295207553662675,0.6222222222222222,0.3333333333333333,1146,42,Double_Q_curriculum,7
19266,90,0.127315892559956,0.527292455164039,0.43333333333333335,0.6,1146,42,Double_Q_curriculum,7
19356,90,0.00904144234062128,0.6299352292562129,0.5444444444444444,0.12222222222222222,1146,42,Double_Q_curriculum,7
19446,90,0.010164580587491473,0.524999487167253,0.4777777777777778,0.12222222222222222,1146,42,Double_Q_curriculum,7
19536,90,0.10796328673327883,0.6352056015894761,0.7222222222222222,0.16666666666666666,1146,42,Double_Q_curriculum,7
19626,90,0.0029931842180073278,0.8417668339945973,0.7888888888888889,0.12222222222222222,1146,42,Double_Q_curriculum,7
19716,90,-0.04727884536354379,0.6679790555572008,0.6,0.2111111111111111,1146,42,Double_Q_curriculum,7
19806,90,0.12201456002050395,0.6121057502438857,0.6888888888888889,0.1,1146,42,Double_Q_curriculum,7
19896,90,-0.08357554549964555,0.9580029261212927,0.6888888888888889,0.2,1146,42,Double_Q_curriculum,7
19986,90,0.11347431784514753,0.5672515851669899,0.7222222222222222,0.2,1146,42,Double_Q_curriculum,7
20076,90,0.02525202162924337,0.7777236237616527,0.7,0.26666666666666666,1146,42,Double_Q_curriculum,7
20166,90,0.12140304999659628,0.6571954398116465,0.6888888888888889,0.12222222222222222,1146,42,Double_Q_curriculum,7
20256,90,0.018221473250014122,0.7617273143648545,0.7444444444444445,0.18888888888888888,1146,42,Double_Q_curriculum,7
20346,90,0.054964913478008526,0.7887230495547453,0.7444444444444445,0.32222222222222224,1146,42,Double_Q_curriculum,7
20436,90,0.19446874065973915,0.7257475728055969,0.7222222222222222,0.03333333333333333,1146,42,Double_Q_curriculum,7
20526,90,0.015930074553079373,0.4905413701342256,0.3333333333333333,0.17777777777777778,1146,42,Double_Q_curriculum,7
20616,90,0.09285046826179746,0.6671504076588168,0.4888888888888889,0.18888888888888888,1146,42,Double_Q_curriculum,7
20706,90,0.03770593586893776,0.4830725550749269,0.3,0.13333333333333333,1146,42,Double_Q_curriculum,7
20796,90,0.03921568701510049,0.5992947822647671,0.5666666666666667,0.06666666666666667,1146,42,Double_Q_curriculum,7
20886,90,0.08406723671695622,0.7650717946822667,0.7777777777777778,0.011111111111111112,1146,42,Double_Q_curriculum,7
20976,90,0.015267073249992049,0.8998874343629999,0.6444444444444445,0.12222222222222222,1146,42,Double_Q_curriculum,7
21066,90,0.15988884291948996,0.8895239045325896,0.7222222222222222,0.13333333333333333,1146,42,Double_Q_curriculum,7
21156,90,0.07473939448825018,0.5083367440284199,0.5444444444444444,0.1111111111111111,1146,42,Double_Q_curriculum,7
21246,90,0.09590327427869014,0.6292412738354813,0.7111111111111111,0.16666666666666666,1146,42,Double_Q_curriculum,7
21336,90,0.04584099674787905,0.6020585649724098,0.5222222222222223,0.13333333333333333,1146,42,Double_Q_curriculum,7
21426,90,0.24421613653708718,0.838426254733989,0.8888888888888888,0.05555555555555555,1146,42,Double_Q_curriculum,7
21516,90,0.08594432118166198,1.0199123696356107,0.8333333333333334,0.1,1146,42,Double_Q_curriculum,7
21606,90,0.12541148618236744,0.8792648949543658,0.9222222222222223,0.05555555555555555,1146,42,Double_Q_curriculum,7
21696,90,-0.0808463762049324,0.7898791508366759,0.6888888888888889,0.2111111111111111,1146,42,Double_Q_curriculum,7
21786,90,0.0119208066087408,0.7572348405714339,0.7111111111111111,0.2,1146,42,Double_Q_curriculum,7
21876,90,-0.0044937170037531475,0.5801113732882726,0.3,0.16666666666666666,1146,42,Double_Q_curriculum,7
21966,90,0.028596462836998345,0.6333731539910035,0.6888888888888889,0.1,1146,42,Double_Q_curriculum,7
22056,90,-0.15497512322878143,0.7779750854779052,0.6444444444444445,0.3111111111111111,1146,42,Double_Q_curriculum,7
22146,90,0.2266774911631844,0.8516803897662393,0.9555555555555556,0.1,1146,42,Double_Q_curriculum,7
22236,90,0.02057965698744626,0.7082090716185004,0.6444444444444445,0.18888888888888888,1146,42,Double_Q_curriculum,7
22326,90,0.20786742296805621,0.8949443838233162,0.6888888888888889,0.35555555555555557,1146,42,Double_Q_curriculum,7
22416,90,-0.0446784938976349,0.728964362300913,0.5333333333333333,0.34444444444444444,1146,42,Double_Q_curriculum,7
22506,90,0.04156958721496688,0.6308436513783157,0.6111111111111112,0.1,1146,42,Double_Q_curriculum,7
22596,90,0.009608064499318412,0.6996063222000903,0.6777777777777778,0.2111111111111111,1146,42,Double_Q_curriculum,7
22686,90,-0.005638396058333697,0.6531169802281046,0.6444444444444445,0.12222222222222222,1146,42,Double_Q_curriculum,7
22776,90,-0.20270720041173365,0.8516630467493446,0.6777777777777778,0.3111111111111111,1146,42,Double_Q_curriculum,7
22866,90,-0.1732111378318127,0.923407854350296,0.6555555555555556,0.14444444444444443,1146,42,Double_Q_curriculum,7
22956,90,-0.10606256840063864,0.675046634780319,0.5222222222222223,0.3333333333333333,1146,42,Double_Q_curriculum,7
23046,90,0.18044027544020452,0.6853600320766711,0.6444444444444445,0.05555555555555555,1146,42,Double_Q_curriculum,7
23136,90,0.28744304343878574,0.6613763962707798,0.5777777777777777,0.2222222222222222,1146,42,Double_Q_curriculum,7
23226,90,0.09465890472216469,0.6444547707333218,0.5777777777777777,0.1111111111111111,1146,42,Double_Q_curriculum,7
23316,90,0.09753159094251049,0.6595380381140595,0.7555555555555555,0.12222222222222222,1146,42,Double_Q_curriculum,7
23406,90,0.17941656561988156,0.7646097081431907,0.7,0.15555555555555556,1146,42,Double_Q_curriculum,7
23496,90,-0.13357903935235385,0.6695185508178256,0.6777777777777778,0.18888888888888888,1146,42,Double_Q_curriculum,7
23586,90,0.22642542900387808,0.706461219426462,0.7444444444444445,0.2,1146,42,Double_Q_curriculum,7
23676,90,-0.11644886611411673,0.608994295731232,0.6222222222222222,0.23333333333333334,1146,42,Double_Q_curriculum,7
23766,90,0.10073562454875949,0.871803104388467,0.7777777777777778,0.14444444444444443,1146,42,Double_Q_curriculum,7
23856,90,-0.008603113281278604,0.5915655158241564,0.4666666666666667,0.23333333333333334,1146,42,Double_Q_curriculum,7
23946,90,-0.2406018914592236,0.9063955009273318,0.6222222222222222,0.1,1146,42,Double_Q_curriculum,7
24000,54,-0.08839031309158411,0.9096680633530404,0.6111111111111112,0.2222222222222222,1146,42,Double_Q_curriculum,7
21,21,-0.053527747213297644,0.5566843409132591,0.6190476190476191,0.47619047619047616,21,7,Double_Q_curriculum,19
42,21,0.034194316539342316,0.49277746421982416,0.5714285714285714,0.38095238095238093,42,11,Double_Q_curriculum,19
63,21,-0.024099147096024395,0.07920102390756016,0.14285714285714285,0.19047619047619047,63,12,Double_Q_curriculum,19
84,21,0.0,0.0,0.0,0.0,84,13,Double_Q_curriculum,19
105,21,-0.10498255625136667,0.5373079314202295,0.2857142857142857,0.2857142857142857,105,14,Double_Q_curriculum,19
126,21,-0.11138462928089497,0.1310368823705826,0.09523809523809523,0.14285714285714285,126,14,Double_Q_curriculum,19
147,21,0.07882515512764934,0.3256744263448075,0.3333333333333333,0.2857142857142857,144,18,Double_Q_curriculum,19
168,21,0.2576771282843054,1.1608270063003137,0.9047619047619048,0.23809523809523808,165,18,Double_Q_curriculum,19
189,21,0.2387444387976027,0.29079619316641586,0.23809523809523808,0.14285714285714285,186,19,Double_Q_curriculum,19
210,21,0.18955785642362502,0.3816402390857702,0.38095238095238093,0.09523809523809523,207,22,Double_Q_curriculum,19
231,21,0.45664035205865006,0.8100035341082409,0.8095238095238095,0.3333333333333333,213,22,Double_Q_curriculum,19
252,21,0.7426883650069408,1.2052461506335692,0.5714285714285714,0.2857142857142857,234,23,Double_Q_curriculum,19
273,21,0.19273120785594833,0.995228193338782,0.8095238095238095,0.42857142857142855,255,24,Double_Q_curriculum,19
294,21,-0.17912178279286042,0.6897311483798149,0.7619047619047619,0.5238095238095238,268,24,Double_Q_curriculum,19
315,21,-0.04036757329061551,0.3582493001804382,0.5238095238095238,0.5714285714285714,289,24,Double_Q_curriculum,19
336,21,-0.1003597407701543,0.6185506350216632,0.3333333333333333,0.2857142857142857,308,24,Double_Q_curriculum,19
357,21,0.22689192214493592,0.5441977629095058,0.47619047619047616,0.7142857142857143,329,24,Double_Q_curriculum,19
378,21,0.024236100233802356,0.5550041570918043,0.6190476190476191,0.8095238095238095,346,24,Double_Q_curriculum,19
399,21,0.02247449203003804,0.676944363059095,0.6666666666666666,0.3333333333333333,367,24,Double_Q_curriculum,19
420,21,0.3943673496898339,0.6445188076168954,0.8095238095238095,0.2857142857142857,370,24,Double_Q_curriculum,19
441,21,0.2346374184331668,1.0386706865303812,0.7142857142857143,0.5238095238095238,391,27,Double_Q_curriculum,19
462,21,-0.1372146003558043,0.4578445350778321,0.6666666666666666,0.6190476190476191,412,28,Double_Q_curriculum,19
483,21,-0.18336161260032208,0.6692252088056275,0.5714285714285714,0.7142857142857143,428,28,Double_Q_curriculum,19
504,21,-0.021517633313240143,0.2263800097763213,0.2857142857142857,0.14285714285714285,449,28,Double_Q_curriculum,19
525,21,-0.11488451418587611,0.6759351221946963,0.3333333333333333,0.6666666666666666,457,28,Double_Q_curriculum,19
546,21,0.03732339774839605,0.6002487200821749,0.5238095238095238,0.3333333333333333,462,28,Double_Q_curriculum,19
567,21,0.22185171952102822,0.9699566194907451,0.7142857142857143,0.38095238095238093,483,29,Double_Q_curriculum,19
588,21,-0.10386780037484805,0.6213712605807244,0.6666666666666666,0.19047619047619047,490,29,Double_Q_curriculum,19
609,21,-0.37724123991244657,0.9444810235098334,0.8095238095238095,0.42857142857142855,505,29,Double_Q_curriculum,19
630,21,-0.10726873031141501,0.352448663771772,0.38095238095238093,0.3333333333333333,508,29,Double_Q_curriculum,19
651,21,0.1730521739005551,0.6397950205221667,0.5714285714285714,0.38095238095238093,528,29,Double_Q_curriculum,19
672,21,0.0027480099088642387,0.42071687503892863,0.42857142857142855,0.5714285714285714,549,30,Double_Q_curriculum,19
693,21,-0.28744982875789205,0.6502748029846903,0.23809523809523808,0.3333333333333333,562,30,Double_Q_curriculum,19
714,21,-0.2344464457995076,0.4010176642578392,0.2857142857142857,0.14285714285714285,567,30,Double_Q_curriculum,19
735,21,0.2632585011055236,1.0555387217760426,0.7142857142857143,0.3333333333333333,588,30,Double_Q_curriculum,19
756,21,-0.5212989390213796,1.286794402996165,1.0,0.047619047619047616,605,30,Double_Q_curriculum,19
777,21,-0.051418521512955576,0.6470079867827421,0.5714285714285714,0.47619047619047616,625,32,Double_Q_curriculum,19
798,21,0.26733519347947476,0.31118074405086454,0.2857142857142857,0.23809523809523808,638,32,Double_Q_curriculum,19
819,21,0.05595703030720348,0.26406452307788986,0.23809523809523808,0.14285714285714285,659,32,Double_Q_curriculum,19
840,21,0.10388287062591862,0.18086527717579795,0.14285714285714285,0.047619047619047616,678,32,Double_Q_curriculum,19
861,21,-0.11423344561674817,0.8282510403362657,0.42857142857142855,0.7619047619047619,694,32,Double_Q_curriculum,19
882,21,0.15694442772379702,0.9009255994892436,1.0,0.047619047619047616,710,32,Double_Q_curriculum,19
903,21,-0.09477397083870967,0.8236967697334902,0.9523809523809523,0.14285714285714285,710,32,Double_Q_curriculum,19
924,21,0.287370107227763,0.7907343705074077,0.5714285714285714,0.14285714285714285,713,32,Double_Q_curriculum,19
945,21,-0.03100559071316634,0.1556316914077529,0.19047619047619047,0.2857142857142857,726,32,Double_Q_curriculum,19
966,21,0.3153675570771946,1.0529104381050018,0.9047619047619048,0.23809523809523808,726,32,Double_Q_curriculum,19
987,21,-0.028021404833001803,0.29328680719048217,0.5714285714285714,0.14285714285714285,726,32,Double_Q_curriculum,19
1008,21,-0.17216302357212288,1.0338594855290233,0.5714285714285714,0.3333333333333333,747,33,Double_Q_curriculum,19
1029,21,0.15718970470119117,0.7541912394889981,0.3333333333333333,0.19047619047619047,768,33,Double_Q_curriculum,19
1050,21,-0.1633360654501129,0.7523673724799723,0.5714285714285714,0.5714285714285714,789,33,Double_Q_curriculum,19
1071,21,0.16219524083579723,0.40911883329839516,0.3333333333333333,0.047619047619047616,789,33,Double_Q_curriculum,19
1092,21,0.2272053730428395,0.604916495739706,0.5714285714285714,0.2857142857142857,797,33,Double_Q_curriculum,19
1113,21,0.12467917505167564,0.5485972982857765,0.2857142857142857,0.14285714285714285,804,33,Double_Q_curriculum,19
1134,21,0.10156011288744808,1.03050821822676,0.6190476190476191,0.14285714285714285,810,33,Double_Q_curriculum,19
1155,21,-0.16995294150147006,0.8279068755523805,0.9047619047619048,0.14285714285714285,812,33,Double_Q_curriculum,19
1176,21,-0.11392784471805986,0.3029941601585017,0.3333333333333333,0.47619047619047616,812,33,Double_Q_curriculum,19
1197,21,0.12168613594151441,0.568170208678967,0.9523809523809523,0.14285714285714285,812,33,Double_Q_curriculum,19
1218,21,-0.018237394603751057,0.5023894396510357,0.2857142857142857,0.47619047619047616,825,33,Double_Q_curriculum,19
1239,21,-0.2918947052666153,1.2318868615034324,0.6190476190476191,0.19047619047619047,826,33,Double_Q_curriculum,19
1260,21,-0.23198592634484896,0.8145629012145597,0.5714285714285714,0.42857142857142855,827,33,Double_Q_curriculum,19
1281,21,0.07162014037069547,0.4635139129276156,0.7142857142857143,0.42857142857142855,832,33,Double_Q_curriculum,19
1302,21,0.05292312427596563,0.4494722466204599,0.3333333333333333,0.47619047619047616,845,33,Double_Q_curriculum,19
1323,21,0.14476255171671565,0.6315161351519822,0.5238095238095238,0.38095238095238093,845,33,Double_Q_curriculum,19
1344,21,-0.38841605880196084,1.0676654346639889,0.3333333333333333,0.38095238095238093,859,35,Double_Q_curriculum,19
1365,21,0.5848669671540442,1.0151096420473438,0.47619047619047616,0.42857142857142855,859,35,Double_Q_curriculum,19
1386,21,0.23816880431717702,0.7870557001806591,0.7619047619047619,0.3333333333333333,859,35,Double_Q_curriculum,19
1407,21,-0.011158570797634366,0.8458161552867077,0.9523809523809523,0.14285714285714285,863,35,Double_Q_curriculum,19
1428,21,0.2981877128736369,0.6064573997260582,0.42857142857142855,0.7142857142857143,865,35,Double_Q_curriculum,19
1449,21,-0.04893436797007987,0.7970185833473211,0.8095238095238095,0.14285714285714285,865,35,Double_Q_curriculum,19
1470,21,-0.14881877986306047,0.7099597226892349,0.6190476190476191,0.42857142857142855,865,35,Double_Q_curriculum,19
1491,21,0.19244098702001247,0.5365688323326625,0.6190476190476191,0.19047619047619047,865,35,Double_Q_curriculum,19
1512,21,-0.35381806337932875,0.46628806862842387,0.3333333333333333,0.23809523809523808,870,35,Double_Q_curriculum,19
1533,21,-0.03105465779910067,0.19005286438255622,0.23809523809523808,0.3333333333333333,870,35,Double_Q_curriculum,19
1554,21,0.14000753917366277,0.3502395952095736,0.5714285714285714,0.14285714285714285,874,35,Double_Q_curriculum,19
1575,21,-0.11033064255265865,1.138422699816458,0.47619047619047616,0.8571428571428571,876,35,Double_Q_curriculum,19
1596,21,0.15946086460842807,0.7860152787157747,0.7619047619047619,0.3333333333333333,877,35,Double_Q_curriculum,19
1617,21,0.04317538576064596,0.898019141886358,0.6190476190476191,0.38095238095238093,891,35,Double_Q_curriculum,19
1638,21,-0.01779983411900513,0.6587228868927031,0.5238095238095238,0.5238095238095238,891,35,Double_Q_curriculum,19
1659,21,-0.20984287741053742,0.8894452888012122,0.38095238095238093,0.5714285714285714,893,36,Double_Q_curriculum,19
1680,21,-0.018136506719015406,0.15529760236188017,0.14285714285714285,0.19047619047619047,893,36,Double_Q_curriculum,19
1701,21,0.06993204209350205,0.8369936669663073,0.8095238095238095,0.047619047619047616,893,36,Double_Q_curriculum,19
1722,21,-0.16549074059264146,0.6311616697914063,0.3333333333333333,0.47619047619047616,893,36,Double_Q_curriculum,19
1743,21,0.24698822022469002,0.5632251492120671,0.9047619047619048,0.23809523809523808,893,36,Double_Q_curriculum,19
1764,21,-0.13961539192829558,1.1724387495885906,0.7142857142857143,0.47619047619047616,896,36,Double_Q_curriculum,19
1785,21,-0.17268748004720957,0.5204575812037758,0.5238095238095238,0.6666666666666666,896,36,Double_Q_curriculum,19
1806,21,-0.14560787303507094,0.603013791917143,0.5238095238095238,0.8095238095238095,896,36,Double_Q_curriculum,19
1827,21,0.1066021362184438,0.34226814568543307,0.2857142857142857,0.19047619047619047,904,36,Double_Q_curriculum,19
1848,21,-0.41562603752109595,0.8660964896230923,0.6666666666666666,0.14285714285714285,925,36,Double_Q_curriculum,19
1869,21,0.0772880019900332,0.8581511062842845,0.8095238095238095,0.23809523809523808,925,36,Double_Q_curriculum,19
1890,21,-0.3139816576049802,0.727109786797904,0.5238095238095238,0.23809523809523808,925,36,Double_Q_curriculum,19
1911,21,0.1927223016330762,0.9852802198736541,0.7619047619047619,0.23809523809523808,925,36,Double_Q_curriculum,19
1932,21,0.0077846265427919895,0.8282752758860442,0.6666666666666666,0.3333333333333333,925,36,Double_Q_curriculum,19
1953,21,0.2385174485975098,0.66505513722763,0.9047619047619048,0.23809523809523808,927,36,Double_Q_curriculum,19
1974,21,-0.1736248210290408,0.44930811350082855,0.19047619047619047,0.2857142857142857,927,36,Double_Q_curriculum,19
1995,21,0.361130248972144,0.7025299943972281,0.47619047619047616,0.19047619047619047,946,37,Double_Q_curriculum,19
2016,21,0.16026713883817095,0.7167109321301856,0.7619047619047619,0.5238095238095238,967,37,Double_Q_curriculum,19
2037,21,0.3518784586111485,1.0023780395501707,0.7142857142857143,0.6190476190476191,967,37,Double_Q_curriculum,19
2058,21,-0.15841734799839768,0.5697742422154128,0.5238095238095238,0.19047619047619047,967,37,Double_Q_curriculum,19
2079,21,-0.055860617751472524,0.19190161939491443,0.3333333333333333,0.5238095238095238,967,37,Double_Q_curriculum,19
2100,21,-0.1421744635602621,0.7432257548902736,0.8571428571428571,0.3333333333333333,967,37,Double_Q_curriculum,19
2121,21,0.31913048273432376,0.6054775670352767,0.5238095238095238,0.23809523809523808,967,37,Double_Q_curriculum,19
2142,21,-0.165610754164435,0.7410756206144715,0.9047619047619048,0.23809523809523808,988,37,Double_Q_curriculum,19
2163,21,0.0574097440502018,0.8158360469965674,0.7619047619047619,0.19047619047619047,994,37,Double_Q_curriculum,19
2184,21,0.24921368660238197,0.3514150601480345,0.23809523809523808,0.14285714285714285,994,37,Double_Q_curriculum,19
2205,21,0.028935213484875176,0.5645410976554405,0.7619047619047619,0.3333333333333333,994,37,Double_Q_curriculum,19
2226,21,-0.17725191714660457,0.6399692985693826,0.23809523809523808,0.38095238095238093,996,37,Double_Q_curriculum,19
2247,21,-0.35446481808386565,0.9528983428237138,0.8095238095238095,0.14285714285714285,1001,37,Double_Q_curriculum,19
2268,21,-0.1357974055445698,1.146297667457101,0.7142857142857143,0.2857142857142857,1001,37,Double_Q_curriculum,19
2289,21,0.2137134281544258,0.7056582328874653,0.3333333333333333,0.47619047619047616,1001,37,Double_Q_curriculum,19
2310,21,-0.040449909603909324,0.2808338760574231,0.2857142857142857,0.5714285714285714,1006,37,Double_Q_curriculum,19
2331,21,-0.15529787285608002,0.5653649119585149,0.47619047619047616,0.2857142857142857,1017,37,Double_Q_curriculum,19
2352,21,0.14097356939075015,0.7803253356746402,0.8571428571428571,0.14285714285714285,1020,37,Double_Q_curriculum,19
2373,21,-0.10495184688395277,0.8418121281261096,0.8095238095238095,0.23809523809523808,1020,37,Double_Q_curriculum,19
2394,21,-0.028007875402406318,0.389467715676309,0.2857142857142857,0.5238095238095238,1020,37,Double_Q_curriculum,19
2415,21,-0.39629458851721805,1.1515778423439884,0.8095238095238095,0.14285714285714285,1022,37,Double_Q_curriculum,19
2436,21,0.09963055917002259,0.7156836010106712,0.7142857142857143,0.2857142857142857,1022,37,Double_Q_curriculum,19
2457,21,0.031034349989053,0.7445691194244105,0.8095238095238095,0.23809523809523808,1022,37,Double_Q_curriculum,19
2478,21,0.05360064058293806,0.5559915939547116,0.42857142857142855,0.7142857142857143,1022,37,Double_Q_curriculum,19
2499,21,-0.0014091068545871404,0.7604526610056226,0.5238095238095238,0.23809523809523808,1022,37,Double_Q_curriculum,19
2520,21,-0.12710812430602478,0.6006957584801819,0.09523809523809523,0.19047619047619047,1022,37,Double_Q_curriculum,19
2541,21,0.17369349901787615,0.6433898345231895,0.3333333333333333,0.09523809523809523,1022,37,Double_Q_curriculum,19
2562,21,-0.08230680074760524,0.5424117517380591,0.7619047619047619,0.14285714285714285,1022,37,Double_Q_curriculum,19
2583,21,-0.5897761341178709,1.5254831956771377,0.7619047619047619,0.42857142857142855,1022,37,Double_Q_curriculum,19
2604,21,-0.28055918695705057,0.5294418024553822,0.3333333333333333,0.6190476190476191,1022,37,Double_Q_curriculum,19
2625,21,-0.25358366401052507,1.019925374916142,0.5714285714285714,0.5714285714285714,1022,37,Double_Q_curriculum,19
2646,21,0.11345811658285705,0.5980968171223503,0.7619047619047619,0.3333333333333333,1022,37,Double_Q_curriculum,19
2667,21,0.4980481171717773,0.9103062307763294,0.7619047619047619,0.3333333333333333,1042,37,Double_Q_curriculum,19
2688,21,0.07374917273639504,0.3794996467507822,0.38095238095238093,0.5714285714285714,1042,37,Double_Q_curriculum,19
2709,21,-0.10452372614297219,0.40932272119619595,0.38095238095238093,0.14285714285714285,1042,37,Double_Q_curriculum,19
2730,21,0.2393690258551133,0.5295082907563087,0.2857142857142857,0.47619047619047616,1043,37,Double_Q_curriculum,19
2751,21,-0.02421836015734547,0.6131434229300231,0.38095238095238093,0.5714285714285714,1043,37,Double_Q_curriculum,19
2772,21,-0.0035289916933230947,0.47360499974476966,0.19047619047619047,0.23809523809523808,1043,37,Double_Q_curriculum,19
2793,21,-0.08387275590068233,0.43912387057003743,0.47619047619047616,0.8095238095238095,1044,37,Double_Q_curriculum,19
2814,21,0.035047405212149364,0.5640687500392756,0.7619047619047619,0.3333333333333333,1044,37,Double_Q_curriculum,19
2835,21,0.14077170977293582,0.4220605522274325,0.6190476190476191,0.6190476190476191,1044,37,Double_Q_curriculum,19
2856,21,0.0712005531376885,0.3018152397453442,0.47619047619047616,0.9047619047619048,1044,37,Double_Q_curriculum,19
2877,21,-0.05635829621360253,0.5353646177543856,0.19047619047619047,0.3333333333333333,1053,37,Double_Q_curriculum,19
2898,21,0.4499745180345192,0.9569893000519617,0.5714285714285714,0.14285714285714285,1053,37,Double_Q_curriculum,19
2919,21,-0.01768023722395457,0.11967917170296104,0.047619047619047616,0.09523809523809523,1053,37,Double_Q_curriculum,19
2940,21,-0.19001837241175493,0.8444960398673644,0.9523809523809523,0.14285714285714285,1054,37,Double_Q_curriculum,19
2961,21,-0.2704693207017306,0.6981091642501903,0.5714285714285714,0.7142857142857143,1054,37,Double_Q_curriculum,19
2982,21,0.37364415742181545,0.6269945711949377,0.9047619047619048,0.14285714285714285,1058,37,Double_Q_curriculum,19
3003,21,0.1353732374216159,0.4348454639900839,0.5238095238095238,0.47619047619047616,1060,37,Double_Q_curriculum,19
3024,21,-0.13867579106814176,0.23066064499323755,0.09523809523809523,0.19047619047619047,1060,37,Double_Q_curriculum,19
3045,21,-0.15661464318181575,0.28361433553939724,0.09523809523809523,0.19047619047619047,1060,37,Double_Q_curriculum,19
3066,21,-0.1646576931326876,0.7110216728705827,0.5714285714285714,0.5714285714285714,1068,37,Double_Q_curriculum,19
3087,21,-0.12000612781100413,0.503232433057315,0.38095238095238093,0.23809523809523808,1068,37,Double_Q_curriculum,19
3108,21,0.14999156191582308,0.4301086322219207,0.38095238095238093,0.6666666666666666,1068,37,Double_Q_curriculum,19
3129,21,-0.06411483930365847,0.47549490177807274,0.14285714285714285,0.2857142857142857,1068,37,Double_Q_curriculum,19
3150,21,0.014299660545839669,0.6610047349252514,0.6666666666666666,0.38095238095238093,1068,37,Double_Q_curriculum,19
3171,21,-0.086767448310162,0.26476802661936877,0.23809523809523808,0.47619047619047616,1068,37,Double_Q_curriculum,19
3192,21,-0.1319417575625113,0.4114464413524474,0.2857142857142857,0.3333333333333333,1068,37,Double_Q_curriculum,19
3213,21,0.38509006081117697,0.44607826557457986,0.42857142857142855,0.8571428571428571,1068,37,Double_Q_curriculum,19
3234,21,0.23434681993540693,0.46148457074684435,0.8095238095238095,0.23809523809523808,1068,37,Double_Q_curriculum,19
3255,21,0.0020346156352995474,0.6813096034502127,0.38095238095238093,0.38095238095238093,1068,37,Double_Q_curriculum,19
3276,21,0.08762947651124278,0.399238869328116,0.19047619047619047,0.19047619047619047,1073,39,Double_Q_curriculum,19
3297,21,-0.23571305750795146,0.6967237940538996,0.5714285714285714,0.8095238095238095,1076,39,Double_Q_curriculum,19
3318,21,0.16613601925950222,0.392771718966354,0.19047619047619047,0.23809523809523808,1076,39,Double_Q_curriculum,19
3339,21,0.14133468584435033,0.4770126831458096,0.42857142857142855,0.8095238095238095,1076,39,Double_Q_curriculum,19
3360,21,-0.13635040190878484,0.691541619015114,0.7619047619047619,0.5238095238095238,1076,39,Double_Q_curriculum,19
3381,21,-0.0715297082098557,0.5962700711060878,0.5714285714285714,0.7142857142857143,1076,39,Double_Q_curriculum,19
3402,21,0.0031911215192633683,0.5492400734780256,0.3333333333333333,0.42857142857142855,1079,39,Double_Q_curriculum,19
3423,21,-0.12119966797500553,0.2923351866612932,0.047619047619047616,0.09523809523809523,1079,39,Double_Q_curriculum,19
3444,21,-0.03612869089599454,0.39321321839992945,0.23809523809523808,0.38095238095238093,1079,39,Double_Q_curriculum,19
3465,21,0.10726099388366205,0.14940628723236035,0.047619047619047616,0.09523809523809523,1081,39,Double_Q_curriculum,19
3486,21,-0.16452433396912391,0.6114367036420192,0.8095238095238095,0.047619047619047616,1089,39,Double_Q_curriculum,19
3507,21,0.046474296540023934,0.5173625307214974,0.47619047619047616,0.6190476190476191,1089,39,Double_Q_curriculum,19
3528,21,-0.08605013193582896,0.48829959977688087,0.38095238095238093,0.5238095238095238,1089,39,Double_Q_curriculum,19
3549,21,-0.28726786554211675,0.7829477738775578,0.42857142857142855,0.38095238095238093,1089,39,Double_Q_curriculum,19
3570,21,0.13614761570587566,0.5432177141062431,0.8095238095238095,0.19047619047619047,1089,39,Double_Q_curriculum,19
3591,21,0.22444301565077857,0.7031206140475603,0.8095238095238095,0.2857142857142857,1089,39,Double_Q_curriculum,19
3612,21,0.29547293951577736,1.0499543120455912,0.7619047619047619,0.14285714285714285,1089,39,Double_Q_curriculum,19
3633,21,-0.0478598375957686,0.1082799153435001,0.047619047619047616,0.09523809523809523,1089,39,Double_Q_curriculum,19
3654,21,0.2390025905762883,0.6007142373214167,0.5238095238095238,0.8095238095238095,1089,39,Double_Q_curriculum,19
3675,21,0.3085814886026143,0.9318824764096334,0.7142857142857143,0.42857142857142855,1091,39,Double_Q_curriculum,19
3696,21,0.28737199525152357,0.49884826118678643,0.8095238095238095,0.047619047619047616,1091,39,Double_Q_curriculum,19
3717,21,0.0434699780794242,0.6087021654469393,0.6666666666666666,0.2857142857142857,1091,39,Double_Q_curriculum,19
3738,21,-0.3967101183077314,0.8881265601516414,0.8571428571428571,0.047619047619047616,1099,39,Double_Q_curriculum,19
3759,21,0.07271908264570467,0.36540120591958963,0.23809523809523808,0.3333333333333333,1099,39,Double_Q_curriculum,19
3780,21,0.4906039186883947,0.6356205722085223,0.3333333333333333,0.47619047619047616,1101,41,Double_Q_curriculum,19
3801,21,-0.11143822858908206,0.2563090467832805,0.14285714285714285,0.2857142857142857,1101,41,Double_Q_curriculum,19
3822,21,-0.08187682672326997,0.8866249019320762,0.42857142857142855,0.42857142857142855,1101,41,Double_Q_curriculum,19
3843,21,0.27103813720721837,0.9920973917711187,0.8571428571428571,0.3333333333333333,1105,41,Double_Q_curriculum,19
3864,21,0.10878226581788297,0.5409018312851239,0.47619047619047616,0.7619047619047619,1105,41,Double_Q_curriculum,19
3885,21,-0.01678807641412216,0.5358068830725377,0.14285714285714285,0.2857142857142857,1105,41,Double_Q_curriculum,19
3906,21,0.16168920184671456,0.7182575240978865,0.6666666666666666,0.6190476190476191,1105,41,Double_Q_curriculum,19
3927,21,0.09789382758868764,0.8007095276067583,0.7619047619047619,0.2857142857142857,1108,41,Double_Q_curriculum,19
3948,21,-0.3361197757913876,0.563215213067101,0.47619047619047616,0.19047619047619047,1108,41,Double_Q_curriculum,19
3969,21,0.029967433073380425,0.3196672021927246,0.38095238095238093,0.23809523809523808,1108,41,Double_Q_curriculum,19
3990,21,-0.12307979482064335,0.5780267671334867,0.5238095238095238,0.38095238095238093,1108,41,Double_Q_curriculum,19
4011,21,0.022743049882536653,0.8781695220866125,0.8571428571428571,0.3333333333333333,1108,41,Double_Q_curriculum,19
4032,21,-0.24643656953104265,0.6731578036951092,0.8571428571428571,0.2857142857142857,1108,41,Double_Q_curriculum,19
4053,21,0.19716391681241063,0.34427081747151167,0.3333333333333333,0.42857142857142855,1108,41,Double_Q_curriculum,19
4074,21,0.061988928079577406,0.9381036911248343,0.7142857142857143,0.42857142857142855,1108,41,Double_Q_curriculum,19
4095,21,-0.28332621049953144,0.7526703324882646,0.2857142857142857,0.47619047619047616,1108,41,Double_Q_curriculum,19
4116,21,-0.12131468292155398,0.3600553917180498,0.2857142857142857,0.5714285714285714,1108,41,Double_Q_curriculum,19
4137,21,0.11103481667652136,0.6364137951888402,0.7619047619047619,0.23809523809523808,1108,41,Double_Q_curriculum,19
4158,21,-0.3435619020775318,0.7155450015761007,0.6190476190476191,0.7142857142857143,1108,41,Double_Q_curriculum,19
4179,21,0.14844967881288934,0.2296507608541867,0.09523809523809523,0.14285714285714285,1108,41,Double_Q_curriculum,19
4200,21,-0.03024822853218675,0.1526211108622699,0.09523809523809523,0.19047619047619047,1108,41,Double_Q_curriculum,19
4221,21,-0.01722375201979786,0.4447919499802881,0.23809523809523808,0.2857142857142857,1108,41,Double_Q_curriculum,19
4242,21,0.04073951745451956,0.1708413958666912,0.09523809523809523,0.09523809523809523,1108,41,Double_Q_curriculum,19
4263,21,0.1606729993956574,0.28436443954535157,0.23809523809523808,0.47619047619047616,1108,41,Double_Q_curriculum,19
4284,21,-0.13109703982730508,0.2544590653972162,0.2857142857142857,0.2857142857142857,1108,41,Double_Q_curriculum,19
4305,21,0.1278229130926366,0.6107355306289102,0.3333333333333333,0.38095238095238093,1108,41,Double_Q_curriculum,19
4326,21,-0.269915739957496,0.8217785152327108,0.9047619047619048,0.23809523809523808,1108,41,Double_Q_curriculum,19
4347,21,-0.23955222831286874,0.6438594761405322,0.5714285714285714,0.47619047619047616,1108,41,Double_Q_curriculum,19
4368,21,0.08099338259591163,0.45365797316016937,0.23809523809523808,0.38095238095238093,1108,41,Double_Q_curriculum,19
4389,21,-0.2380323302925755,0.606798714853381,0.7142857142857143,0.38095238095238093,1108,41,Double_Q_curriculum,19
4410,21,-0.12530850987928674,0.5982871184225041,0.6190476190476191,0.5238095238095238,1108,41,Double_Q_curriculum,19
4431,21,-0.34906330872639546,0.6832533333145628,0.6190476190476191,0.47619047619047616,1108,41,Double_Q_curriculum,19
4452,21,0.24318514720078083,0.5073538105987749,0.5714285714285714,0.19047619047619047,1108,41,Double_Q_curriculum,19
4473,21,0.2670273668213422,0.42914392759955994,0.3333333333333333,0.2857142857142857,1110,41,Double_Q_curriculum,19
4494,21,0.028357935901395955,0.3766503810345766,0.14285714285714285,0.2857142857142857,1110,41,Double_Q_curriculum,19
4515,21,-0.014776382636477858,0.3456761427905058,0.42857142857142855,0.8095238095238095,1110,41,Double_Q_curriculum,19
4536,21,-0.10393985330792553,0.6450633860176332,0.47619047619047616,0.5714285714285714,1110,41,Double_Q_curriculum,19
4557,21,0.05413031335825321,0.08473407432077652,0.047619047619047616,0.09523809523809523,1110,41,Double_Q_curriculum,19
4578,21,0.36503761103523746,0.6231653960907069,0.38095238095238093,0.38095238095238093,1110,41,Double_Q_curriculum,19
4599,21,-0.280496966197468,0.5365131937076313,0.38095238095238093,0.38095238095238093,1110,41,Double_Q_curriculum,19
4620,21,-0.16687503573667822,0.5387276228179826,0.6666666666666666,0.2857142857142857,1110,41,Double_Q_curriculum,19
4641,21,-0.06428012833669522,0.2704460244575247,0.23809523809523808,0.23809523809523808,1110,41,Double_Q_curriculum,19
4662,21,-0.3026679376979733,0.3930979782743378,0.23809523809523808,0.2857142857142857,1110,41,Double_Q_curriculum,19
4683,21,-0.09974759668121382,0.7368859822837859,0.42857142857142855,0.47619047619047616,1110,41,Double_Q_curriculum,19
4704,21,0.19791866444942463,0.49126473498655265,0.7619047619047619,0.23809523809523808,1110,41,Double_Q_curriculum,19
4725,21,-0.2742946437307789,1.0199971456248693,0.5714285714285714,0.19047619047619047,1110,41,Double_Q_curriculum,19
4746,21,-0.5200436588503152,1.1762135057753027,0.8571428571428571,0.23809523809523808,1110,41,Double_Q_curriculum,19
4767,21,-0.0788278264733209,0.5630849727847971,0.47619047619047616,0.3333333333333333,1110,41,Double_Q_curriculum,19
4788,21,-0.03728335157577182,0.06471404406048006,0.09523809523809523,0.14285714285714285,1110,41,Double_Q_curriculum,19
4809,21,0.20580613216489568,0.37766218682028513,0.23809523809523808,0.3333333333333333,1110,41,Double_Q_curriculum,19
4830,21,-0.00817329458715171,0.11747294074964063,0.14285714285714285,0.2857142857142857,1110,41,Double_Q_curriculum,19
4851,21,-0.05428976370482212,0.33695206050817417,0.19047619047619047,0.3333333333333333,1110,41,Double_Q_curriculum,19
4872,21,-0.12479784804616349,0.28173680650871363,0.14285714285714285,0.19047619047619047,1110,41,Double_Q_curriculum,19
4893,21,0.17684942887320546,1.2226419393720993,0.6666666666666666,0.38095238095238093,1110,41,Double_Q_curriculum,19
4914,21,-0.29862719791456666,0.746308722523504,0.38095238095238093,0.38095238095238093,1110,41,Double_Q_curriculum,19
4935,21,0.21105907261257592,0.45952916647968,0.38095238095238093,0.14285714285714285,1110,41,Double_Q_curriculum,19
4956,21,0.10235255562500487,0.7311200916625327,0.7142857142857143,0.3333333333333333,1110,41,Double_Q_curriculum,19
4977,21,0.005091822922416069,0.18263078359365412,0.19047619047619047,0.19047619047619047,1110,41,Double_Q_curriculum,19
4998,21,0.30167961631966284,0.6227881579483994,0.23809523809523808,0.38095238095238093,1110,41,Double_Q_curriculum,19
5019,21,0.07487088231814096,0.848124201219966,0.5714285714285714,0.047619047619047616,1115,41,Double_Q_curriculum,19
5040,21,-0.0791481978537676,0.36428755960145764,0.3333333333333333,0.6190476190476191,1115,41,Double_Q_curriculum,19
5061,21,-0.009936650386475246,0.8486575559629854,0.5714285714285714,0.42857142857142855,1128,41,Double_Q_curriculum,19
5082,21,0.379355987371696,0.7051841543227396,0.9523809523809523,0.14285714285714285,1128,41,Double_Q_curriculum,19
5103,21,0.03683439257816666,0.8276575361955635,0.8571428571428571,0.2857142857142857,1128,41,Double_Q_curriculum,19
5124,21,0.014071554772076,0.5731376261568395,0.7142857142857143,0.14285714285714285,1128,41,Double_Q_curriculum,19
5145,21,0.02738357356158245,0.6445461501521246,0.6190476190476191,0.5238095238095238,1128,41,Double_Q_curriculum,19
5166,21,-0.3612614938954445,0.7967423585499172,0.38095238095238093,0.09523809523809523,1128,41,Double_Q_curriculum,19
5187,21,0.21785884132486832,0.6245038815145321,0.5238095238095238,0.23809523809523808,1128,41,Double_Q_curriculum,19
5208,21,-0.04105670864188659,0.2577985580061406,0.14285714285714285,0.2857142857142857,1128,41,Double_Q_curriculum,19
5229,21,0.009977877556393002,0.443796817768185,0.23809523809523808,0.2857142857142857,1128,41,Double_Q_curriculum,19
5250,21,-0.0460755655895987,0.08463036613298906,0.09523809523809523,0.14285714285714285,1128,41,Double_Q_curriculum,19
5271,21,-0.1793500904419389,1.280660138175023,0.7619047619047619,0.42857142857142855,1128,41,Double_Q_curriculum,19
5292,21,-0.14049575112804494,0.9175544811371736,0.42857142857142855,0.3333333333333333,1128,41,Double_Q_curriculum,19
5313,21,-0.009309902901042518,0.8865094235453788,0.5714285714285714,0.6666666666666666,1128,41,Double_Q_curriculum,19
5334,21,-0.017590603239402237,0.2616146897525114,0.23809523809523808,0.38095238095238093,1128,41,Double_Q_curriculum,19
5355,21,0.47537919509745047,1.0334557118671375,0.47619047619047616,0.6190476190476191,1128,41,Double_Q_curriculum,19
5376,21,0.2459999171156424,0.6429592222090379,0.7142857142857143,0.5238095238095238,1128,41,Double_Q_curriculum,19
5397,21,0.00832038685549064,0.5922940822515816,0.47619047619047616,0.5714285714285714,1128,41,Double_Q_curriculum,19
5418,21,0.09707504878116674,0.3256416053823714,0.38095238095238093,0.2857142857142857,1128,41,Double_Q_curriculum,19
5439,21,0.17587736283399144,0.9927238395324883,0.7619047619047619,0.42857142857142855,1128,41,Double_Q_curriculum,19
5460,21,-0.10357305910096815,0.6756381205409893,0.5714285714285714,0.3333333333333333,1128,41,Double_Q_curriculum,19
5481,21,-0.3432094243445848,0.8216456553950989,0.3333333333333333,0.47619047619047616,1128,41,Double_Q_curriculum,19
5502,21,0.15005894384065915,0.3989001323309415,0.47619047619047616,0.8095238095238095,1132,41,Double_Q_curriculum,19
5523,21,0.08609242211041343,0.6544063598115921,1.0,0.047619047619047616,1132,41,Double_Q_curriculum,19
5544,21,-0.014698235486801164,0.37502838894490165,0.47619047619047616,0.47619047619047616,1134,41,Double_Q_curriculum,19
5565,21,-0.432248246630228,0.5338713836620542,0.2857142857142857,0.23809523809523808,1134,41,Double_Q_curriculum,19
5586,21,0.018662441533884393,0.6140412126942311,0.6666666666666666,0.2857142857142857,1134,41,Double_Q_curriculum,19
5607,21,-0.006692758204320071,0.1974029556743479,0.09523809523809523,0.19047619047619047,1134,41,Double_Q_curriculum,19
5628,21,0.11149515596808063,0.7107715243785265,0.42857142857142855,0.2857142857142857,1134,41,Double_Q_curriculum,19
5649,21,0.0038216952831943074,0.905810718542489,0.42857142857142855,0.5714285714285714,1134,41,Double_Q_curriculum,19
5670,21,0.05824313301205962,0.18397811314595452,0.047619047619047616,0.09523809523809523,1134,41,Double_Q_curriculum,19
5691,21,-0.0986475851948474,0.22269384827130959,0.09523809523809523,0.19047619047619047,1134,41,Double_Q_curriculum,19
5712,21,0.5288247282515987,1.1608206356062745,0.7142857142857143,0.38095238095238093,1134,41,Double_Q_curriculum,19
5733,21,-0.11389889428430426,0.46935816271103936,0.14285714285714285,0.23809523809523808,1138,41,Double_Q_curriculum,19
5754,21,-0.18219903254674488,0.3962573442284113,0.09523809523809523,0.19047619047619047,1138,41,Double_Q_curriculum,19
5775,21,-0.11078334896584051,0.4356058579226949,0.2857142857142857,0.2857142857142857,1138,41,Double_Q_curriculum,19
5796,21,-0.21848196174720563,0.3333167369015972,0.14285714285714285,0.19047619047619047,1138,41,Double_Q_curriculum,19
5817,21,0.1869078073544115,0.5336962920766165,0.19047619047619047,0.2857142857142857,1138,41,Double_Q_curriculum,19
5838,21,0.048913344064066416,0.24508115380963263,0.09523809523809523,0.19047619047619047,1138,41,Double_Q_curriculum,19
5859,21,0.13618341337204623,0.4796311454860111,0.5714285714285714,0.42857142857142855,1138,41,Double_Q_curriculum,19
5880,21,-0.006357445166783794,0.7599991725654335,0.47619047619047616,0.42857142857142855,1138,41,Double_Q_curriculum,19
5901,21,-0.45708560861171543,0.5583330316154265,0.3333333333333333,0.19047619047619047,1138,41,Double_Q_curriculum,19
5922,21,0.0602320975863731,0.831294690633054,0.8571428571428571,0.23809523809523808,1138,41,Double_Q_curriculum,19
5943,21,0.08809379732916393,0.22874058341707468,0.2857142857142857,0.42857142857142855,1138,41,Double_Q_curriculum,19
5964,21,-0.2873628171124821,0.41039337485166416,0.14285714285714285,0.23809523809523808,1138,41,Double_Q_curriculum,19
5985,21,0.062363911294236185,0.23698136447337376,0.2857142857142857,0.2857142857142857,1138,41,Double_Q_curriculum,19
6006,21,0.05354529714053159,0.3648304955098882,0.3333333333333333,0.14285714285714285,1138,41,Double_Q_curriculum,19
6066,60,-0.20731954087138998,0.9245490842655621,0.65,0.26666666666666666,1138,41,Double_Q_curriculum,19
6126,60,0.1822280533108658,0.8304563001654834,0.75,0.18333333333333332,1138,41,Double_Q_curriculum,19
6186,60,-0.177928957735175,0.538763920929164,0.38333333333333336,0.3,1138,41,Double_Q_curriculum,19
6246,60,-0.10807084691564409,0.3919436474681295,0.36666666666666664,0.3,1138,41,Double_Q_curriculum,19
6306,60,0.001480122019102433,0.8940012556273057,0.6666666666666666,0.18333333333333332,1138,41,Double_Q_curriculum,19
6366,60,-0.03800600883683715,0.627001057169861,0.31666666666666665,0.2833333333333333,1138,41,Double_Q_curriculum,19
6426,60,-0.11055574434737184,0.3551978866047218,0.26666666666666666,0.3,1138,41,Double_Q_curriculum,19
6486,60,-0.21536834628814264,0.7267172508040508,0.5166666666666667,0.48333333333333334,1138,41,Double_Q_curriculum,19
6546,60,-0.02129951691539044,0.3262177239693754,0.4166666666666667,0.26666666666666666,1138,41,Double_Q_curriculum,19
6606,60,-0.14158084688499709,0.5528362475980757,0.45,0.36666666666666664,1138,41,Double_Q_curriculum,19
6666,60,-0.15131029839507035,0.4901297093279603,0.2833333333333333,0.3,1138,41,Double_Q_curriculum,19
6726,60,-0.13886229951931114,0.39357157754545435,0.31666666666666665,0.5333333333333333,1138,41,Double_Q_curriculum,19
6786,60,0.11591690128995719,0.6076205424678227,0.35,0.43333333333333335,1138,41,Double_Q_curriculum,19
6846,60,-0.003642913755067049,0.4718557159969955,0.21666666666666667,0.43333333333333335,1138,41,Double_Q_curriculum,19
6906,60,-0.09352836111506642,0.2955326408413045,0.11666666666666667,0.23333333333333334,1138,41,Double_Q_curriculum,19
6966,60,0.11750643794459086,0.5025779020119295,0.6,0.15,1138,41,Double_Q_curriculum,19
7026,60,-0.08726670512294733,0.5068720943209858,0.4166666666666667,0.23333333333333334,1138,41,Double_Q_curriculum,19
7086,60,0.003716457350114661,0.8406669664533115,0.6,0.43333333333333335,1138,41,Double_Q_curriculum,19
7146,60,-0.008110481240785675,0.24091158992977618,0.26666666666666666,0.18333333333333332,1138,41,Double_Q_curriculum,19
7206,60,-0.08190313936656593,0.38011014535549614,0.4166666666666667,0.13333333333333333,1138,41,Double_Q_curriculum,19
7266,60,-0.0007513208687255996,0.448751026132668,0.3,0.3333333333333333,1138,41,Double_Q_curriculum,19
7326,60,-0.018176796144129457,0.33709975731882935,0.26666666666666666,0.4,1138,41,Double_Q_curriculum,19
7386,60,-0.10943413553269567,0.5791435742616999,0.45,0.45,1138,41,Double_Q_curriculum,19
7446,60,0.013838155773761867,0.18949130278803988,0.13333333333333333,0.26666666666666666,1138,41,Double_Q_curriculum,19
7506,60,-0.03962085003009321,0.22439108493587484,0.2,0.2,1138,41,Double_Q_curriculum,19
7566,60,-0.1263196782701801,0.383952686533342,0.16666666666666666,0.23333333333333334,1143,41,Double_Q_curriculum,19
7626,60,0.003833038614643965,0.22430027170695285,0.25,0.2,1143,41,Double_Q_curriculum,19
7686,60,-0.03991616987961591,0.08601954635853105,0.06666666666666667,0.1,1143,41,Double_Q_curriculum,19
7746,60,0.035060804342742655,0.3934209500234297,0.16666666666666666,0.3,1143,41,Double_Q_curriculum,19
7806,60,-0.030447314298427102,0.17406488296467088,0.16666666666666666,0.26666666666666666,1143,41,Double_Q_curriculum,19
7866,60,0.08288815907753028,0.18579892683602148,0.06666666666666667,0.11666666666666667,1143,41,Double_Q_curriculum,19
7926,60,-0.0749349569415227,0.5216847109802791,0.31666666666666665,0.36666666666666664,1143,41,Double_Q_curriculum,19
7986,60,-0.07241648062539936,0.5778835387310632,0.3333333333333333,0.13333333333333333,1143,41,Double_Q_curriculum,19
8046,60,0.1666354238073441,0.3989431960873841,0.43333333333333335,0.3,1143,41,Double_Q_curriculum,19
8106,60,0.05073259011551711,0.36074423192428023,0.4666666666666667,0.48333333333333334,1143,41,Double_Q_curriculum,19
8166,60,-0.03200473025278205,0.4388217679949234,0.26666666666666666,0.43333333333333335,1143,41,Double_Q_curriculum,19
8226,60,-0.054705104795166805,0.45637570487985635,0.35,0.16666666666666666,1143,41,Double_Q_curriculum,19
8286,60,0.284105986987868,0.6533212558391212,0.6,0.3,1143,41,Double_Q_curriculum,19
8346,60,-0.011847936169362779,0.2326289912107383,0.21666666666666667,0.23333333333333334,1143,41,Double_Q_curriculum,19
8406,60,-0.008581270484407818,0.664311649202057,0.6333333333333333,0.2833333333333333,1143,41,Double_Q_curriculum,19
8466,60,-0.1924513549209766,0.7348335417589721,0.45,0.5333333333333333,1143,41,Double_Q_curriculum,19
8526,60,0.09765616288105046,0.23780919755992286,0.2,0.21666666666666667,1143,41,Double_Q_curriculum,19
8586,60,-0.01918557585703347,0.21142902630633656,0.26666666666666666,0.3,1143,41,Double_Q_curriculum,19
8646,60,-0.03220922995980145,0.3072111219804657,0.23333333333333334,0.23333333333333334,1143,41,Double_Q_curriculum,19
8706,60,0.16260359441380148,0.5543707677132123,0.4666666666666667,0.3333333333333333,1143,41,Double_Q_curriculum,19
8766,60,-0.004643808211174842,0.4061210904978472,0.45,0.23333333333333334,1143,41,Double_Q_curriculum,19
8826,60,0.038056282418985045,0.2839839027731125,0.18333333333333332,0.23333333333333334,1143,41,Double_Q_curriculum,19
8886,60,0.027924677206607226,0.4725672250008172,0.6333333333333333,0.16666666666666666,1143,41,Double_Q_curriculum,19
8946,60,0.031455865988134595,0.23226581766540086,0.23333333333333334,0.3333333333333333,1143,41,Double_Q_curriculum,19
9006,60,0.019758439966691795,0.08644045281769833,0.06666666666666667,0.13333333333333333,1143,41,Double_Q_curriculum,19
9066,60,-0.017604159624965355,0.3863016495979231,0.23333333333333334,0.4166666666666667,1143,41,Double_Q_curriculum,19
9126,60,0.2316199974914192,0.6237338120652839,0.5166666666666667,0.25,1143,41,Double_Q_curriculum,19
9186,60,0.020291061857189017,0.8105832834891988,0.8166666666666667,0.15,1143,41,Double_Q_curriculum,19
9246,60,-0.0008525559610956653,0.4070005987586056,0.2833333333333333,0.3,1143,42,Double_Q_curriculum,19
9306,60,0.028519937874223394,0.5584471324320498,0.23333333333333334,0.36666666666666664,1143,42,Double_Q_curriculum,19
9366,60,0.05046870812270208,0.6108407096872804,0.6666666666666666,0.31666666666666665,1143,42,Double_Q_curriculum,19
9426,60,-0.2498116797202158,0.5080406253980754,0.4166666666666667,0.5666666666666667,1143,42,Double_Q_curriculum,19
9486,60,-0.11662066106289609,0.8306413176925953,0.7666666666666667,0.21666666666666667,1143,42,Double_Q_curriculum,19
9546,60,0.011199670052443185,0.1893625913725348,0.16666666666666666,0.13333333333333333,1143,42,Double_Q_curriculum,19
9606,60,0.01037890439197167,0.1643031902676465,0.13333333333333333,0.23333333333333334,1143,42,Double_Q_curriculum,19
9666,60,-0.149688763316244,0.9178762667425892,0.48333333333333334,0.31666666666666665,1143,42,Double_Q_curriculum,19
9726,60,-0.011532594791413527,0.27070849193463153,0.1,0.2,1143,42,Double_Q_curriculum,19
9786,60,0.01874806111238716,0.38609960422466894,0.35,0.23333333333333334,1143,42,Double_Q_curriculum,19
9846,60,0.10558871260739756,0.4137174847202264,0.4166666666666667,0.23333333333333334,1143,42,Double_Q_curriculum,19
9906,60,0.05573159270256611,0.6050079524895854,0.43333333333333335,0.5666666666666667,1143,42,Double_Q_curriculum,19
9966,60,0.15104598770017946,0.5568998032937293,0.4166666666666667,0.3,1143,42,Double_Q_curriculum,19
10026,60,-0.12312366826970891,0.5402501899150101,0.35,0.18333333333333332,1143,42,Double_Q_curriculum,19
10086,60,-0.044655651558259034,0.17957238116638433,0.13333333333333333,0.15,1143,42,Double_Q_curriculum,19
10146,60,0.05071933806280128,0.37302578906354067,0.31666666666666665,0.3333333333333333,1143,42,Double_Q_curriculum,19
10206,60,0.1442186433349291,0.5943920923258961,0.6833333333333333,0.23333333333333334,1143,42,Double_Q_curriculum,19
10266,60,0.13243650791926445,0.3229252244275686,0.3333333333333333,0.2,1143,42,Double_Q_curriculum,19
10326,60,0.011639974532168569,0.19988818848934936,0.11666666666666667,0.23333333333333334,1143,42,Double_Q_curriculum,19
10386,60,0.09233254811806917,0.7430873253559088,0.6666666666666666,0.18333333333333332,1143,42,Double_Q_curriculum,19
10446,60,0.04794352969487719,0.383403293061486,0.26666666666666666,0.15,1143,42,Double_Q_curriculum,19
10506,60,0.034523584035540796,0.32250267622617557,0.16666666666666666,0.13333333333333333,1143,42,Double_Q_curriculum,19
10566,60,0.21048279514619994,0.35420313827739636,0.23333333333333334,0.43333333333333335,1143,42,Double_Q_curriculum,19
10626,60,0.03437633346657542,0.48911523891865644,0.38333333333333336,0.23333333333333334,1143,42,Double_Q_curriculum,19
10686,60,0.041423399273566745,0.2792721201197203,0.15,0.2833333333333333,1143,42,Double_Q_curriculum,19
10746,60,0.026711303715319743,0.46519368091254043,0.3333333333333333,0.2,1143,42,Double_Q_curriculum,19
10806,60,0.02128573547940892,0.5751052433687093,0.5166666666666667,0.2833333333333333,1143,42,Double_Q_curriculum,19
10866,60,-0.1518197980996951,0.5493391049722138,0.4166666666666667,0.55,1143,42,Double_Q_curriculum,19
10926,60,-0.13359435570871353,0.5609509708812328,0.4,0.65,1143,42,Double_Q_curriculum,19
10986,60,0.07363227245549507,0.6078515609077709,0.43333333333333335,0.25,1143,42,Double_Q_curriculum,19
11046,60,0.2141891920941881,0.7192863016161586,0.9,0.11666666666666667,1143,42,Double_Q_curriculum,19
11106,60,0.08965553404898455,0.5497061936679442,0.4166666666666667,0.43333333333333335,1143,42,Double_Q_curriculum,19
11166,60,-0.25309676946021636,0.7201085908524789,0.5166666666666667,0.5,1143,42,Double_Q_curriculum,19
11226,60,0.09044384384045143,0.15886028735093655,0.18333333333333332,0.23333333333333334,1143,42,Double_Q_curriculum,19
11286,60,-0.013895331810732,0.5607466876611298,0.5166666666666667,0.21666666666666667,1143,42,Double_Q_curriculum,19
11346,60,0.21274389876701955,0.873700173029271,0.8166666666666667,0.31666666666666665,1143,42,Double_Q_curriculum,19
11406,60,0.055876440061908395,0.6561256070125434,0.6,0.21666666666666667,1143,42,Double_Q_curriculum,19
11466,60,-0.05394468578397849,0.26265332988473844,0.25,0.21666666666666667,1143,42,Double_Q_curriculum,19
11526,60,-0.1771231041655328,0.5584072728387499,0.31666666666666665,0.4666666666666667,1143,42,Double_Q_curriculum,19
11586,60,-0.1709985273314266,0.4407795379114496,0.26666666666666666,0.4666666666666667,1143,42,Double_Q_curriculum,19
11646,60,0.09589867385930283,0.7444984823091106,0.5333333333333333,0.43333333333333335,1143,42,Double_Q_curriculum,19
11706,60,-0.04908324540920895,0.38402256715292715,0.2833333333333333,0.4666666666666667,1143,42,Double_Q_curriculum,19
11766,60,-0.05210318392088575,0.8896186862318747,0.5,0.2,1143,42,Double_Q_curriculum,19
11826,60,-0.2067723933282078,0.8927728350561421,0.5166666666666667,0.16666666666666666,1143,42,Double_Q_curriculum,19
11886,60,-0.14981250691782674,0.33369909888314225,0.2833333333333333,0.36666666666666664,1143,42,Double_Q_curriculum,19
11946,60,0.0408610540545566,0.2208056187431292,0.26666666666666666,0.21666666666666667,1143,42,Double_Q_curriculum,19
12006,60,0.045773483050315776,0.7341141218037706,0.7166666666666667,0.48333333333333334,1143,42,Double_Q_curriculum,19
12066,60,-0.20475297036376686,0.4655082007504861,0.3,0.43333333333333335,1143,42,Double_Q_curriculum,19
12126,60,-0.13928993745297819,0.4161003421416952,0.4,0.5166666666666667,1143,42,Double_Q_curriculum,19
12186,60,0.3485193831750776,0.712508123990564,0.5333333333333333,0.45,1143,42,Double_Q_curriculum,19
12246,60,0.03715765303865236,0.5479820357030607,0.4666666666666667,0.23333333333333334,1143,42,Double_Q_curriculum,19
12306,60,-0.01974197304338238,0.5331508448972456,0.4166666666666667,0.18333333333333332,1143,42,Double_Q_curriculum,19
12366,60,0.14850189372225467,0.8250766303540664,0.8,0.2833333333333333,1143,42,Double_Q_curriculum,19
12426,60,-0.032403583052932755,0.418768380159972,0.2833333333333333,0.4,1143,42,Double_Q_curriculum,19
12486,60,0.30183966390600697,0.7049345883880881,0.5666666666666667,0.48333333333333334,1143,42,Double_Q_curriculum,19
12546,60,0.004468569711356259,0.44053096740001596,0.25,0.13333333333333333,1143,42,Double_Q_curriculum,19
12606,60,-0.03672217602564208,0.4451753696936659,0.4,0.15,1143,42,Double_Q_curriculum,19
12666,60,-0.031154013632161304,0.5285822399965389,0.36666666666666664,0.16666666666666666,1143,42,Double_Q_curriculum,19
12726,60,-0.13871289739510573,0.3503683863380884,0.4166666666666667,0.16666666666666666,1143,42,Double_Q_curriculum,19
12786,60,0.12904398349642648,0.634500892212025,0.7833333333333333,0.18333333333333332,1143,42,Double_Q_curriculum,19
12846,60,-0.13143776472253277,0.5534801569355938,0.38333333333333336,0.26666666666666666,1143,42,Double_Q_curriculum,19
12906,60,-0.055956045753422834,0.4595157994474706,0.45,0.36666666666666664,1143,42,Double_Q_curriculum,19
12966,60,0.1277565464747081,0.5446604004982107,0.8833333333333333,0.16666666666666666,1143,42,Double_Q_curriculum,19
13026,60,0.08602525356269773,0.7967324655906157,0.5333333333333333,0.18333333333333332,1143,42,Double_Q_curriculum,19
13086,60,-0.07522153980776417,0.3343135433960424,0.43333333333333335,0.3,1143,42,Double_Q_curriculum,19
13146,60,0.2793206727920313,1.0028308891990105,0.7833333333333333,0.38333333333333336,1143,42,Double_Q_curriculum,19
13206,60,0.2307531178112403,0.8376052899067322,0.8,0.31666666666666665,1143,42,Double_Q_curriculum,19
13266,60,-0.02839066080246463,0.5170507577739145,0.4666666666666667,0.3333333333333333,1143,42,Double_Q_curriculum,19
13326,60,-0.030795832479409847,0.9256004705328575,0.7333333333333333,0.23333333333333334,1143,42,Double_Q_curriculum,19
13386,60,-0.07869554524519141,0.6713561864884008,0.5166666666666667,0.85,1143,42,Double_Q_curriculum,19
13446,60,-0.09801162729651029,0.7572648375285406,0.8166666666666667,0.23333333333333334,1143,42,Double_Q_curriculum,19
13506,60,-0.09181905548512424,0.5111386711689978,0.16666666666666666,0.26666666666666666,1143,42,Double_Q_curriculum,19
13566,60,-0.22499293188007047,0.5283642745864033,0.3333333333333333,0.23333333333333334,1143,42,Double_Q_curriculum,19
13626,60,0.00523389457856492,0.7660655652319629,0.8166666666666667,0.31666666666666665,1143,42,Double_Q_curriculum,19
13686,60,-0.0036147489318345263,0.40916400043217244,0.23333333333333334,0.23333333333333334,1143,42,Double_Q_curriculum,19
13746,60,-0.13996412415052614,0.656683274118659,0.35,0.25,1143,42,Double_Q_curriculum,19
13806,60,-0.028120351368639173,0.7658437814871676,0.7833333333333333,0.16666666666666666,1143,42,Double_Q_curriculum,19
13866,60,-0.01797634938220952,0.5432838969834756,0.5,0.26666666666666666,1143,42,Double_Q_curriculum,19
13926,60,0.07973746001767447,0.4318907341553974,0.36666666666666664,0.2,1143,42,Double_Q_curriculum,19
13986,60,-0.056079430302974645,0.7807162517019853,0.8333333333333334,0.16666666666666666,1143,42,Double_Q_curriculum,19
14046,60,0.10695806772671797,0.8301335297588387,0.8833333333333333,0.11666666666666667,1143,42,Double_Q_curriculum,19
14106,60,0.014337844136879574,0.4376534755241696,0.2833333333333333,0.23333333333333334,1143,42,Double_Q_curriculum,19
14166,60,-0.05531877527520127,0.4180876228832808,0.3,0.16666666666666666,1143,42,Double_Q_curriculum,19
14226,60,0.038213755296271794,0.6804265750080831,0.65,0.1,1143,42,Double_Q_curriculum,19
14286,60,-0.08669185604943523,0.26076663034173886,0.21666666666666667,0.4,1143,42,Double_Q_curriculum,19
14346,60,-0.05703340054073791,0.5248119390123299,0.35,0.4,1143,42,Double_Q_curriculum,19
14406,60,0.1613636295029139,0.9833155356268648,0.7333333333333333,0.18333333333333332,1143,42,Double_Q_curriculum,19
14496,90,-0.004505502839746802,0.44748919546818744,0.3333333333333333,0.26666666666666666,1143,42,Double_Q_curriculum,19
14586,90,0.05840138352562596,0.6202218337564951,0.6666666666666666,0.2111111111111111,1143,42,Double_Q_curriculum,19
14676,90,-0.07993008033831467,0.33953816485549615,0.2,0.35555555555555557,1143,42,Double_Q_curriculum,19
14766,90,0.03285300678533888,0.5766454017899754,0.5444444444444444,0.14444444444444443,1143,42,Double_Q_curriculum,19
14856,90,0.005112353349545459,0.45984230831020934,0.35555555555555557,0.16666666666666666,1143,42,Double_Q_curriculum,19
14946,90,-0.05648976405519501,0.5459098209766909,0.32222222222222224,0.2222222222222222,1143,42,Double_Q_curriculum,19
15036,90,-0.05709376187281122,0.2886333033876106,0.15555555555555556,0.12222222222222222,1143,42,Double_Q_curriculum,19
15126,90,-0.016539777326631235,0.42412111461343943,0.3333333333333333,0.13333333333333333,1143,42,Double_Q_curriculum,19
15216,90,-0.016805846589841834,0.7003559253787488,0.5333333333333333,0.24444444444444444,1143,42,Double_Q_curriculum,19
15306,90,0.20148735967954892,0.4558292303527916,0.36666666666666664,0.08888888888888889,1143,42,Double_Q_curriculum,19
15396,90,0.022022287184904017,0.39450461214617527,0.3111111111111111,0.15555555555555556,1143,42,Double_Q_curriculum,19
15486,90,-0.048033271218891116,0.7695588466847805,0.43333333333333335,0.12222222222222222,1143,42,Double_Q_curriculum,19
15576,90,0.021527088713354074,0.2848122672414772,0.17777777777777778,0.1111111111111111,1143,42,Double_Q_curriculum,19
15666,90,0.06975209150126019,0.24396915868913843,0.26666666666666666,0.08888888888888889,1143,42,Double_Q_curriculum,19
15756,90,0.11965200789432644,1.249149889885881,0.7777777777777778,0.14444444444444443,1143,42,Double_Q_curriculum,19
15846,90,0.22420548825074424,0.7679652760514433,0.7222222222222222,0.26666666666666666,1143,42,Double_Q_curriculum,19
15936,90,-0.04503273386685433,1.2268664662132738,0.7555555555555555,0.4111111111111111,1143,42,Double_Q_curriculum,19
16026,90,-0.06057052677101513,0.30438251973071423,0.17777777777777778,0.24444444444444444,1143,42,Double_Q_curriculum,19
16116,90,0.020315935916611016,0.2464910328299685,0.1111111111111111,0.12222222222222222,1143,42,Double_Q_curriculum,19
16206,90,-0.08746037295547823,0.8144761514500598,0.4888888888888889,0.1,1143,42,Double_Q_curriculum,19
16296,90,0.07815822131932176,0.446924003369134,0.45555555555555555,0.13333333333333333,1143,42,Double_Q_curriculum,19
16386,90,-0.027601320748284516,0.30939841771648374,0.17777777777777778,0.12222222222222222,1143,42,Double_Q_curriculum,19
16476,90,0.025730252796282323,0.500210462796468,0.5555555555555556,0.2222222222222222,1143,42,Double_Q_curriculum,19
16566,90,0.08003938113073572,0.5559914382379211,0.6777777777777778,0.1,1143,42,Double_Q_curriculum,19
16656,90,0.07287582776055178,0.3047426991835145,0.3888888888888889,0.12222222222222222,1143,42,Double_Q_curriculum,19
16746,90,-0.005254045321810743,0.638882578219225,0.6111111111111112,0.2,1143,42,Double_Q_curriculum,19
16836,90,-0.0808200103640655,0.46364742351262694,0.3,0.2222222222222222,1143,42,Double_Q_curriculum,19
16926,90,0.054089164855624164,0.5775489136943764,0.5111111111111111,0.14444444444444443,1143,42,Double_Q_curriculum,19
17016,90,0.005485175015784966,0.8974511464599666,0.4888888888888889,0.3333333333333333,1143,42,Double_Q_curriculum,19
17106,90,0.19134867515753468,1.3214505336411768,0.8333333333333334,0.32222222222222224,1143,42,Double_Q_curriculum,19
17196,90,0.048310494858566,0.5269924398939825,0.4111111111111111,0.16666666666666666,1143,42,Double_Q_curriculum,19
17286,90,0.08584776037210959,0.38655636624729717,0.3333333333333333,0.15555555555555556,1143,42,Double_Q_curriculum,19
17376,90,0.0658767739848917,0.6637179356337485,0.6666666666666666,0.14444444444444443,1143,42,Double_Q_curriculum,19
17466,90,-0.007547081571871778,0.6187071934883863,0.45555555555555555,0.14444444444444443,1143,42,Double_Q_curriculum,19
17556,90,0.08315466862469932,0.5059732828255653,0.5222222222222223,0.2222222222222222,1143,42,Double_Q_curriculum,19
17646,90,-0.06422134509248206,0.6830950968538126,0.5111111111111111,0.17777777777777778,1143,42,Double_Q_curriculum,19
17736,90,0.12088492464207072,0.675911894239164,0.6666666666666666,0.14444444444444443,1143,42,Double_Q_curriculum,19
17826,90,0.007442185751097657,0.4227446926263181,0.5666666666666667,0.1,1143,42,Double_Q_curriculum,19
17916,90,0.02990643729281957,0.4713101829234558,0.35555555555555557,0.1111111111111111,1143,42,Double_Q_curriculum,19
18006,90,0.060045652690857106,0.6706609757351935,0.7,0.14444444444444443,1143,42,Double_Q_curriculum,19
18096,90,0.13767331221298032,0.65975068948543,0.6888888888888889,0.16666666666666666,1143,42,Double_Q_curriculum,19
18186,90,0.03272085343884588,0.7655958717422654,0.8333333333333334,0.14444444444444443,1143,42,Double_Q_curriculum,19
18276,90,-0.09373123371383356,0.890190315748485,0.8,0.13333333333333333,1143,42,Double_Q_curriculum,19
18366,90,-0.014752981713046247,0.48947275786439637,0.5777777777777777,0.12222222222222222,1143,42,Double_Q_curriculum,19
18456,90,-0.04922970405748292,0.5611844414049516,0.5888888888888889,0.2222222222222222,1143,42,Double_Q_curriculum,19
18546,90,-0.03657185790097676,0.618325872872844,0.4666666666666667,0.08888888888888889,1143,42,Double_Q_curriculum,19
18636,90,0.05013631147287626,0.5500960953450907,0.7,0.3,1143,42,Double_Q_curriculum,19
18726,90,-5.526737293904343e-05,0.6237699041600663,0.6333333333333333,0.18888888888888888,1143,42,Double_Q_curriculum,19
18816,90,-0.09380598331027391,0.6498223300939039,0.4777777777777778,0.13333333333333333,1143,42,Double_Q_curriculum,19
18906,90,-0.06142771287790335,0.6450498665434151,0.4444444444444444,0.24444444444444444,1143,42,Double_Q_curriculum,19
18996,90,-0.1625097090582383,0.5634218596039835,0.43333333333333335,0.4,1143,42,Double_Q_curriculum,19
19086,90,0.011719493872734521,0.6075185231669491,0.4666666666666667,0.28888888888888886,1143,42,Double_Q_curriculum,19
19176,90,0.10905962507496218,0.6234522058293708,0.7111111111111111,0.2,1143,42,Double_Q_curriculum,19
19266,90,0.043256578776915154,0.34408098069594306,0.2777777777777778,0.26666666666666666,1143,42,Double_Q_curriculum,19
19356,90,-0.15752472217118565,0.8376475511760053,0.5333333333333333,0.4888888888888889,1143,42,Double_Q_curriculum,19
19446,90,0.01423720921736949,0.3642067087606603,0.34444444444444444,0.36666666666666664,1143,42,Double_Q_curriculum,19
19536,90,0.041824973085076614,0.6872687107486029,0.6333333333333333,0.26666666666666666,1143,42,Double_Q_curriculum,19
19626,90,-0.059716043746438706,0.5686026570023631,0.4666666666666667,0.4444444444444444,1143,42,Double_Q_curriculum,19
19716,90,0.028605145699138503,0.4112344337307123,0.32222222222222224,0.14444444444444443,1143,42,Double_Q_curriculum,19
19806,90,-0.026474540698512433,0.687978495438636,0.6,0.37777777777777777,1143,42,Double_Q_curriculum,19
19896,90,0.062277355393897275,0.4077838434805999,0.26666666666666666,0.4,1147,42,Double_Q_curriculum,19
19986,90,-0.11270013096872372,0.7622811828442181,0.5444444444444444,0.5777777777777777,1147,42,Double_Q_curriculum,19
20076,90,-0.08033548517865387,0.7848723508383203,0.45555555555555555,0.35555555555555557,1147,42,Double_Q_curriculum,19
20166,90,0.10367527396778821,0.4271300606181071,0.35555555555555557,0.24444444444444444,1147,42,Double_Q_curriculum,19
20256,90,-0.04586644585946547,0.42462784027285855,0.5333333333333333,0.2111111111111111,1147,42,Double_Q_curriculum,19
20346,90,-0.0354246043057274,0.4826883754699611,0.32222222222222224,0.26666666666666666,1147,42,Double_Q_curriculum,19
20436,90,0.0003658824097488633,0.3318619882943376,0.35555555555555557,0.6333333333333333,1147,42,Double_Q_curriculum,19
20526,90,0.03294042399955054,0.7561758775122057,0.5222222222222223,0.7222222222222222,1147,42,Double_Q_curriculum,19
20616,90,0.09508698428342158,0.5113942722132656,0.7111111111111111,0.36666666666666664,1147,42,Double_Q_curriculum,19
20706,90,-0.1070959011347212,0.4704044128888516,0.3333333333333333,0.4888888888888889,1147,42,Double_Q_curriculum,19
20796,90,0.047502038337691586,0.6465613617755389,0.6444444444444445,0.25555555555555554,1147,42,Double_Q_curriculum,19
20886,90,0.045797144872985404,0.7217148009670155,0.6666666666666666,0.13333333333333333,1147,42,Double_Q_curriculum,19
20976,90,0.02370000882067144,0.461291265922047,0.28888888888888886,0.34444444444444444,1147,42,Double_Q_curriculum,19
21066,90,-0.1016926613178423,0.5731567112161025,0.5111111111111111,0.6666666666666666,1147,42,Double_Q_curriculum,19
21156,90,0.039597988340812414,0.8263278418498403,0.6333333333333333,0.32222222222222224,1147,42,Double_Q_curriculum,19
21246,90,-0.005534437330688169,0.7529397916543249,0.3111111111111111,0.5,1147,42,Double_Q_curriculum,19
21336,90,0.058794252640983646,0.6693186629979712,0.6444444444444445,0.24444444444444444,1147,42,Double_Q_curriculum,19
21426,90,0.1015830022108781,0.6715949827968948,0.6444444444444445,0.23333333333333334,1147,42,Double_Q_curriculum,19
21516,90,0.04893615383294903,0.7143612643900086,0.6111111111111112,0.36666666666666664,1147,42,Double_Q_curriculum,19
21606,90,0.14146109322691974,0.5768754927882463,0.8111111111111111,0.1,1147,42,Double_Q_curriculum,19
21696,90,0.0881384939547087,0.9570652436753205,0.7555555555555555,0.25555555555555554,1147,42,Double_Q_curriculum,19
21786,90,-0.1603500325560273,0.7592344903105268,0.7,0.34444444444444444,1147,42,Double_Q_curriculum,19
21876,90,-0.04816000815313194,0.5083714730193001,0.5333333333333333,0.1111111111111111,1147,42,Double_Q_curriculum,19
21966,90,-0.1479365024695146,0.6658154002760494,0.5555555555555556,0.23333333333333334,1147,42,Double_Q_curriculum,19
22056,90,0.08223490540441877,0.6310165213476288,0.5777777777777777,0.3111111111111111,1147,42,Double_Q_curriculum,19
22146,90,0.06153070595429496,0.6308770043864159,0.5888888888888889,0.2111111111111111,1147,42,Double_Q_curriculum,19
22236,90,0.20895605709823029,0.8794818395469335,0.8555555555555555,0.2111111111111111,1147,42,Double_Q_curriculum,19
22326,90,-0.060509044546045054,0.6202230709271283,0.5555555555555556,0.26666666666666666,1147,42,Double_Q_curriculum,19
22416,90,-0.015458334982012581,0.7368773869674458,0.4444444444444444,0.5222222222222223,1147,42,Double_Q_curriculum,19
22506,90,0.05759751603112634,0.6125774959439603,0.8222222222222222,0.05555555555555555,1147,42,Double_Q_curriculum,19
22596,90,-0.19120610842560484,0.5423165021989037,0.4444444444444444,0.37777777777777777,1147,42,Double_Q_curriculum,19
22686,90,0.020022757750626244,0.3749906595975675,0.34444444444444444,0.13333333333333333,1147,42,Double_Q_curriculum,19
22776,90,0.19828769135196941,0.6232455258945089,0.5111111111111111,0.2222222222222222,1147,42,Double_Q_curriculum,19
22866,90,0.08549916756340631,0.9039551677231289,0.7,0.3888888888888889,1147,42,Double_Q_curriculum,19
22956,90,0.07792218395729845,0.7287331220863305,0.7333333333333333,0.14444444444444443,1147,42,Double_Q_curriculum,19
23046,90,-0.12051608313668324,0.7774238544848583,0.4111111111111111,0.2222222222222222,1147,42,Double_Q_curriculum,19
23136,90,0.08320692513885762,0.5577700286266258,0.8111111111111111,0.1,1147,42,Double_Q_curriculum,19
23226,90,-0.1151692055830647,0.7226526792909217,0.5555555555555556,0.3,1147,42,Double_Q_curriculum,19
23316,90,0.01728357436579636,0.5497034712629778,0.5444444444444444,0.17777777777777778,1147,42,Double_Q_curriculum,19
23406,90,0.07854457137491856,0.38209449404501944,0.3111111111111111,0.16666666666666666,1147,42,Double_Q_curriculum,19
23496,90,0.09947553238738711,0.5131339597290007,0.7333333333333333,0.18888888888888888,1147,42,Double_Q_curriculum,19
23586,90,0.021516042368557815,0.5081044734865873,0.37777777777777777,0.3333333333333333,1147,42,Double_Q_curriculum,19
23676,90,0.12788751326162773,0.9266613555650909,0.7222222222222222,0.34444444444444444,1147,42,Double_Q_curriculum,19
23766,90,-0.12615753452185632,0.6320955504799937,0.4888888888888889,0.24444444444444444,1147,42,Double_Q_curriculum,19
23856,90,0.07213785627364636,0.6286098118372636,0.6111111111111112,0.06666666666666667,1147,42,Double_Q_curriculum,19
23946,90,0.08116437130595458,0.6926882516951424,0.6555555555555556,0.1,1147,42,Double_Q_curriculum,19
24000,54,-0.05387411918462717,0.45638802873157097,0.35185185185185186,0.16666666666666666,1147,42,Double_Q_curriculum,19
21,21,0.36203485888923775,0.5572203759577012,0.47619047619047616,0.2857142857142857,21,8,Double_Q_curriculum,43
42,21,-0.17709340002324692,0.5244317608618193,0.47619047619047616,0.42857142857142855,42,14,Double_Q_curriculum,43
63,21,0.03084119435465176,0.7818477744753235,0.6666666666666666,0.3333333333333333,63,20,Double_Q_curriculum,43
84,21,-0.32738013941325905,0.6361884063902968,0.6190476190476191,0.7142857142857143,84,20,Double_Q_curriculum,43
105,21,-0.35898607495551527,0.574142142017546,0.47619047619047616,0.6666666666666666,105,25,Double_Q_curriculum,43
126,21,-0.2611298838320641,0.6417032325036625,0.6666666666666666,0.38095238095238093,126,25,Double_Q_curriculum,43
147,21,0.08672018218244013,0.2705459136900969,0.19047619047619047,0.23809523809523808,147,25,Double_Q_curriculum,43
168,21,-0.031102443972155638,0.3615747507094988,0.38095238095238093,0.5714285714285714,168,27,Double_Q_curriculum,43
189,21,0.07895689284632997,0.4041961099338828,0.3333333333333333,0.5714285714285714,189,27,Double_Q_curriculum,43
210,21,-0.35240759955766404,0.319230736437881,0.19047619047619047,0.38095238095238093,210,27,Double_Q_curriculum,43
231,21,0.03021510764717365,0.729171130540747,0.5238095238095238,0.47619047619047616,231,27,Double_Q_curriculum,43
252,21,-0.07818830068437442,0.4360116104196207,0.38095238095238093,0.23809523809523808,252,29,Double_Q_curriculum,43
273,21,-0.33893227840203183,0.9105754122485665,0.5238095238095238,0.7142857142857143,273,30,Double_Q_curriculum,43
294,21,-0.08413808760156491,0.12293812747768487,0.09523809523809523,0.19047619047619047,280,30,Double_Q_curriculum,43
315,21,0.09662384090927616,0.6411402249824125,0.2857142857142857,0.38095238095238093,283,30,Double_Q_curriculum,43
336,21,0.12664998466053282,0.3910984732150145,0.3333333333333333,0.38095238095238093,287,30,Double_Q_curriculum,43
357,21,-0.14320020340751297,0.6664092318511878,0.42857142857142855,0.5238095238095238,308,30,Double_Q_curriculum,43
378,21,-0.12344070604560957,0.6091193900357926,0.2857142857142857,0.38095238095238093,329,30,Double_Q_curriculum,43
399,21,-0.17491565220965657,0.614923448275266,0.38095238095238093,0.2857142857142857,346,31,Double_Q_curriculum,43
420,21,-0.1497528722363391,0.12662365739196269,0.14285714285714285,0.19047619047619047,365,32,Double_Q_curriculum,43
441,21,-0.014219059348661536,0.7777160193477312,0.47619047619047616,0.6666666666666666,367,32,Double_Q_curriculum,43
462,21,-0.2577155211791156,0.6862160372849667,0.47619047619047616,0.7142857142857143,388,32,Double_Q_curriculum,43
483,21,-0.004607950270532505,0.5609127882207605,0.6190476190476191,0.38095238095238093,394,32,Double_Q_curriculum,43
504,21,-0.24162083711940013,0.613500798618985,0.3333333333333333,0.38095238095238093,415,32,Double_Q_curriculum,43
525,21,-0.22858477053849355,0.7996866150360189,0.6190476190476191,0.5238095238095238,416,32,Double_Q_curriculum,43
546,21,0.10756115065824336,0.40052663152813817,0.5238095238095238,0.6666666666666666,416,32,Double_Q_curriculum,43
567,21,-0.13147576379141215,0.532749805353407,0.42857142857142855,0.5714285714285714,419,32,Double_Q_curriculum,43
588,21,0.2641379860153671,0.6156347828020142,0.5238095238095238,0.3333333333333333,422,32,Double_Q_curriculum,43
609,21,-0.07712417773720728,0.11607786941616832,0.23809523809523808,0.47619047619047616,443,34,Double_Q_curriculum,43
630,21,-0.005221290045117019,0.451812508630774,0.3333333333333333,0.38095238095238093,449,34,Double_Q_curriculum,43
651,21,0.15671323319856967,1.0512252794384156,0.7619047619047619,0.5238095238095238,470,34,Double_Q_curriculum,43
672,21,-0.06722386659556263,0.2786252370558441,0.19047619047619047,0.38095238095238093,477,34,Double_Q_curriculum,43
693,21,-0.19995311272312818,0.645004003485326,0.7619047619047619,0.47619047619047616,483,34,Double_Q_curriculum,43
714,21,-0.3626692810854014,0.9274023080108019,0.5238095238095238,0.8571428571428571,490,36,Double_Q_curriculum,43
735,21,0.08564667681542314,0.4247341702258966,0.47619047619047616,0.8095238095238095,510,36,Double_Q_curriculum,43
756,21,-0.007536990771480824,0.5347155300885483,0.47619047619047616,0.9047619047619048,518,36,Double_Q_curriculum,43
777,21,0.06153400945385788,0.22077219915626742,0.19047619047619047,0.3333333333333333,527,36,Double_Q_curriculum,43
798,21,-0.019474839839142572,0.3568525770425553,0.23809523809523808,0.19047619047619047,530,36,Double_Q_curriculum,43
819,21,0.23968625126228307,0.3337626357032355,0.2857142857142857,0.38095238095238093,530,36,Double_Q_curriculum,43
840,21,-0.23273198342219933,0.6716871459574165,0.47619047619047616,0.19047619047619047,551,36,Double_Q_curriculum,43
861,21,-0.06216792172310544,0.5190064344332385,0.3333333333333333,0.42857142857142855,563,36,Double_Q_curriculum,43
882,21,0.040344682089929376,0.23845912267851122,0.23809523809523808,0.3333333333333333,563,36,Double_Q_curriculum,43
903,21,-0.4410947433028789,0.6896089721506568,0.42857142857142855,0.5714285714285714,584,36,Double_Q_curriculum,43
924,21,0.2876554572181337,1.0222302900615643,0.6190476190476191,0.09523809523809523,600,36,Double_Q_curriculum,43
945,21,0.0934350441117095,0.43807072095396116,0.23809523809523808,0.19047619047619047,621,36,Double_Q_curriculum,43
966,21,-0.23990669675239776,0.690511787364686,0.6190476190476191,0.7142857142857143,629,36,Double_Q_curriculum,43
987,21,-0.10960697271033308,0.2530169210886316,0.14285714285714285,0.2857142857142857,629,36,Double_Q_curriculum,43
1008,21,-0.08444711022975548,0.5807653461935198,0.14285714285714285,0.19047619047619047,629,36,Double_Q_curriculum,43
1029,21,0.053064823376834325,0.2865889479687166,0.2857142857142857,0.3333333333333333,629,36,Double_Q_curriculum,43
1050,21,-0.00701720134665089,0.18102402049494595,0.047619047619047616,0.09523809523809523,629,36,Double_Q_curriculum,43
1071,21,0.3562213146187184,0.9556492055148512,0.5238095238095238,0.2857142857142857,629,36,Double_Q_curriculum,43
1092,21,-0.07814964195040144,0.4234088362838103,0.3333333333333333,0.6190476190476191,629,36,Double_Q_curriculum,43
1113,21,-0.048028796478243,0.2172659792769642,0.14285714285714285,0.2857142857142857,649,36,Double_Q_curriculum,43
1134,21,0.2881226737799474,0.6217772922608606,0.2857142857142857,0.23809523809523808,670,39,Double_Q_curriculum,43
1155,21,0.001105181798119433,0.2684297938778659,0.09523809523809523,0.19047619047619047,670,39,Double_Q_curriculum,43
1176,21,-0.13617834723236882,0.5769292501318813,0.23809523809523808,0.42857142857142855,689,39,Double_Q_curriculum,43
1197,21,-0.06458135565028904,0.4296490164572918,0.2857142857142857,0.5714285714285714,695,39,Double_Q_curriculum,43
1218,21,-0.05670109235580725,0.4386449152782171,0.2857142857142857,0.3333333333333333,695,39,Double_Q_curriculum,43
1239,21,0.5255750518534851,0.6437501377810007,0.23809523809523808,0.3333333333333333,709,39,Double_Q_curriculum,43
1260,21,0.22132248865172743,0.692084127717192,0.5238095238095238,0.9523809523809523,715,39,Double_Q_curriculum,43
1281,21,0.05991357038690549,0.45057563641818554,0.42857142857142855,0.6666666666666666,715,39,Double_Q_curriculum,43
1302,21,0.06295823181086029,0.47774489871396064,0.3333333333333333,0.6666666666666666,724,39,Double_Q_curriculum,43
1323,21,-0.022860680995678038,0.1810132462193304,0.09523809523809523,0.19047619047619047,738,39,Double_Q_curriculum,43
1344,21,0.05473932053577155,1.0839390565857714,0.7619047619047619,0.23809523809523808,739,39,Double_Q_curriculum,43
1365,21,-0.037565161466118484,0.4667037767654902,0.38095238095238093,0.5238095238095238,753,39,Double_Q_curriculum,43
1386,21,-0.3113858582408457,0.7315490963288718,0.42857142857142855,0.38095238095238093,754,39,Double_Q_curriculum,43
1407,21,0.0,0.18517161871874413,0.0,0.0,755,39,Double_Q_curriculum,43
1428,21,-0.16808731385248357,0.2810550498708598,0.23809523809523808,0.19047619047619047,765,39,Double_Q_curriculum,43
1449,21,0.02190266286344496,0.19828678487180407,0.23809523809523808,0.14285714285714285,765,39,Double_Q_curriculum,43
1470,21,-0.03183682252740189,0.15170277878805366,0.19047619047619047,0.19047619047619047,765,39,Double_Q_curriculum,43
1491,21,-0.05552202116959304,0.27991435664436726,0.3333333333333333,0.38095238095238093,770,39,Double_Q_curriculum,43
1512,21,-0.028760710357911362,0.6499531455475085,0.23809523809523808,0.38095238095238093,770,39,Double_Q_curriculum,43
1533,21,-0.07598198755551036,0.306858283152486,0.19047619047619047,0.38095238095238093,770,39,Double_Q_curriculum,43
1554,21,-0.2498048495653899,0.8056417726407926,0.3333333333333333,0.5238095238095238,791,40,Double_Q_curriculum,43
1575,21,-0.1425663366922999,0.2510149496519087,0.14285714285714285,0.2857142857142857,791,40,Double_Q_curriculum,43
1596,21,-0.372859275666335,0.5079757696601068,0.23809523809523808,0.47619047619047616,812,40,Double_Q_curriculum,43
1617,21,0.09188105614964295,0.3014005783807989,0.14285714285714285,0.14285714285714285,812,40,Double_Q_curriculum,43
1638,21,0.49659792758676746,0.8331055363943058,0.19047619047619047,0.19047619047619047,833,40,Double_Q_curriculum,43
1659,21,-0.13999356752396386,0.35410206671727346,0.09523809523809523,0.19047619047619047,833,40,Double_Q_curriculum,43
1680,21,0.532103379465847,1.0787288736862324,0.47619047619047616,0.23809523809523808,847,40,Double_Q_curriculum,43
1701,21,0.02437601198520532,0.7050216846242211,0.23809523809523808,0.42857142857142855,847,40,Double_Q_curriculum,43
1722,21,-0.11689064455408624,0.3528351204901967,0.19047619047619047,0.38095238095238093,847,40,Double_Q_curriculum,43
1743,21,0.0,0.2850152437878452,0.0,0.0,859,40,Double_Q_curriculum,43
1764,21,0.10310292650798736,0.44254849556758946,0.38095238095238093,0.2857142857142857,859,40,Double_Q_curriculum,43
1785,21,-0.20104084498936614,0.8029255136803092,0.3333333333333333,0.47619047619047616,876,40,Double_Q_curriculum,43
1806,21,0.3107414100229124,0.36955007971105935,0.23809523809523808,0.19047619047619047,876,40,Double_Q_curriculum,43
1827,21,-0.5667403726716242,0.6923470005707113,0.2857142857142857,0.2857142857142857,878,40,Double_Q_curriculum,43
1848,21,0.013257139063478288,0.4644255486581099,0.19047619047619047,0.19047619047619047,878,40,Double_Q_curriculum,43
1869,21,0.06688616027183046,0.5477715819326967,0.38095238095238093,0.38095238095238093,884,40,Double_Q_curriculum,43
1890,21,-0.08307587470537622,0.28250004609741036,0.3333333333333333,0.23809523809523808,884,40,Double_Q_curriculum,43
1911,21,0.35250639660305605,0.6891328805555391,0.23809523809523808,0.38095238095238093,884,40,Double_Q_curriculum,43
1932,21,0.0019225055871001625,0.26022599795706214,0.14285714285714285,0.2857142857142857,905,40,Double_Q_curriculum,43
1953,21,-0.12011860346580835,0.4466441249287923,0.2857142857142857,0.23809523809523808,905,40,Double_Q_curriculum,43
1974,21,0.6831111930863665,1.108981094134182,0.6190476190476191,0.2857142857142857,905,40,Double_Q_curriculum,43
1995,21,0.12017112905305534,0.6733372134449708,0.5714285714285714,0.47619047619047616,905,40,Double_Q_curriculum,43
2016,21,0.06528009188793941,0.640344553859585,0.42857142857142855,0.8095238095238095,908,40,Double_Q_curriculum,43
2037,21,-0.07011503948962756,0.7385939378125359,0.3333333333333333,0.5714285714285714,908,40,Double_Q_curriculum,43
2058,21,-0.33345644734326846,0.9552319644017617,0.5714285714285714,0.47619047619047616,908,40,Double_Q_curriculum,43
2079,21,0.18437621010137914,0.6287202923837244,0.3333333333333333,0.2857142857142857,908,40,Double_Q_curriculum,43
2100,21,-0.17363235651228098,0.43979422790379596,0.19047619047619047,0.19047619047619047,908,40,Double_Q_curriculum,43
2121,21,-0.08103664455242143,0.552195104414559,0.47619047619047616,0.42857142857142855,919,40,Double_Q_curriculum,43
2142,21,-0.20156632401635588,0.8503969105648873,0.2857142857142857,0.47619047619047616,921,40,Double_Q_curriculum,43
2163,21,0.0637036123236939,0.7921321790439619,0.5238095238095238,0.5714285714285714,932,40,Double_Q_curriculum,43
2184,21,-0.048079221899509535,0.1652522257816174,0.09523809523809523,0.19047619047619047,932,40,Double_Q_curriculum,43
2205,21,-0.1178072647367991,0.7288600743518807,0.42857142857142855,0.5714285714285714,932,40,Double_Q_curriculum,43
2226,21,-0.11271074096045049,0.7373009833056494,0.5714285714285714,0.42857142857142855,933,40,Double_Q_curriculum,43
2247,21,0.03334105595194776,1.0915616663962464,0.6666666666666666,0.6190476190476191,939,40,Double_Q_curriculum,43
2268,21,0.6033771775312492,0.9830107468236587,0.8095238095238095,0.23809523809523808,939,40,Double_Q_curriculum,43
2289,21,0.075297036263055,0.45663780240450447,0.19047619047619047,0.2857142857142857,939,40,Double_Q_curriculum,43
2310,21,0.0,0.09327139203188514,0.0,0.0,942,40,Double_Q_curriculum,43
2331,21,0.06723061626913247,0.6664052532023823,0.5238095238095238,0.14285714285714285,942,40,Double_Q_curriculum,43
2352,21,0.20771082188354445,0.6929181281000947,0.3333333333333333,0.42857142857142855,942,40,Double_Q_curriculum,43
2373,21,0.08895553340936242,1.1327049502751687,0.9523809523809523,0.14285714285714285,942,40,Double_Q_curriculum,43
2394,21,0.0355599930604675,0.11920563123743874,0.047619047619047616,0.047619047619047616,942,40,Double_Q_curriculum,43
2415,21,-0.5602594617176723,0.9995533999456173,0.7142857142857143,0.19047619047619047,942,40,Double_Q_curriculum,43
2436,21,-0.05461572655135446,0.9577744359466891,0.7142857142857143,0.2857142857142857,942,40,Double_Q_curriculum,43
2457,21,-0.2983101937981576,0.8185267042179237,0.47619047619047616,0.47619047619047616,942,40,Double_Q_curriculum,43
2478,21,0.22855082160561604,0.7218134210026248,0.3333333333333333,0.38095238095238093,942,40,Double_Q_curriculum,43
2499,21,0.001223167953167517,1.3250805734592934,0.6666666666666666,0.23809523809523808,945,40,Double_Q_curriculum,43
2520,21,-0.3254281494796698,1.2930968088655648,0.6666666666666666,0.2857142857142857,945,40,Double_Q_curriculum,43
2541,21,0.012814602326948905,0.5421765357288996,0.42857142857142855,0.2857142857142857,945,40,Double_Q_curriculum,43
2562,21,0.09058277494520478,0.3668007715229112,0.42857142857142855,0.3333333333333333,945,40,Double_Q_curriculum,43
2583,21,0.05839345008819344,0.5483593629879513,0.19047619047619047,0.2857142857142857,957,40,Double_Q_curriculum,43
2604,21,-0.07429904470024667,0.38076010784791847,0.2857142857142857,0.5714285714285714,957,40,Double_Q_curriculum,43
2625,21,-0.5238073935808548,1.069820089149436,0.42857142857142855,0.5238095238095238,960,40,Double_Q_curriculum,43
2646,21,-0.4877110448001165,1.2614819416048166,0.6666666666666666,0.2857142857142857,960,40,Double_Q_curriculum,43
2667,21,0.018882721953461263,0.10483210468470067,0.047619047619047616,0.047619047619047616,975,40,Double_Q_curriculum,43
2688,21,-0.2611342940661034,0.45371901972227213,0.14285714285714285,0.2857142857142857,983,40,Double_Q_curriculum,43
2709,21,0.1294593680616838,0.7868010952689911,0.2857142857142857,0.19047619047619047,983,40,Double_Q_curriculum,43
2730,21,-0.2687093928579352,0.7146538919129932,0.2857142857142857,0.38095238095238093,1000,40,Double_Q_curriculum,43
2751,21,-0.04121931233687039,0.11607026753429543,0.047619047619047616,0.047619047619047616,1000,40,Double_Q_curriculum,43
2772,21,0.09677603638570882,0.657347774218834,0.23809523809523808,0.42857142857142855,1000,40,Double_Q_curriculum,43
2793,21,-0.8871653864129774,1.4833314003836977,0.6666666666666666,0.09523809523809523,1000,40,Double_Q_curriculum,43
2814,21,0.10468058122197207,0.22898893606056797,0.09523809523809523,0.19047619047619047,1000,40,Double_Q_curriculum,43
2835,21,0.025921819417402184,0.2928726612230753,0.09523809523809523,0.19047619047619047,1000,40,Double_Q_curriculum,43
2856,21,-0.004125850607601847,0.32915288752554367,0.23809523809523808,0.19047619047619047,1000,40,Double_Q_curriculum,43
2877,21,0.0,0.07603031727015666,0.0,0.0,1005,40,Double_Q_curriculum,43
2898,21,0.022915306168868204,0.09372898927955624,0.047619047619047616,0.09523809523809523,1005,40,Double_Q_curriculum,43
2919,21,0.026005706734652,0.4600672090072848,0.23809523809523808,0.3333333333333333,1006,40,Double_Q_curriculum,43
2940,21,-0.061811176444879594,0.13073617875165716,0.09523809523809523,0.19047619047619047,1006,40,Double_Q_curriculum,43
2961,21,0.4252117085845117,1.0061238768823553,0.2857142857142857,0.14285714285714285,1008,40,Double_Q_curriculum,43
2982,21,-0.10876547743193161,0.7103828471973381,0.23809523809523808,0.38095238095238093,1013,40,Double_Q_curriculum,43
3003,21,0.0,0.11421124340113789,0.0,0.0,1027,40,Double_Q_curriculum,43
3024,21,-0.00017021828351126183,0.4924513916736508,0.3333333333333333,0.47619047619047616,1041,40,Double_Q_curriculum,43
3045,21,0.13686340333774455,0.8841835207250803,0.42857142857142855,0.2857142857142857,1041,40,Double_Q_curriculum,43
3066,21,-0.1272632915786477,0.5277452001226942,0.5714285714285714,0.5714285714285714,1041,40,Double_Q_curriculum,43
3087,21,-0.10262312164993459,0.4843901386360566,0.14285714285714285,0.14285714285714285,1041,40,Double_Q_curriculum,43
3108,21,-0.020270191401057385,0.5836756946062669,0.19047619047619047,0.3333333333333333,1041,40,Double_Q_curriculum,43
3129,21,-0.03762560593306514,0.30520849827904994,0.3333333333333333,0.38095238095238093,1041,40,Double_Q_curriculum,43
3150,21,-0.004296828483992511,0.10669716573177117,0.047619047619047616,0.09523809523809523,1051,40,Double_Q_curriculum,43
3171,21,-0.15142416277761264,0.3776876434713756,0.3333333333333333,0.5714285714285714,1051,40,Double_Q_curriculum,43
3192,21,0.1299318057496145,0.5705621528855638,0.38095238095238093,0.09523809523809523,1051,40,Double_Q_curriculum,43
3213,21,0.07610942861663522,0.3174293278858549,0.23809523809523808,0.19047619047619047,1051,40,Double_Q_curriculum,43
3234,21,0.01362682200080924,0.2864879366424999,0.14285714285714285,0.09523809523809523,1051,40,Double_Q_curriculum,43
3255,21,0.298276836861976,0.8466921285166848,0.42857142857142855,0.3333333333333333,1051,40,Double_Q_curriculum,43
3276,21,-0.06870079081339676,0.3490997029971861,0.42857142857142855,0.42857142857142855,1051,40,Double_Q_curriculum,43
3297,21,0.0743586152915954,0.6056632367442399,0.8095238095238095,0.047619047619047616,1051,40,Double_Q_curriculum,43
3318,21,-0.25186048101464,1.0177664855061699,0.38095238095238093,0.42857142857142855,1056,40,Double_Q_curriculum,43
3339,21,-0.1048612478161942,1.3352968542912829,0.7142857142857143,0.3333333333333333,1057,40,Double_Q_curriculum,43
3360,21,0.04009631931131316,0.735213137906596,0.42857142857142855,0.2857142857142857,1057,40,Double_Q_curriculum,43
3381,21,-0.24864417380848136,0.8326765255295354,0.6666666666666666,0.3333333333333333,1061,40,Double_Q_curriculum,43
3402,21,-0.08569819784298824,0.6534234253686143,0.42857142857142855,0.5238095238095238,1061,40,Double_Q_curriculum,43
3423,21,0.47918451581211885,1.6724403535372143,0.6666666666666666,0.23809523809523808,1061,40,Double_Q_curriculum,43
3444,21,0.059274316739703306,0.3062402951080402,0.19047619047619047,0.19047619047619047,1061,40,Double_Q_curriculum,43
3465,21,0.052924549526370476,0.203050633718157,0.047619047619047616,0.09523809523809523,1061,40,Double_Q_curriculum,43
3486,21,-0.10071480154598321,0.8181892867089033,0.5238095238095238,0.6666666666666666,1062,40,Double_Q_curriculum,43
3507,21,0.1567874981724799,0.546084663004258,0.42857142857142855,0.19047619047619047,1062,40,Double_Q_curriculum,43
3528,21,-0.029788899322547743,0.7939366652934035,0.42857142857142855,0.3333333333333333,1062,40,Double_Q_curriculum,43
3549,21,-0.05806748547682463,0.14054477190332998,0.09523809523809523,0.19047619047619047,1062,40,Double_Q_curriculum,43
3570,21,0.01712141248388003,0.25226386560636127,0.19047619047619047,0.38095238095238093,1062,40,Double_Q_curriculum,43
3591,21,0.5739696540082223,0.6583982959097817,0.3333333333333333,0.42857142857142855,1062,40,Double_Q_curriculum,43
3612,21,0.0010067770641296974,0.20157378403092935,0.09523809523809523,0.09523809523809523,1062,40,Double_Q_curriculum,43
3633,21,-0.13071409703230724,0.7596419578757243,0.42857142857142855,0.5238095238095238,1070,40,Double_Q_curriculum,43
3654,21,0.12809474570785373,0.8192554561633836,0.5714285714285714,0.23809523809523808,1070,40,Double_Q_curriculum,43
3675,21,0.0,0.03665383716864304,0.0,0.0,1070,40,Double_Q_curriculum,43
3696,21,-0.13315351920102553,1.9655611960032657,0.8571428571428571,0.3333333333333333,1070,40,Double_Q_curriculum,43
3717,21,0.1516019976109296,1.2480143056599016,0.7619047619047619,0.14285714285714285,1070,40,Double_Q_curriculum,43
3738,21,0.05346546014575943,1.1190009129596423,0.5238095238095238,0.14285714285714285,1070,40,Double_Q_curriculum,43
3759,21,-0.10835916977644848,1.1718404732551049,0.6190476190476191,0.42857142857142855,1070,40,Double_Q_curriculum,43
3780,21,0.007543315567223004,0.2871802758527112,0.047619047619047616,0.09523809523809523,1070,40,Double_Q_curriculum,43
3801,21,-0.19042724799609895,0.7044373110660851,0.2857142857142857,0.38095238095238093,1071,40,Double_Q_curriculum,43
3822,21,-0.01427615096832462,0.10283092688917164,0.09523809523809523,0.19047619047619047,1071,40,Double_Q_curriculum,43
3843,21,-0.17378468550013704,0.7056274882975092,0.5238095238095238,0.42857142857142855,1071,40,Double_Q_curriculum,43
3864,21,0.02440803682714226,0.8415423968971225,0.6190476190476191,0.3333333333333333,1071,40,Double_Q_curriculum,43
3885,21,0.03735628637629168,0.7505409879966162,0.7619047619047619,0.3333333333333333,1071,40,Double_Q_curriculum,43
3906,21,0.9152590879477642,1.666334560569081,0.7619047619047619,0.3333333333333333,1071,41,Double_Q_curriculum,43
3927,21,-0.18071913954285476,0.7631688959941402,0.6190476190476191,0.6190476190476191,1071,41,Double_Q_curriculum,43
3948,21,0.05042262208655307,0.23215202444149222,0.14285714285714285,0.2857142857142857,1071,41,Double_Q_curriculum,43
3969,21,-0.10580494665437186,0.7237788491513668,0.38095238095238093,0.19047619047619047,1071,41,Double_Q_curriculum,43
3990,21,0.25972950518639426,0.49938323389986267,0.7142857142857143,0.23809523809523808,1071,41,Double_Q_curriculum,43
4011,21,0.12455336910440931,0.6687505155985316,0.7619047619047619,0.47619047619047616,1071,41,Double_Q_curriculum,43
4032,21,-0.14517152266944672,0.26341089659669387,0.09523809523809523,0.19047619047619047,1071,41,Double_Q_curriculum,43
4053,21,-0.032720068795355675,0.1786989683074011,0.14285714285714285,0.14285714285714285,1071,41,Double_Q_curriculum,43
4074,21,0.32428372747887574,0.6212431559137302,0.2857142857142857,0.47619047619047616,1080,41,Double_Q_curriculum,43
4095,21,0.21537801628874836,1.371775100618276,0.9047619047619048,0.23809523809523808,1080,41,Double_Q_curriculum,43
4116,21,-0.06770890869277602,0.9612972626282925,0.38095238095238093,0.5238095238095238,1080,41,Double_Q_curriculum,43
4137,21,-0.09543252864891934,1.1766838397636876,0.8095238095238095,0.3333333333333333,1080,41,Double_Q_curriculum,43
4158,21,-0.01502835255970855,0.2737377385911846,0.23809523809523808,0.38095238095238093,1080,41,Double_Q_curriculum,43
4179,21,-0.05517139437484862,0.36330805748374473,0.23809523809523808,0.47619047619047616,1080,41,Double_Q_curriculum,43
4200,21,-0.20551610157837868,0.694679959094506,0.47619047619047616,0.38095238095238093,1080,41,Double_Q_curriculum,43
4221,21,0.03078623324325248,0.22780596075471007,0.09523809523809523,0.09523809523809523,1080,41,Double_Q_curriculum,43
4242,21,-0.04102740434129752,0.5506651177346579,0.38095238095238093,0.14285714285714285,1080,41,Double_Q_curriculum,43
4263,21,-0.13584482292401395,1.5427054829175813,0.9523809523809523,0.14285714285714285,1080,41,Double_Q_curriculum,43
4284,21,-0.3313886250256955,1.254533333501313,0.9523809523809523,0.14285714285714285,1085,41,Double_Q_curriculum,43
4305,21,0.695374604975955,0.9932812663062497,0.7142857142857143,0.23809523809523808,1085,41,Double_Q_curriculum,43
4326,21,0.06120632356721887,0.8843814430443226,0.8571428571428571,0.23809523809523808,1085,41,Double_Q_curriculum,43
4347,21,0.06820611668510417,1.507685025858979,0.5238095238095238,0.5238095238095238,1085,41,Double_Q_curriculum,43
4368,21,-0.10729666869536215,0.4791718206719641,0.7142857142857143,0.09523809523809523,1085,41,Double_Q_curriculum,43
4389,21,0.011275054151528614,0.22143303446096343,0.23809523809523808,0.23809523809523808,1098,41,Double_Q_curriculum,43
4410,21,-0.19740299707013675,0.44070663470416055,0.38095238095238093,0.6666666666666666,1098,41,Double_Q_curriculum,43
4431,21,-0.12491352849608604,0.1106876908917786,0.19047619047619047,0.19047619047619047,1098,41,Double_Q_curriculum,43
4452,21,-0.059619686762432504,1.0320866895183418,1.0,0.047619047619047616,1098,41,Double_Q_curriculum,43
4473,21,0.3138482318538188,0.8452226038821525,0.8571428571428571,0.2857142857142857,1098,41,Double_Q_curriculum,43
4494,21,0.08009783328660092,0.5579797270917074,0.42857142857142855,0.5714285714285714,1098,41,Double_Q_curriculum,43
4515,21,0.2935991159367098,2.056996857775059,0.9047619047619048,0.23809523809523808,1101,41,Double_Q_curriculum,43
4536,21,-0.4227186888556192,0.8349108005895496,0.5238095238095238,0.3333333333333333,1101,41,Double_Q_curriculum,43
4557,21,0.05910427676909757,0.5051986953385332,0.38095238095238093,0.3333333333333333,1101,41,Double_Q_curriculum,43
4578,21,-0.16147090388432325,1.0230650723853774,0.8095238095238095,0.3333333333333333,1101,41,Double_Q_curriculum,43
4599,21,-0.2966917114495483,1.365287413888296,1.0,0.047619047619047616,1116,41,Double_Q_curriculum,43
4620,21,-0.04194235462061353,0.21944952746390115,0.2857142857142857,0.14285714285714285,1116,41,Double_Q_curriculum,43
4641,21,-0.17694690492859572,0.5958738534323036,0.5714285714285714,0.8571428571428571,1116,41,Double_Q_curriculum,43
4662,21,0.07359803231493127,0.1420020120161715,0.09523809523809523,0.19047619047619047,1116,41,Double_Q_curriculum,43
4683,21,-0.11199923597768233,0.4216356825195889,0.47619047619047616,0.7142857142857143,1116,41,Double_Q_curriculum,43
4704,21,-0.046473310110632174,0.230840074948167,0.09523809523809523,0.19047619047619047,1116,41,Double_Q_curriculum,43
4725,21,0.553907125817323,1.4818061351608534,0.8095238095238095,0.09523809523809523,1116,41,Double_Q_curriculum,43
4746,21,-0.11286291425840267,0.7204727280453751,0.7142857142857143,0.14285714285714285,1116,41,Double_Q_curriculum,43
4767,21,-0.1893040394342967,0.7845968439963539,0.5714285714285714,0.5714285714285714,1117,41,Double_Q_curriculum,43
4788,21,0.006617395520916513,0.31244611343306805,0.2857142857142857,0.19047619047619047,1117,41,Double_Q_curriculum,43
4809,21,-0.20885907058548772,0.34894704656568476,0.19047619047619047,0.38095238095238093,1117,41,Double_Q_curriculum,43
4830,21,-0.13832328635091604,0.397015290724505,0.2857142857142857,0.3333333333333333,1117,41,Double_Q_curriculum,43
4851,21,-0.30448114369568086,0.27430371895076755,0.19047619047619047,0.14285714285714285,1117,41,Double_Q_curriculum,43
4872,21,0.013871380342802128,1.477071458520874,0.6666666666666666,0.3333333333333333,1117,41,Double_Q_curriculum,43
4893,21,-0.06908400485895731,0.7481188356281132,0.47619047619047616,0.6190476190476191,1117,41,Double_Q_curriculum,43
4914,21,-0.17162757182723287,0.6771833506145414,0.38095238095238093,0.7619047619047619,1117,41,Double_Q_curriculum,43
4935,21,0.4538134041866309,1.1457636728502962,0.3333333333333333,0.047619047619047616,1117,41,Double_Q_curriculum,43
4956,21,-0.035278394286843956,0.6268117242654033,0.7142857142857143,0.3333333333333333,1117,41,Double_Q_curriculum,43
4977,21,0.0016793815555024465,0.3190525019713221,0.38095238095238093,0.19047619047619047,1117,41,Double_Q_curriculum,43
4998,21,-0.004581355346453693,0.20931406529398103,0.23809523809523808,0.19047619047619047,1117,41,Double_Q_curriculum,43
5019,21,-0.1067805210378247,0.5388010242651812,0.3333333333333333,0.38095238095238093,1117,41,Double_Q_curriculum,43
5040,21,0.04598574710296949,0.09688420888280495,0.09523809523809523,0.19047619047619047,1117,41,Double_Q_curriculum,43
5061,21,0.12123771969717057,0.4077101703265654,0.2857142857142857,0.38095238095238093,1117,41,Double_Q_curriculum,43
5082,21,0.10600351458106916,0.6885161360204204,0.6666666666666666,0.38095238095238093,1117,41,Double_Q_curriculum,43
5103,21,0.12116763375760967,0.6094613320049227,0.7142857142857143,0.5238095238095238,1130,41,Double_Q_curriculum,43
5124,21,-0.2025762363828474,0.48230028524000046,0.23809523809523808,0.2857142857142857,1130,41,Double_Q_curriculum,43
5145,21,-0.07065086868279087,0.6649724308907878,0.5238095238095238,0.09523809523809523,1130,41,Double_Q_curriculum,43
5166,21,0.05510912686123058,0.6778336914314911,0.23809523809523808,0.42857142857142855,1130,41,Double_Q_curriculum,43
5187,21,0.07535079795277977,0.4623754981067632,0.38095238095238093,0.3333333333333333,1130,41,Double_Q_curriculum,43
5208,21,-0.19637551394732686,1.4513674568596688,0.9047619047619048,0.23809523809523808,1130,41,Double_Q_curriculum,43
5229,21,0.08491774319312669,0.5944997960172506,0.6666666666666666,0.19047619047619047,1130,41,Double_Q_curriculum,43
5250,21,0.08064323727608855,1.1587930535419955,0.8095238095238095,0.23809523809523808,1130,41,Double_Q_curriculum,43
5271,21,-0.0613845556062437,0.5855288524184232,0.6666666666666666,0.6190476190476191,1130,41,Double_Q_curriculum,43
5292,21,-0.142996152846866,0.3224367436822246,0.3333333333333333,0.6666666666666666,1130,41,Double_Q_curriculum,43
5313,21,-0.37634848949774835,1.2516875862997272,0.9047619047619048,0.14285714285714285,1130,41,Double_Q_curriculum,43
5334,21,0.19389856701995511,0.9912927322944611,0.6666666666666666,0.38095238095238093,1130,41,Double_Q_curriculum,43
5355,21,0.04127974316844695,0.4320822948016813,0.2857142857142857,0.38095238095238093,1131,41,Double_Q_curriculum,43
5376,21,0.6817707595548074,1.1764805189783267,0.7619047619047619,0.19047619047619047,1131,41,Double_Q_curriculum,43
5397,21,-0.028740728765132978,0.3706398805181773,0.3333333333333333,0.23809523809523808,1131,41,Double_Q_curriculum,43
5418,21,-0.5013284568733011,1.3806602684855138,0.8571428571428571,0.23809523809523808,1131,41,Double_Q_curriculum,43
5439,21,-0.22406274665936424,0.5184446055911085,0.3333333333333333,0.6666666666666666,1131,41,Double_Q_curriculum,43
5460,21,-0.26304524629087517,0.4607137376241715,0.23809523809523808,0.2857142857142857,1131,41,Double_Q_curriculum,43
5481,21,0.09289989833972846,0.25516200774500436,0.2857142857142857,0.14285714285714285,1131,41,Double_Q_curriculum,43
5502,21,0.165756590992251,0.8839381349562733,0.8571428571428571,0.14285714285714285,1133,41,Double_Q_curriculum,43
5523,21,0.08952803737818525,0.181930378403368,0.09523809523809523,0.09523809523809523,1133,41,Double_Q_curriculum,43
5544,21,0.32574497020855275,0.7296667454883023,0.6190476190476191,0.14285714285714285,1133,41,Double_Q_curriculum,43
5565,21,-0.01993242389098389,0.02139142531962011,0.047619047619047616,0.09523809523809523,1133,41,Double_Q_curriculum,43
5586,21,0.09149317494175194,0.35779562502268913,0.3333333333333333,0.09523809523809523,1133,41,Double_Q_curriculum,43
5607,21,0.32342984280493114,0.670862598340308,0.5238095238095238,0.19047619047619047,1133,41,Double_Q_curriculum,43
5628,21,-0.4146451924010166,0.7084152199648968,0.6190476190476191,0.7142857142857143,1133,41,Double_Q_curriculum,43
5649,21,0.0179145001633669,0.037701951070730017,0.047619047619047616,0.09523809523809523,1133,41,Double_Q_curriculum,43
5670,21,-0.2766402199616687,0.5121815440180447,0.38095238095238093,0.3333333333333333,1133,41,Double_Q_curriculum,43
5691,21,-0.216672118741539,0.3681624311212514,0.19047619047619047,0.3333333333333333,1133,41,Double_Q_curriculum,43
5712,21,-0.07766400231296255,0.3682466694919845,0.19047619047619047,0.38095238095238093,1133,41,Double_Q_curriculum,43
5733,21,0.11848660647710631,0.31778735153552384,0.23809523809523808,0.19047619047619047,1133,41,Double_Q_curriculum,43
5754,21,-0.004965370437613261,0.04362111330730424,0.047619047619047616,0.09523809523809523,1133,41,Double_Q_curriculum,43
5775,21,-0.08578782311999185,0.3355177602530012,0.42857142857142855,0.2857142857142857,1133,41,Double_Q_curriculum,43
5796,21,0.36006841643192056,0.6990070931538671,0.5238095238095238,0.2857142857142857,1133,41,Double_Q_curriculum,43
5817,21,0.17019425699774862,1.517855251535816,0.8571428571428571,0.23809523809523808,1133,41,Double_Q_curriculum,43
5838,21,-0.03734894619126556,0.25354799899938174,0.3333333333333333,0.6666666666666666,1133,41,Double_Q_curriculum,43
5859,21,0.05306333793940947,0.25337311216823527,0.23809523809523808,0.14285714285714285,1133,41,Double_Q_curriculum,43
5880,21,0.3030667423467709,0.77957544427821,0.7142857142857143,0.14285714285714285,1133,41,Double_Q_curriculum,43
5901,21,0.07398030403184176,0.7686099140261614,0.5714285714285714,0.2857142857142857,1133,41,Double_Q_curriculum,43
5922,21,0.37762062371728017,1.295275943425337,0.9047619047619048,0.14285714285714285,1133,41,Double_Q_curriculum,43
5943,21,-0.06481536127854921,0.29586140434857083,0.14285714285714285,0.19047619047619047,1133,41,Double_Q_curriculum,43
5964,21,0.16655315527632067,0.9007343525353729,0.38095238095238093,0.23809523809523808,1133,41,Double_Q_curriculum,43
5985,21,0.18618366232120334,0.4725375728450334,0.42857142857142855,0.3333333333333333,1133,41,Double_Q_curriculum,43
6006,21,-0.027523882206575194,0.36349221628898487,0.2857142857142857,0.38095238095238093,1133,41,Double_Q_curriculum,43
6066,60,0.02688355283081797,0.3388136769888911,0.25,0.2833333333333333,1133,41,Double_Q_curriculum,43
6126,60,0.22428002504578584,0.39991263819151374,0.25,0.13333333333333333,1133,41,Double_Q_curriculum,43
6186,60,0.07663222226621932,0.8258899193785595,0.2833333333333333,0.2,1133,41,Double_Q_curriculum,43
6246,60,-0.23469813796834207,0.9198031146426834,0.85,0.13333333333333333,1133,41,Double_Q_curriculum,43
6306,60,0.06323695546475847,0.5606636240827986,0.5,0.26666666666666666,1133,41,Double_Q_curriculum,43
6366,60,-0.06016695663380936,0.38504500294453964,0.35,0.3,1133,41,Double_Q_curriculum,43
6426,60,-0.04676541213812234,0.6886986749913215,0.6333333333333333,0.18333333333333332,1133,41,Double_Q_curriculum,43
6486,60,-0.13375663054119655,1.089486491443853,0.48333333333333334,0.4,1133,41,Double_Q_curriculum,43
6546,60,-0.0805735234581073,0.5040134009091005,0.4166666666666667,0.25,1133,41,Double_Q_curriculum,43
6606,60,-0.03008390837882592,0.4566481495707947,0.38333333333333336,0.25,1133,41,Double_Q_curriculum,43
6666,60,0.08180038287862781,0.46543557802336777,0.3333333333333333,0.26666666666666666,1133,41,Double_Q_curriculum,43
6726,60,-0.029967265775976394,1.0116754209726806,0.6333333333333333,0.4,1133,41,Double_Q_curriculum,43
6786,60,-0.018123530792843852,0.2447636421160747,0.2833333333333333,0.25,1133,41,Double_Q_curriculum,43
6846,60,0.05319712423976831,0.5531359247252889,0.6,0.45,1133,41,Double_Q_curriculum,43
6906,60,-0.1472705744893877,0.8977980778403389,0.55,0.5666666666666667,1133,41,Double_Q_curriculum,43
6966,60,0.1318382973168898,0.9847370105665931,0.7333333333333333,0.36666666666666664,1133,41,Double_Q_curriculum,43
7026,60,0.059225596484518334,0.35307780534072014,0.38333333333333336,0.13333333333333333,1133,41,Double_Q_curriculum,43
7086,60,-0.0276616121770472,0.4082923635418274,0.6333333333333333,0.2833333333333333,1133,41,Double_Q_curriculum,43
7146,60,0.14211506751254974,0.4788349851976458,0.5,0.35,1133,41,Double_Q_curriculum,43
7206,60,-0.041649475529547404,0.7565766954618361,0.5166666666666667,0.18333333333333332,1133,41,Double_Q_curriculum,43
7266,60,0.024405968550261108,1.0234738378994936,0.8333333333333334,0.25,1133,41,Double_Q_curriculum,43
7326,60,0.045127939050739654,0.5481703632597107,0.5,0.5333333333333333,1133,41,Double_Q_curriculum,43
7386,60,-0.070791459708509,1.4338470246234654,0.7333333333333333,0.48333333333333334,1133,41,Double_Q_curriculum,43
7446,60,0.16367200285225486,0.8041933491692153,0.43333333333333335,0.7666666666666667,1133,41,Double_Q_curriculum,43
7506,60,0.08090785580564558,0.7023866444065052,0.5,0.38333333333333336,1133,41,Double_Q_curriculum,43
7566,60,0.13332218078632715,0.9057651685065172,0.5833333333333334,0.5333333333333333,1133,41,Double_Q_curriculum,43
7626,60,0.06578655510384676,0.691202267338715,0.3333333333333333,0.5666666666666667,1133,41,Double_Q_curriculum,43
7686,60,-0.020769706280174324,1.0523544543960428,0.6333333333333333,0.48333333333333334,1133,41,Double_Q_curriculum,43
7746,60,0.14319376271135306,0.919726525805371,0.48333333333333334,0.45,1133,41,Double_Q_curriculum,43
7806,60,0.005923663719623743,0.8031970284737329,0.6666666666666666,0.38333333333333336,1133,41,Double_Q_curriculum,43
7866,60,-0.05400614531342561,0.4854473541811833,0.4,0.3,1133,41,Double_Q_curriculum,43
7926,60,-0.16783266775262867,0.7610837074352141,0.7,0.38333333333333336,1133,41,Double_Q_curriculum,43
7986,60,0.07156020730828148,0.4851959604352916,0.4,0.36666666666666664,1133,41,Double_Q_curriculum,43
8046,60,0.010574687115978539,0.4614944390273008,0.55,0.2833333333333333,1133,41,Double_Q_curriculum,43
8106,60,-0.12342438861860555,1.0528635635393033,0.6666666666666666,0.3333333333333333,1133,41,Double_Q_curriculum,43
8166,60,0.20247504918823098,0.8206511443032343,0.5333333333333333,0.2833333333333333,1133,41,Double_Q_curriculum,43
8226,60,-0.0899281948161351,0.9428697971744107,0.5333333333333333,0.4666666666666667,1140,41,Double_Q_curriculum,43
8286,60,0.1297908417510303,0.574207191811873,0.6166666666666667,0.18333333333333332,1140,41,Double_Q_curriculum,43
8346,60,-0.038917523142729914,0.2238289478327624,0.06666666666666667,0.06666666666666667,1140,41,Double_Q_curriculum,43
8406,60,-0.023690507736873766,0.9502776292912392,0.8166666666666667,0.21666666666666667,1140,41,Double_Q_curriculum,43
8466,60,0.20127592969803587,0.7130691494139451,0.55,0.25,1140,41,Double_Q_curriculum,43
8526,60,0.2901514862032393,1.3481288622492944,0.8333333333333334,0.05,1140,41,Double_Q_curriculum,43
8586,60,0.10542109126961545,0.8711432512581013,0.6666666666666666,0.36666666666666664,1140,41,Double_Q_curriculum,43
8646,60,-0.034895034293742494,0.18696484391273896,0.08333333333333333,0.13333333333333333,1140,41,Double_Q_curriculum,43
8706,60,-0.13539535649357184,0.3713607057857396,0.3333333333333333,0.26666666666666666,1140,41,Double_Q_curriculum,43
8766,60,0.07764167508589112,0.7406776659442403,0.5166666666666667,0.23333333333333334,1140,41,Double_Q_curriculum,43
8826,60,0.15108664313188955,0.5447855463203488,0.5833333333333334,0.16666666666666666,1140,41,Double_Q_curriculum,43
8886,60,0.05432906256024916,0.4086688859326438,0.4166666666666667,0.13333333333333333,1140,41,Double_Q_curriculum,43
8946,60,0.0944472590968307,0.5431072665336821,0.48333333333333334,0.16666666666666666,1140,41,Double_Q_curriculum,43
9006,60,0.1752176093665572,1.2469791710898597,0.6166666666666667,0.13333333333333333,1140,41,Double_Q_curriculum,43
9066,60,0.29938513637086256,1.4866896015850186,0.95,0.11666666666666667,1140,41,Double_Q_curriculum,43
9126,60,-0.06878165722184315,0.44221251998590566,0.5,0.16666666666666666,1140,41,Double_Q_curriculum,43
9186,60,-0.06160810339628061,1.005922400989722,0.85,0.2833333333333333,1140,41,Double_Q_curriculum,43
9246,60,0.021651396313835343,0.4328531716201741,0.38333333333333336,0.08333333333333333,1140,41,Double_Q_curriculum,43
9306,60,0.12678546434251,0.4026160467550194,0.2833333333333333,0.2,1140,41,Double_Q_curriculum,43
9366,60,-0.03176747932649647,0.5160318044714876,0.55,0.16666666666666666,1140,41,Double_Q_curriculum,43
9426,60,-0.0011035429626288895,0.4005234032268635,0.4166666666666667,0.2,1140,41,Double_Q_curriculum,43
9486,60,0.008079060620123023,1.5803409062046243,0.8833333333333333,0.13333333333333333,1140,41,Double_Q_curriculum,43
9546,60,0.140763323082719,1.3076055714997739,0.9,0.21666666666666667,1140,41,Double_Q_curriculum,43
9606,60,-0.1813964843913487,1.6697389952865014,0.8333333333333334,0.11666666666666667,1140,41,Double_Q_curriculum,43
9666,60,-0.0571202954953673,0.7395087363699467,0.5833333333333334,0.23333333333333334,1140,41,Double_Q_curriculum,43
9726,60,0.14974284949872999,0.4194633891756104,0.3333333333333333,0.15,1140,42,Double_Q_curriculum,43
9786,60,-0.2441205023623752,0.9110981554038146,0.8833333333333333,0.11666666666666667,1140,42,Double_Q_curriculum,43
9846,60,-0.011407598876479234,0.4401159003781415,0.4,0.23333333333333334,1140,42,Double_Q_curriculum,43
9906,60,-0.014934448310263663,0.527614293953811,0.6166666666666667,0.11666666666666667,1140,42,Double_Q_curriculum,43
9966,60,-0.046145115209016103,1.2815677081535644,0.9333333333333333,0.1,1140,42,Double_Q_curriculum,43
10026,60,0.30974032797480305,1.0945741191999518,0.8166666666666667,0.21666666666666667,1140,42,Double_Q_curriculum,43
10086,60,-0.06777562668158753,0.627208949095682,0.45,0.08333333333333333,1140,42,Double_Q_curriculum,43
10146,60,0.16470732111167732,0.6285163321325193,0.5,0.2,1140,42,Double_Q_curriculum,43
10206,60,0.04860729193281866,0.4680592370101587,0.5833333333333334,0.16666666666666666,1140,42,Double_Q_curriculum,43
10266,60,-0.011380689214791524,1.1603068547491153,0.7,0.2,1140,42,Double_Q_curriculum,43
10326,60,0.004696119760377627,0.6897363073695484,0.6,0.15,1140,42,Double_Q_curriculum,43
10386,60,0.06942583419780783,0.6760527931400016,0.48333333333333334,0.16666666666666666,1140,42,Double_Q_curriculum,43
10446,60,0.1971967069370681,0.6859609070331547,0.6,0.11666666666666667,1140,42,Double_Q_curriculum,43
10506,60,0.281112132368636,1.0047097136183587,0.5833333333333334,0.2,1140,42,Double_Q_curriculum,43
10566,60,0.0546101429857986,0.8660072907843002,0.6666666666666666,0.3,1140,42,Double_Q_curriculum,43
10626,60,0.0866913909325819,0.37428470559635474,0.4166666666666667,0.03333333333333333,1140,42,Double_Q_curriculum,43
10686,60,0.024932302872086854,0.5691179598165808,0.5333333333333333,0.13333333333333333,1140,42,Double_Q_curriculum,43
10746,60,0.20465472527598658,0.5412753262895555,0.5,0.16666666666666666,1140,42,Double_Q_curriculum,43
10806,60,0.233339126430108,0.8867910974219115,0.43333333333333335,0.21666666666666667,1140,42,Double_Q_curriculum,43
10866,60,0.39349069692406696,1.267165305321882,0.8666666666666667,0.11666666666666667,1140,42,Double_Q_curriculum,43
10926,60,-0.04335469406311865,0.44189836263739407,0.5166666666666667,0.11666666666666667,1140,42,Double_Q_curriculum,43
10986,60,-0.1057559689446302,0.8541650236122197,0.5666666666666667,0.25,1140,42,Double_Q_curriculum,43
11046,60,0.02659508516200238,0.8863932779219783,0.6833333333333333,0.13333333333333333,1140,42,Double_Q_curriculum,43
11106,60,0.20952059954840443,0.7825918366016176,0.5666666666666667,0.13333333333333333,1140,42,Double_Q_curriculum,43
11166,60,-0.0328693665899066,0.13967659357412154,0.06666666666666667,0.1,1140,42,Double_Q_curriculum,43
11226,60,0.00784730926141907,0.5574303342833778,0.43333333333333335,0.21666666666666667,1140,42,Double_Q_curriculum,43
11286,60,0.2307949234224257,0.726217500941397,0.5666666666666667,0.13333333333333333,1140,42,Double_Q_curriculum,43
11346,60,-0.06835118508518384,0.9431118029260533,0.8166666666666667,0.25,1140,42,Double_Q_curriculum,43
11406,60,0.19797438945920287,0.5224851492815668,0.4166666666666667,0.16666666666666666,1140,42,Double_Q_curriculum,43
11466,60,0.12887720409883058,0.5233002238897452,0.6166666666666667,0.1,1140,42,Double_Q_curriculum,43
11526,60,0.1580104823827889,0.509583517342066,0.38333333333333336,0.13333333333333333,1140,42,Double_Q_curriculum,43
11586,60,4.473670159492714e-05,1.0061471375756466,0.8666666666666667,0.21666666666666667,1140,42,Double_Q_curriculum,43
11646,60,-0.1269570575959508,0.9507694958268822,0.9166666666666666,0.11666666666666667,1140,42,Double_Q_curriculum,43
11706,60,-0.1525608456309036,1.819539299082268,0.9666666666666667,0.08333333333333333,1140,42,Double_Q_curriculum,43
11766,60,-0.09672025674714843,0.8170487186291616,0.6666666666666666,0.25,1140,42,Double_Q_curriculum,43
11826,60,0.22312775980400662,0.4609642255967902,0.43333333333333335,0.08333333333333333,1140,42,Double_Q_curriculum,43
11886,60,-0.12472111380186975,0.9961202242906816,0.7333333333333333,0.16666666666666666,1140,42,Double_Q_curriculum,43
11946,60,0.09836269651131492,0.37040469522548314,0.3,0.5333333333333333,1140,42,Double_Q_curriculum,43
12006,60,0.19217102625909224,0.5301353013024942,0.48333333333333334,0.11666666666666667,1140,42,Double_Q_curriculum,43
12066,60,-0.20507606411898666,0.6598272567528803,0.5,0.15,1140,42,Double_Q_curriculum,43
12126,60,-0.02639517113105628,1.2224436352132266,0.85,0.16666666666666666,1140,42,Double_Q_curriculum,43
12186,60,0.018040713247411026,0.6135690201717516,0.5333333333333333,0.05,1140,42,Double_Q_curriculum,43
12246,60,0.04143309865681191,0.28142958343958946,0.21666666666666667,0.13333333333333333,1140,42,Double_Q_curriculum,43
12306,60,-0.011253037021890714,0.3860083406750211,0.45,0.26666666666666666,1140,42,Double_Q_curriculum,43
12366,60,-0.06479465269227733,0.5675434655877574,0.5166666666666667,0.11666666666666667,1140,42,Double_Q_curriculum,43
12426,60,0.18294175892091769,1.4705176045268586,0.9666666666666667,0.08333333333333333,1140,42,Double_Q_curriculum,43
12486,60,0.07496009235101114,0.4684586838263768,0.5666666666666667,0.23333333333333334,1140,42,Double_Q_curriculum,43
12546,60,-0.1335129635697709,0.42824652967037175,0.21666666666666667,0.21666666666666667,1140,42,Double_Q_curriculum,43
12606,60,0.3268048950220556,0.5992187306284417,0.55,0.1,1140,42,Double_Q_curriculum,43
12666,60,-0.005524461314204757,0.25721841303711207,0.18333333333333332,0.23333333333333334,1140,42,Double_Q_curriculum,43
12726,60,-0.03467656045464866,0.4966050400176586,0.4,0.2833333333333333,1140,42,Double_Q_curriculum,43
12786,60,0.08836665703188323,0.389773465751477,0.4166666666666667,0.1,1140,42,Double_Q_curriculum,43
12846,60,0.15129011693360356,0.6211590164714224,0.5666666666666667,0.25,1140,42,Double_Q_curriculum,43
12906,60,0.011409209596077682,0.34234783916302935,0.25,0.21666666666666667,1140,42,Double_Q_curriculum,43
12966,60,0.04952220883173607,0.3643773231088712,0.4,0.08333333333333333,1140,42,Double_Q_curriculum,43
13026,60,-0.2207425933334029,0.6939869445381823,0.48333333333333334,0.2833333333333333,1140,42,Double_Q_curriculum,43
13086,60,0.007032085241104132,0.634267988759312,0.4666666666666667,0.35,1140,42,Double_Q_curriculum,43
13146,60,0.3030723025032448,1.1423964885701217,0.5666666666666667,0.13333333333333333,1140,42,Double_Q_curriculum,43
13206,60,0.04821732508318525,1.0807469593229866,0.75,0.43333333333333335,1140,42,Double_Q_curriculum,43
13266,60,0.0022913858781187717,0.7245554757603334,0.55,0.35,1140,42,Double_Q_curriculum,43
13326,60,-0.14677266021661822,0.8524604803014946,0.6666666666666666,0.2833333333333333,1140,42,Double_Q_curriculum,43
13386,60,0.017581799187315134,0.8595613929333816,0.6833333333333333,0.21666666666666667,1140,42,Double_Q_curriculum,43
13446,60,-0.23960893701062977,0.96167619064493,0.9,0.13333333333333333,1140,42,Double_Q_curriculum,43
13506,60,0.2766117878946185,0.6643691673701213,0.5166666666666667,0.16666666666666666,1140,42,Double_Q_curriculum,43
13566,60,0.10129663405051598,0.7335148284393023,0.6,0.45,1140,42,Double_Q_curriculum,43
13626,60,0.036157712624287255,0.35746860216507464,0.3,0.1,1140,42,Double_Q_curriculum,43
13686,60,-0.10119229553814836,1.0511533512405338,0.8666666666666667,0.15,1140,42,Double_Q_curriculum,43
13746,60,-0.06464576282318928,1.156596978259896,0.7833333333333333,0.35,1140,42,Double_Q_curriculum,43
13806,60,0.11813213306964811,0.6090217529890987,0.6166666666666667,0.2,1140,42,Double_Q_curriculum,43
13866,60,0.317011233023399,0.8826261162428389,0.8166666666666667,0.21666666666666667,1140,42,Double_Q_curriculum,43
13926,60,0.026886870902422935,0.8610886464545978,0.5666666666666667,0.3,1140,42,Double_Q_curriculum,43
13986,60,0.1915143184202279,0.5643124411714038,0.4666666666666667,0.13333333333333333,1140,42,Double_Q_curriculum,43
14046,60,0.2724082937579322,1.193948994326632,0.8833333333333333,0.18333333333333332,1140,42,Double_Q_curriculum,43
14106,60,0.003160594270549789,0.38600161417514245,0.36666666666666664,0.26666666666666666,1140,42,Double_Q_curriculum,43
14166,60,-0.06345630933166682,0.8288673861579484,0.5666666666666667,0.25,1140,42,Double_Q_curriculum,43
14226,60,-0.1801894512840044,0.7380351379874496,0.6666666666666666,0.18333333333333332,1140,42,Double_Q_curriculum,43
14286,60,0.16237329290348188,1.1258957023968799,0.6666666666666666,0.1,1140,42,Double_Q_curriculum,43
14346,60,-0.06588178702508396,0.4548354943910086,0.38333333333333336,0.4166666666666667,1140,42,Double_Q_curriculum,43
14406,60,0.21171498058195862,0.4904505448947872,0.4166666666666667,0.15,1140,42,Double_Q_curriculum,43
14496,90,-0.05202998658118073,0.9691483186136151,0.6888888888888889,0.13333333333333333,1140,42,Double_Q_curriculum,43
14586,90,0.14107572782642863,1.0286389785157644,0.7,0.13333333333333333,1140,42,Double_Q_curriculum,43
14676,90,0.1404929419961344,0.5607052984420696,0.5777777777777777,0.15555555555555556,1140,42,Double_Q_curriculum,43
14766,90,0.049409621113659284,0.3378512086370783,0.28888888888888886,0.15555555555555556,1140,42,Double_Q_curriculum,43
14856,90,0.06279161712167766,1.0304957977014533,0.7777777777777778,0.1111111111111111,1140,42,Double_Q_curriculum,43
14946,90,0.07072196883846675,0.3447501952240406,0.34444444444444444,0.12222222222222222,1140,42,Double_Q_curriculum,43
15036,90,0.04303186711597481,0.7758035438536564,0.5555555555555556,0.34444444444444444,1140,42,Double_Q_curriculum,43
15126,90,0.01955330982974223,0.798906874014075,0.5222222222222223,0.23333333333333334,1140,42,Double_Q_curriculum,43
15216,90,0.0819411084501149,0.5504818269806782,0.4222222222222222,0.3,1140,42,Double_Q_curriculum,43
15306,90,-0.1296199268348463,0.7905445354872611,0.7444444444444445,0.4111111111111111,1140,42,Double_Q_curriculum,43
15396,90,0.03539387763832484,0.5236369623902044,0.6,0.2,1140,42,Double_Q_curriculum,43
15486,90,-0.13732965826544333,0.6863235054765227,0.5888888888888889,0.23333333333333334,1140,42,Double_Q_curriculum,43
15576,90,-0.061029365726794,0.4990047329918139,0.4,0.16666666666666666,1140,42,Double_Q_curriculum,43
15666,90,0.1295394718437112,0.4084168889880523,0.3333333333333333,0.2,1140,42,Double_Q_curriculum,43
15756,90,0.008041725825165975,1.424261248234795,0.7444444444444445,0.07777777777777778,1140,42,Double_Q_curriculum,43
15846,90,-0.08553599429025938,0.8011731031713125,0.5,0.1111111111111111,1140,42,Double_Q_curriculum,43
15936,90,0.03355387375604737,0.5109501741281975,0.4888888888888889,0.2,1140,42,Double_Q_curriculum,43
16026,90,0.020861062857735018,0.49670667260040147,0.34444444444444444,0.2222222222222222,1140,42,Double_Q_curriculum,43
16116,90,0.2959278906979706,1.1379119492307987,0.8666666666666667,0.13333333333333333,1140,42,Double_Q_curriculum,43
16206,90,-0.03647880732497188,0.7803827120495745,0.5222222222222223,0.17777777777777778,1140,42,Double_Q_curriculum,43
16296,90,0.10993600434764123,0.6522608696772433,0.6555555555555556,0.08888888888888889,1140,42,Double_Q_curriculum,43
16386,90,0.16815909387409286,0.690294694172589,0.5888888888888889,0.18888888888888888,1140,42,Double_Q_curriculum,43
16476,90,0.1549352102163002,1.094478760579068,0.8444444444444444,0.18888888888888888,1140,42,Double_Q_curriculum,43
16566,90,0.13447766717024517,0.4444297627394888,0.3,0.08888888888888889,1140,42,Double_Q_curriculum,43
16656,90,0.12981638092007375,0.528791497536037,0.4,0.13333333333333333,1140,42,Double_Q_curriculum,43
16746,90,0.08626796148380178,0.6940519721377871,0.6888888888888889,0.06666666666666667,1140,42,Double_Q_curriculum,43
16836,90,-0.10107251444760204,0.5057974201245304,0.3333333333333333,0.12222222222222222,1140,42,Double_Q_curriculum,43
16926,90,-0.11226253521187962,0.6686341986657451,0.5333333333333333,0.1,1140,42,Double_Q_curriculum,43
17016,90,-0.04247145598912444,0.5900090109367545,0.4222222222222222,0.23333333333333334,1140,42,Double_Q_curriculum,43
17106,90,-0.17591749533297907,0.7824343805812101,0.7333333333333333,0.16666666666666666,1140,42,Double_Q_curriculum,43
17196,90,-0.0320874346550978,1.5434956153875619,0.8888888888888888,0.18888888888888888,1140,42,Double_Q_curriculum,43
17286,90,-0.24331554877984726,0.7883895772179588,0.7222222222222222,0.24444444444444444,1140,42,Double_Q_curriculum,43
17376,90,-0.01789340320958513,0.819333728062353,0.6222222222222222,0.1111111111111111,1140,42,Double_Q_curriculum,43
17466,90,0.15701729050249713,0.528063084650317,0.5,0.2,1140,42,Double_Q_curriculum,43
17556,90,-0.02840180429604725,0.8717948494015778,0.6111111111111112,0.15555555555555556,1140,42,Double_Q_curriculum,43
17646,90,0.03801658875341122,0.7650223950488594,0.5666666666666667,0.24444444444444444,1140,42,Double_Q_curriculum,43
17736,90,0.030811426584360903,0.5976720964268446,0.4888888888888889,0.18888888888888888,1140,42,Double_Q_curriculum,43
17826,90,0.056206616433848645,0.4584854236785578,0.5333333333333333,0.3111111111111111,1140,42,Double_Q_curriculum,43
17916,90,0.19750612413499696,0.5905529593949913,0.6111111111111112,0.17777777777777778,1140,42,Double_Q_curriculum,43
18006,90,-0.030180774191087955,0.6560188171794522,0.5777777777777777,0.24444444444444444,1140,42,Double_Q_curriculum,43
18096,90,-0.06913188870119216,0.8838588862841935,0.8333333333333334,0.23333333333333334,1141,42,Double_Q_curriculum,43
18186,90,-0.027148828328496022,0.8342420361018843,0.7777777777777778,0.2111111111111111,1141,42,Double_Q_curriculum,43
18276,90,0.07812078497790052,0.7566628569937088,0.8444444444444444,0.15555555555555556,1141,42,Double_Q_curriculum,43
18366,90,-0.04028758168294372,0.9081904336615014,0.7777777777777778,0.12222222222222222,1141,42,Double_Q_curriculum,43
18456,90,0.17883368069652714,0.625607331277853,0.5333333333333333,0.24444444444444444,1141,42,Double_Q_curriculum,43
18546,90,-0.06940346252609468,0.926958618720115,0.8,0.16666666666666666,1141,42,Double_Q_curriculum,43
18636,90,-0.0010134491440774791,1.4379506935404915,0.9,0.14444444444444443,1141,42,Double_Q_curriculum,43
18726,90,0.1709970842697044,0.5882772811857386,0.5333333333333333,0.18888888888888888,1141,42,Double_Q_curriculum,43
18816,90,0.1861637477649237,0.6900975746680739,0.6666666666666666,0.12222222222222222,1141,42,Double_Q_curriculum,43
18906,90,0.20259153966598567,0.6754253356483351,0.5777777777777777,0.3888888888888889,1141,42,Double_Q_curriculum,43
18996,90,-0.09494946207965206,1.1542721923857397,0.8666666666666667,0.17777777777777778,1141,42,Double_Q_curriculum,43
19086,90,0.08332968307466884,0.6155354314545107,0.5555555555555556,0.12222222222222222,1141,42,Double_Q_curriculum,43
19176,90,0.02695728386104734,0.7218468426422896,0.6333333333333333,0.16666666666666666,1141,42,Double_Q_curriculum,43
19266,90,0.1306281518955556,0.7849145629475838,0.7666666666666667,0.14444444444444443,1141,42,Double_Q_curriculum,43
19356,90,0.2033183784399241,1.2660370996921813,0.9333333333333333,0.13333333333333333,1141,42,Double_Q_curriculum,43
19446,90,0.0014397491778805783,0.5140432291434346,0.6888888888888889,0.07777777777777778,1141,42,Double_Q_curriculum,43
19536,90,0.06212961796722879,0.8666201136723577,0.8555555555555555,0.16666666666666666,1141,42,Double_Q_curriculum,43
19626,90,0.159504534483354,0.8032768674348115,0.8777777777777778,0.14444444444444443,1141,42,Double_Q_curriculum,43
19716,90,0.26656969194684516,0.777240517375688,0.8111111111111111,0.13333333333333333,1141,42,Double_Q_curriculum,43
19806,90,0.06376380169321803,1.330937767156675,0.9666666666666667,0.07777777777777778,1141,42,Double_Q_curriculum,43
19896,90,0.09114647156935558,0.7635118376168172,0.8888888888888888,0.18888888888888888,1141,42,Double_Q_curriculum,43
19986,90,-0.05076279207414261,0.5819780673577982,0.6222222222222222,0.2111111111111111,1141,42,Double_Q_curriculum,43
20076,90,-0.049990679707111026,0.8657851111491225,0.7111111111111111,0.12222222222222222,1141,42,Double_Q_curriculum,43
20166,90,0.2111347792078853,0.8417217979677096,0.9444444444444444,0.03333333333333333,1141,42,Double_Q_curriculum,43
20256,90,-0.029860456549578574,0.6306126300747511,0.45555555555555555,0.13333333333333333,1141,42,Double_Q_curriculum,43
20346,90,-0.07384403171114183,0.8634382870428385,0.5333333333333333,0.08888888888888889,1141,42,Double_Q_curriculum,43
20436,90,0.24194983848693694,0.6675908292044723,0.6888888888888889,0.12222222222222222,1141,42,Double_Q_curriculum,43
20526,90,-0.08740050103883866,0.7461304225106516,0.5666666666666667,0.07777777777777778,1141,42,Double_Q_curriculum,43
20616,90,0.19803258607618812,0.4865529019158253,0.5444444444444444,0.1111111111111111,1141,42,Double_Q_curriculum,43
20706,90,-0.13141019478742944,0.7825638208577836,0.5444444444444444,0.18888888888888888,1141,42,Double_Q_curriculum,43
20796,90,0.14007595349488725,0.6574065324591448,0.8,0.1,1141,42,Double_Q_curriculum,43
20886,90,0.15176479063488035,0.8586223452893991,0.8666666666666667,0.16666666666666666,1141,42,Double_Q_curriculum,43
20976,90,-0.07770383033187331,0.44105413220872697,0.5888888888888889,0.03333333333333333,1141,42,Double_Q_curriculum,43
21066,90,-0.018335001059679536,0.7100260417337568,0.6666666666666666,0.1,1141,42,Double_Q_curriculum,43
21156,90,0.08046172061867382,0.6940438156582732,0.5444444444444444,0.12222222222222222,1141,42,Double_Q_curriculum,43
21246,90,-0.014200964713902916,0.8016056651327476,0.6222222222222222,0.25555555555555554,1141,42,Double_Q_curriculum,43
21336,90,0.2083345691016267,0.7924710323304494,0.8222222222222222,0.24444444444444444,1141,42,Double_Q_curriculum,43
21426,90,0.013971569107833866,0.9389705100820106,0.8444444444444444,0.05555555555555555,1141,42,Double_Q_curriculum,43
21516,90,0.2458083986025559,0.7940860367224505,0.9,0.13333333333333333,1141,42,Double_Q_curriculum,43
21606,90,0.08813667837237395,0.8749850093057701,0.7888888888888889,0.23333333333333334,1141,42,Double_Q_curriculum,43
21696,90,0.08415139206930565,0.62878307278826,0.5555555555555556,0.07777777777777778,1141,42,Double_Q_curriculum,43
21786,90,0.10666273459528101,1.562408451187819,0.9666666666666667,0.07777777777777778,1141,42,Double_Q_curriculum,43
21876,90,-0.021156787641086933,0.8239044674842546,0.5666666666666667,0.05555555555555555,1141,42,Double_Q_curriculum,43
21966,90,-0.09551614858528422,0.9685655772723902,0.6555555555555556,0.13333333333333333,1141,42,Double_Q_curriculum,43
22056,90,0.09239332431063725,0.792024075196104,0.5666666666666667,0.25555555555555554,1141,42,Double_Q_curriculum,43
22146,90,0.16017524395424332,0.5951916390902308,0.5666666666666667,0.14444444444444443,1141,42,Double_Q_curriculum,43
22236,90,0.17459694419271418,0.7976428492875073,0.8111111111111111,0.1,1141,42,Double_Q_curriculum,43
22326,90,-0.0023516877352115374,0.6516469530402287,0.7222222222222222,0.2,1141,42,Double_Q_curriculum,43
22416,90,-0.07717631259623284,1.0894359959669828,0.9111111111111111,0.12222222222222222,1141,42,Double_Q_curriculum,43
22506,90,0.17518541637559362,1.5799594500466725,0.9333333333333333,0.13333333333333333,1141,42,Double_Q_curriculum,43
22596,90,8.647871494816951e-05,0.5313045872059271,0.7111111111111111,0.1,1141,42,Double_Q_curriculum,43
22686,90,0.2656275644790907,0.8336632657706369,0.8666666666666667,0.18888888888888888,1141,42,Double_Q_curriculum,43
22776,90,0.15226538993314784,0.9934378809883817,0.9666666666666667,0.05555555555555555,1141,42,Double_Q_curriculum,43
22866,90,0.03791864595692677,1.0533417451757514,0.9444444444444444,0.1,1141,42,Double_Q_curriculum,43
22956,90,0.054605115239774904,0.8945686391669115,0.6222222222222222,0.2777777777777778,1141,42,Double_Q_curriculum,43
23046,90,0.1111301555689313,0.7956732792775851,0.7111111111111111,0.3111111111111111,1141,42,Double_Q_curriculum,43
23136,90,-0.04512795847115066,1.1786864419561298,0.9,0.16666666666666666,1141,42,Double_Q_curriculum,43
23226,90,0.22894367385038653,1.2910798057027397,0.9666666666666667,0.07777777777777778,1141,42,Double_Q_curriculum,43
23316,90,0.10918444150977204,0.883062987073001,0.8222222222222222,0.1,1141,42,Double_Q_curriculum,43
23406,90,-0.10538998443045215,1.0820207618763655,0.8888888888888888,0.13333333333333333,1141,42,Double_Q_curriculum,43
23496,90,0.04613244370456096,1.5726342584825268,0.8777777777777778,0.16666666666666666,1141,42,Double_Q_curriculum,43
23586,90,0.14339078698623692,0.7545276114787262,0.7555555555555555,0.13333333333333333,1141,42,Double_Q_curriculum,43
23676,90,-0.027905582630825154,0.729652283785714,0.8666666666666667,0.07777777777777778,1141,42,Double_Q_curriculum,43
23766,90,0.16490165298824638,0.888211805190503,0.9222222222222223,0.16666666666666666,1141,42,Double_Q_curriculum,43
23856,90,0.1336037497314211,0.9932804480339017,0.8666666666666667,0.05555555555555555,1141,42,Double_Q_curriculum,43
23946,90,0.011010102324611828,1.5963402104426194,0.9777777777777777,0.05555555555555555,1141,42,Double_Q_curriculum,43
24000,54,0.18712310755981995,1.4793347453796277,0.9814814814814815,0.05555555555555555,1141,42,Double_Q_curriculum,43
90,90,0.06387044410560704,0.5360833726240539,0.6,0.5333333333333333,90,16,Double_Q_downside,7
180,90,0.11929865213541661,0.6909323781813487,0.5111111111111111,0.32222222222222224,180,22,Double_Q_downside,7
270,90,0.0819125506908173,0.7152395527428328,0.8777777777777778,0.18888888888888888,270,22,Double_Q_downside,7
360,90,-0.038610879044894034,0.8147132897588487,0.6888888888888889,0.34444444444444444,360,26,Double_Q_downside,7
450,90,0.050492588965768144,0.8718514330244308,0.7666666666666667,0.3333333333333333,382,26,Double_Q_downside,7
540,90,-0.03375590556215919,1.0433622112096366,0.7555555555555555,0.3333333333333333,409,27,Double_Q_downside,7
630,90,-0.03702350662476876,1.0309299114488772,0.6777777777777778,0.3,412,28,Double_Q_downside,7
720,90,0.02273220791817547,0.7207562138754634,0.7111111111111111,0.18888888888888888,502,30,Double_Q_downside,7
810,90,-0.16673215152006685,0.8128075987157939,0.4444444444444444,0.37777777777777777,569,30,Double_Q_downside,7
900,90,-0.058867588700601915,0.8123946455485671,0.6555555555555556,0.4111111111111111,659,30,Double_Q_downside,7
990,90,0.20608800760490012,0.7088131198520853,0.7111111111111111,0.4111111111111111,659,30,Double_Q_downside,7
1080,90,-0.028327900162377993,0.7224662729162645,0.5888888888888889,0.4222222222222222,681,32,Double_Q_downside,7
1170,90,0.08418559983869685,0.6366044991109819,0.7,0.25555555555555554,681,32,Double_Q_downside,7
1260,90,0.23183268112054675,0.7649398239854559,0.8222222222222222,0.18888888888888888,734,32,Double_Q_downside,7
1350,90,0.05551563305744415,0.5507536410641981,0.3333333333333333,0.26666666666666666,824,36,Double_Q_downside,7
1440,90,0.00047802098265283254,0.6117518689832989,0.5666666666666667,0.25555555555555554,892,36,Double_Q_downside,7
1530,90,0.043082524678986586,0.7458321632848482,0.7111111111111111,0.3333333333333333,892,36,Double_Q_downside,7
1620,90,0.1243271668153409,0.6580274181630448,0.7222222222222222,0.3,895,36,Double_Q_downside,7
1710,90,0.13514322959023203,0.7375839174368343,0.9111111111111111,0.18888888888888888,895,36,Double_Q_downside,7
1800,90,0.09373518709571174,0.79320674602542,0.8,0.25555555555555554,895,36,Double_Q_downside,7
1890,90,0.11984053655789353,0.5862849072329973,0.7333333333333333,0.45555555555555555,895,36,Double_Q_downside,7
1980,90,0.09214073611768894,0.7487518005089637,0.6555555555555556,0.5444444444444444,895,36,Double_Q_downside,7
2070,90,0.0770852192030327,0.553996780994225,0.6777777777777778,0.36666666666666664,895,36,Double_Q_downside,7
2160,90,-0.1623502453499619,0.7524537313861249,0.5333333333333333,0.4222222222222222,895,36,Double_Q_downside,7
2250,90,-0.2226921734981784,0.9105411722677068,0.6222222222222222,0.3888888888888889,967,37,Double_Q_downside,7
2340,90,-0.08770056764174916,0.9015078347606744,0.5444444444444444,0.25555555555555554,978,37,Double_Q_downside,7
2430,90,0.2021357329587661,0.6933412832715004,0.7333333333333333,0.2777777777777778,978,37,Double_Q_downside,7
2520,90,0.1112743042000448,0.6059824647454272,0.5222222222222223,0.4,984,39,Double_Q_downside,7
2610,90,-0.0026917165537878158,0.7370822376874314,0.5666666666666667,0.3333333333333333,984,39,Double_Q_downside,7
2700,90,0.05303180687498107,0.8782223263917702,0.7555555555555555,0.2777777777777778,984,39,Double_Q_downside,7
2790,90,-0.024646190739324104,0.6296846364970079,0.5666666666666667,0.3888888888888889,1005,40,Double_Q_downside,7
2880,90,0.030253429165767745,0.6033963399769486,0.6333333333333333,0.3,1005,41,Double_Q_downside,7
2970,90,-0.07317153309744028,0.6239144828180699,0.4,0.3333333333333333,1005,41,Double_Q_downside,7
3060,90,0.2485033990948832,0.815907548690806,0.7888888888888889,0.3,1005,41,Double_Q_downside,7
3150,90,0.11562866125758259,0.7735282533769973,0.8888888888888888,0.2111111111111111,1005,41,Double_Q_downside,7
3240,90,-0.08733819701332271,0.7845653720096564,0.5777777777777777,0.35555555555555557,1005,41,Double_Q_downside,7
3330,90,-0.06656036264752574,0.6626074654228571,0.4,0.2222222222222222,1091,41,Double_Q_downside,7
3420,90,0.0706528967245675,0.7811567202850593,0.6333333333333333,0.25555555555555554,1095,41,Double_Q_downside,7
3510,90,-0.006001586193557904,0.6758744842923663,0.6222222222222222,0.3111111111111111,1095,41,Double_Q_downside,7
3600,90,-0.00015075312447938397,0.8920153308853452,0.6111111111111112,0.35555555555555557,1095,41,Double_Q_downside,7
3690,90,-0.2889989438877241,0.7699761246337316,0.4,0.35555555555555557,1100,41,Double_Q_downside,7
3780,90,-0.027376851369921695,0.7438393500218798,0.7111111111111111,0.18888888888888888,1100,41,Double_Q_downside,7
3870,90,0.04288595012678071,0.5088068463691215,0.3,0.4111111111111111,1100,41,Double_Q_downside,7
3960,90,0.2473154408737389,0.7490664220311805,0.7666666666666667,0.2111111111111111,1100,41,Double_Q_downside,7
4050,90,-0.10076402650850584,0.7790079969314555,0.5444444444444444,0.3333333333333333,1100,41,Double_Q_downside,7
4140,90,-0.006246430520175334,0.6767709289762042,0.6888888888888889,0.2777777777777778,1100,41,Double_Q_downside,7
4230,90,-0.06553687028364535,0.4856932545939926,0.37777777777777777,0.43333333333333335,1100,41,Double_Q_downside,7
4320,90,-0.007563627171586857,0.6725563035590227,0.4222222222222222,0.5222222222222223,1100,41,Double_Q_downside,7
4410,90,0.040600639606849426,0.5570097578574823,0.5444444444444444,0.2,1100,41,Double_Q_downside,7
4500,90,0.020423518829125156,0.4320227312457678,0.23333333333333334,0.3,1100,41,Double_Q_downside,7
4590,90,-0.04913094470926281,0.6703013741022594,0.5222222222222223,0.35555555555555557,1100,41,Double_Q_downside,7
4680,90,-0.15731116087164798,0.8271126738623005,0.6333333333333333,0.3,1116,41,Double_Q_downside,7
4770,90,0.09326943035825802,0.6263419027824271,0.5333333333333333,0.36666666666666664,1116,41,Double_Q_downside,7
4860,90,0.08101163381561317,0.9759128125857462,0.6222222222222222,0.32222222222222224,1116,41,Double_Q_downside,7
4950,90,-0.02799628304775164,0.7684077753272559,0.8222222222222222,0.14444444444444443,1116,41,Double_Q_downside,7
5040,90,0.0606404350394106,0.5991374062873681,0.5333333333333333,0.3333333333333333,1116,41,Double_Q_downside,7
5130,90,-0.002498298331045717,0.6904341048831935,0.5888888888888889,0.2,1116,41,Double_Q_downside,7
5220,90,-0.055326301143915284,0.6701111077414469,0.5333333333333333,0.34444444444444444,1116,41,Double_Q_downside,7
5310,90,-0.07643778780149586,0.869140836226475,0.5222222222222223,0.6333333333333333,1116,41,Double_Q_downside,7
5400,90,-0.05661258656184475,0.7572696430608505,0.7555555555555555,0.32222222222222224,1116,41,Double_Q_downside,7
5490,90,0.09227767709291193,0.6121159268621469,0.6333333333333333,0.2222222222222222,1116,41,Double_Q_downside,7
5580,90,0.07439553026117712,0.7748904903391765,0.8,0.2222222222222222,1116,42,Double_Q_downside,7
5670,90,-0.02994271269064494,0.8908842118616374,0.6111111111111112,0.25555555555555554,1116,42,Double_Q_downside,7
5760,90,0.08106734812340322,0.8523074118259805,0.6333333333333333,0.18888888888888888,1116,42,Double_Q_downside,7
5850,90,0.06786473178586301,0.6606630217943392,0.4111111111111111,0.4111111111111111,1116,42,Double_Q_downside,7
5940,90,0.06551335865329483,0.8524727765433403,0.8333333333333334,0.25555555555555554,1116,42,Double_Q_downside,7
6030,90,-0.04307806159823461,0.8776855764343234,0.6777777777777778,0.26666666666666666,1116,42,Double_Q_downside,7
6120,90,-0.02251392204949148,0.6977287389376241,0.6222222222222222,0.43333333333333335,1116,42,Double_Q_downside,7
6210,90,0.014324265160720944,0.8355009972481712,0.4777777777777778,0.43333333333333335,1116,42,Double_Q_downside,7
6300,90,-0.16662601836029056,0.7287665270973177,0.5555555555555556,0.36666666666666664,1116,42,Double_Q_downside,7
6390,90,0.05444215712025764,0.9964938068284289,0.5555555555555556,0.32222222222222224,1116,42,Double_Q_downside,7
6480,90,0.019703145762355448,0.6727672120795579,0.4777777777777778,0.45555555555555555,1116,42,Double_Q_downside,7
6570,90,0.04734017154866023,0.8000362190476554,0.6,0.28888888888888886,1116,42,Double_Q_downside,7
6660,90,0.08323154557123104,0.6752926765769853,0.5555555555555556,0.23333333333333334,1116,42,Double_Q_downside,7
6750,90,-0.01398924357604625,0.762379096094354,0.5555555555555556,0.28888888888888886,1116,42,Double_Q_downside,7
6840,90,0.0504579287946288,0.8278950071537908,0.8,0.28888888888888886,1116,42,Double_Q_downside,7
6930,90,0.013694796281942524,0.631822479545768,0.6888888888888889,0.3333333333333333,1116,42,Double_Q_downside,7
7020,90,0.04552182377363459,0.6708000180489021,0.4111111111111111,0.2777777777777778,1116,42,Double_Q_downside,7
7110,90,-0.062470513357342924,0.8140799914102589,0.5444444444444444,0.4111111111111111,1116,42,Double_Q_downside,7
7200,90,0.13973242735341582,0.9367685693335221,0.7222222222222222,0.36666666666666664,1116,42,Double_Q_downside,7
7290,90,-0.11472301057626283,1.0766502286869397,0.6222222222222222,0.36666666666666664,1116,42,Double_Q_downside,7
7380,90,0.054565059095446115,0.8332622221436868,0.8111111111111111,0.08888888888888889,1116,42,Double_Q_downside,7
7470,90,0.10181143018386464,0.8572836063971652,0.8222222222222222,0.3,1116,42,Double_Q_downside,7
7560,90,-0.14546590593171668,0.7668317716497073,0.45555555555555555,0.3333333333333333,1116,42,Double_Q_downside,7
7650,90,0.19915632811112857,0.7895218050758089,0.7555555555555555,0.17777777777777778,1116,42,Double_Q_downside,7
7740,90,0.1203967762922913,0.651222396734655,0.5666666666666667,0.3333333333333333,1116,42,Double_Q_downside,7
7830,90,0.21472211126123295,1.2660733131574164,0.8666666666666667,0.26666666666666666,1116,42,Double_Q_downside,7
7920,90,-0.033099853718202746,0.9079473112570274,0.7666666666666667,0.28888888888888886,1116,42,Double_Q_downside,7
8010,90,-0.15148703146732626,0.7105648978035144,0.5444444444444444,0.2111111111111111,1116,42,Double_Q_downside,7
8100,90,0.06117010369011727,0.8185687863749087,0.5555555555555556,0.4222222222222222,1116,42,Double_Q_downside,7
8190,90,0.017939677084844407,0.9245825278316767,0.6555555555555556,0.5,1116,42,Double_Q_downside,7
8280,90,0.03993840536568578,0.6625598415522025,0.6222222222222222,0.12222222222222222,1116,42,Double_Q_downside,7
8370,90,-0.038549641202799516,1.0384155907312176,0.8444444444444444,0.26666666666666666,1132,42,Double_Q_downside,7
8460,90,0.04712976590711161,0.6537039166463587,0.6666666666666666,0.26666666666666666,1132,42,Double_Q_downside,7
8550,90,0.23417056389511878,1.2044737746703076,0.7777777777777778,0.25555555555555554,1132,42,Double_Q_downside,7
8640,90,0.09433178126660269,0.7175184233423546,0.5666666666666667,0.26666666666666666,1132,42,Double_Q_downside,7
8730,90,0.14218475036923656,0.6203516706653651,0.6444444444444445,0.16666666666666666,1132,42,Double_Q_downside,7
8820,90,0.09315520796894512,0.919612615624783,0.7555555555555555,0.3888888888888889,1132,42,Double_Q_downside,7
8910,90,-0.10931533674881236,1.0854338298319328,0.8222222222222222,0.35555555555555557,1132,42,Double_Q_downside,7
9000,90,-0.07514737281589144,1.3434173446964683,0.7777777777777778,0.23333333333333334,1132,42,Double_Q_downside,7
9090,90,0.16669190083974866,0.7652254273513879,0.7222222222222222,0.15555555555555556,1132,42,Double_Q_downside,7
9180,90,0.05627123302544897,0.7705933942696431,0.6222222222222222,0.2777777777777778,1132,42,Double_Q_downside,7
9270,90,-0.06810766032278948,0.6662834605761487,0.4444444444444444,0.6,1132,42,Double_Q_downside,7
9360,90,0.17995099970137057,0.5634194038571565,0.43333333333333335,0.14444444444444443,1132,42,Double_Q_downside,7
9450,90,0.11738267176911053,0.6165066636455688,0.6,0.16666666666666666,1132,42,Double_Q_downside,7
9540,90,-0.034583873934797185,0.5120364972845947,0.5111111111111111,0.37777777777777777,1132,42,Double_Q_downside,7
9630,90,-0.002733447150114501,0.805384849879574,0.7111111111111111,0.2777777777777778,1132,42,Double_Q_downside,7
9720,90,-0.06532346583225564,0.6412191030261709,0.45555555555555555,0.37777777777777777,1132,42,Double_Q_downside,7
9810,90,0.09040115429594892,1.5977271572845755,0.8555555555555555,0.14444444444444443,1132,42,Double_Q_downside,7
9900,90,0.034016808297712586,0.4101508213146532,0.5,0.3111111111111111,1132,42,Double_Q_downside,7
9990,90,-0.01854951402709594,0.660452121924579,0.4111111111111111,0.17777777777777778,1132,42,Double_Q_downside,7
10080,90,0.044406783517142126,0.5225597194111784,0.37777777777777777,0.26666666666666666,1132,42,Double_Q_downside,7
10170,90,0.013206176380514063,0.7153185452181641,0.45555555555555555,0.24444444444444444,1132,42,Double_Q_downside,7
10260,90,0.06598538978479139,0.45948121313371054,0.45555555555555555,0.2222222222222222,1132,42,Double_Q_downside,7
10350,90,0.18309188584459493,0.5389908537745219,0.4444444444444444,0.2,1132,42,Double_Q_downside,7
10440,90,0.15705662014753152,0.4098071236960755,0.3111111111111111,0.15555555555555556,1132,42,Double_Q_downside,7
10530,90,0.020242924450218056,0.5934075775385027,0.4888888888888889,0.32222222222222224,1132,42,Double_Q_downside,7
10620,90,-0.15748250317926546,0.8466732113635445,0.6333333333333333,0.34444444444444444,1132,42,Double_Q_downside,7
10710,90,-0.0071793453742611335,0.6403443966691326,0.4888888888888889,0.3111111111111111,1132,42,Double_Q_downside,7
10800,90,0.18798716789997424,1.598833778894325,0.8111111111111111,0.25555555555555554,1132,42,Double_Q_downside,7
10890,90,-0.030415146157977583,0.9050998287820633,0.7333333333333333,0.2777777777777778,1132,42,Double_Q_downside,7
10980,90,-0.01217693624448796,0.4832278434222577,0.3888888888888889,0.18888888888888888,1132,42,Double_Q_downside,7
11070,90,0.18251955989405025,0.5072358779145985,0.4777777777777778,0.13333333333333333,1132,42,Double_Q_downside,7
11160,90,0.2340338896238644,0.6004146923708903,0.4222222222222222,0.2111111111111111,1132,42,Double_Q_downside,7
11250,90,-0.16702623439849626,0.6237514630619563,0.6444444444444445,0.32222222222222224,1132,42,Double_Q_downside,7
11340,90,-0.054168230231454,0.6398627215516202,0.4222222222222222,0.07777777777777778,1132,42,Double_Q_downside,7
11430,90,0.0010953080384937456,0.8971772231305628,0.8,0.28888888888888886,1132,42,Double_Q_downside,7
11520,90,0.04301523409596564,0.4963337736646231,0.4777777777777778,0.24444444444444444,1132,42,Double_Q_downside,7
11610,90,-0.1558136291306724,1.453693879314589,0.7888888888888889,0.2111111111111111,1132,42,Double_Q_downside,7
11700,90,-0.1080112182799074,0.6713195769999576,0.4888888888888889,0.23333333333333334,1132,42,Double_Q_downside,7
11790,90,0.05530617413459343,0.5297028197692217,0.4444444444444444,0.26666666666666666,1132,42,Double_Q_downside,7
11880,90,0.06626782223089006,0.33426345688534503,0.32222222222222224,0.15555555555555556,1132,42,Double_Q_downside,7
11970,90,0.026893938385844404,0.682094195424469,0.45555555555555555,0.37777777777777777,1132,42,Double_Q_downside,7
12060,90,0.16458532604615386,0.4493203238121137,0.3888888888888889,0.13333333333333333,1132,42,Double_Q_downside,7
12150,90,-0.048852993413187294,0.822800422593949,0.6777777777777778,0.17777777777777778,1132,42,Double_Q_downside,7
12240,90,-0.008975311926690124,0.8912915334076865,0.5666666666666667,0.32222222222222224,1132,42,Double_Q_downside,7
12330,90,-0.031885816467303374,0.688302076738058,0.26666666666666666,0.25555555555555554,1132,42,Double_Q_downside,7
12420,90,0.031707431682815194,0.252301712726988,0.28888888888888886,0.12222222222222222,1132,42,Double_Q_downside,7
12510,90,0.11285451713224413,0.6315917563795326,0.5111111111111111,0.5111111111111111,1132,42,Double_Q_downside,7
12600,90,-0.019963188195073478,0.24756488945206664,0.24444444444444444,0.3,1132,42,Double_Q_downside,7
12690,90,0.11841742409128676,0.4199601593037014,0.5333333333333333,0.4,1132,42,Double_Q_downside,7
12780,90,0.04672538856963004,0.6678438247722035,0.5666666666666667,0.3333333333333333,1132,42,Double_Q_downside,7
12870,90,-0.08717821254674801,0.6598452557487189,0.5,0.6333333333333333,1132,42,Double_Q_downside,7
12960,90,0.040391489541847334,0.41967227395927026,0.37777777777777777,0.13333333333333333,1132,42,Double_Q_downside,7
13050,90,0.17252185094999115,0.9850178210045034,0.6777777777777778,0.37777777777777777,1132,42,Double_Q_downside,7
13140,90,-0.018392173375332863,0.5912880275612203,0.4,0.28888888888888886,1132,42,Double_Q_downside,7
13230,90,0.10728388291021271,0.7862924938348771,0.5555555555555556,0.4222222222222222,1132,42,Double_Q_downside,7
13320,90,-0.14878618316338899,0.5457421588252019,0.3888888888888889,0.4111111111111111,1132,42,Double_Q_downside,7
13410,90,0.05491349501339232,0.6319059828881097,0.43333333333333335,0.7555555555555555,1132,42,Double_Q_downside,7
13500,90,0.08235601991044367,0.7132359785158561,0.4888888888888889,0.3888888888888889,1132,42,Double_Q_downside,7
13590,90,0.07494391483652758,0.5185245378033301,0.34444444444444444,0.25555555555555554,1132,42,Double_Q_downside,7
13680,90,-0.06562047027336121,0.7430882888794392,0.5333333333333333,0.7666666666666667,1132,42,Double_Q_downside,7
13770,90,0.09534509013431368,0.7145050508876456,0.6666666666666666,0.26666666666666666,1132,42,Double_Q_downside,7
13860,90,-0.012261930731313875,0.7266361832825189,0.6333333333333333,0.43333333333333335,1132,42,Double_Q_downside,7
13950,90,-0.07367114100791021,1.1724414606493014,0.7777777777777778,0.36666666666666664,1132,42,Double_Q_downside,7
14040,90,0.08941363981064165,0.5775159805945358,0.6777777777777778,0.32222222222222224,1132,42,Double_Q_downside,7
14130,90,-0.0131951644467658,0.8477699120414665,0.6666666666666666,0.5777777777777777,1132,42,Double_Q_downside,7
14220,90,0.09565437851382852,0.6261452083686576,0.7333333333333333,0.43333333333333335,1132,42,Double_Q_downside,7
14310,90,-0.045723327844162734,0.4044706875792553,0.3333333333333333,0.6222222222222222,1132,42,Double_Q_downside,7
14400,90,-0.03464202519331251,0.5227198237242193,0.5444444444444444,0.5,1132,42,Double_Q_downside,7
14490,90,-0.002756008356097767,0.38848315641972714,0.4111111111111111,0.3111111111111111,1132,42,Double_Q_downside,7
14580,90,0.14380896038611754,0.8658622932481522,0.7111111111111111,0.43333333333333335,1132,42,Double_Q_downside,7
14670,90,0.13504526076035947,0.7012437818725694,0.4888888888888889,0.3888888888888889,1132,42,Double_Q_downside,7
14760,90,0.09233145728503202,0.680566377757913,0.45555555555555555,0.32222222222222224,1132,42,Double_Q_downside,7
14850,90,0.18893934658228612,0.631287892395728,0.5,0.24444444444444444,1132,42,Double_Q_downside,7
14940,90,0.08302454097503333,0.49832019105060327,0.6666666666666666,0.17777777777777778,1132,42,Double_Q_downside,7
15030,90,0.17144277869247943,0.6911445932966266,0.7222222222222222,0.2111111111111111,1132,42,Double_Q_downside,7
15120,90,0.12032068210728117,0.49258717455934853,0.5333333333333333,0.2,1132,42,Double_Q_downside,7
15210,90,0.01657677724595165,0.5663144372095101,0.6111111111111112,0.18888888888888888,1132,42,Double_Q_downside,7
15300,90,0.11687576670648431,0.48741484761480947,0.37777777777777777,0.4888888888888889,1132,42,Double_Q_downside,7
15390,90,0.049316100589520476,1.0835118159003134,0.7,0.5222222222222223,1132,42,Double_Q_downside,7
15480,90,0.06418136923165145,0.8975918990555716,0.7555555555555555,0.34444444444444444,1132,42,Double_Q_downside,7
15570,90,-0.024207927699082078,0.7692660323597693,0.5111111111111111,0.6111111111111112,1133,42,Double_Q_downside,7
15660,90,-0.07069305614513842,1.2069368259867972,0.7777777777777778,0.4111111111111111,1133,42,Double_Q_downside,7
15750,90,0.09571513920992702,0.6302359602730961,0.5888888888888889,0.45555555555555555,1133,42,Double_Q_downside,7
15840,90,0.098685740745522,0.6953521749966374,0.8111111111111111,0.15555555555555556,1133,42,Double_Q_downside,7
15930,90,-0.21939467148438996,0.7246891040036135,0.5444444444444444,0.6,1133,42,Double_Q_downside,7
16020,90,0.04015602183819644,0.627197519456534,0.7,0.4444444444444444,1133,42,Double_Q_downside,7
16110,90,0.09630097321836827,0.7084041261994961,0.6555555555555556,0.5222222222222223,1133,42,Double_Q_downside,7
16200,90,0.09479811739540266,0.6741838258304939,0.8111111111111111,0.25555555555555554,1133,42,Double_Q_downside,7
16290,90,0.06424233950335118,0.7001162041064299,0.6333333333333333,0.23333333333333334,1133,42,Double_Q_downside,7
16380,90,-0.02667550638540491,0.6956796224645667,0.4444444444444444,0.4444444444444444,1133,42,Double_Q_downside,7
16470,90,0.1328400668287747,0.7329302955871886,0.8,0.32222222222222224,1133,42,Double_Q_downside,7
16560,90,-0.07765946390039535,0.6709283915013804,0.5,0.28888888888888886,1133,42,Double_Q_downside,7
16650,90,0.04151867418975606,0.7067795982468021,0.5,0.6111111111111112,1133,42,Double_Q_downside,7
16740,90,-0.010346005195978612,0.7095748355739339,0.5555555555555556,0.6666666666666666,1133,42,Double_Q_downside,7
16830,90,0.13678970948209157,0.8600574926612279,0.9222222222222223,0.14444444444444443,1133,42,Double_Q_downside,7
16920,90,0.12511443064220912,0.6457348857858961,0.5444444444444444,0.4222222222222222,1133,42,Double_Q_downside,7
17010,90,0.2215380635811458,0.574291171443427,0.5333333333333333,0.06666666666666667,1133,42,Double_Q_downside,7
17100,90,0.08961261843330183,0.4102698805629886,0.37777777777777777,0.2111111111111111,1133,42,Double_Q_downside,7
17190,90,0.0743311160741089,0.5001133334975832,0.3333333333333333,0.37777777777777777,1133,42,Double_Q_downside,7
17280,90,0.05227504317231091,0.3898313268971833,0.4777777777777778,0.14444444444444443,1133,42,Double_Q_downside,7
17370,90,-0.01757275468897477,0.516581240740898,0.4,0.43333333333333335,1133,42,Double_Q_downside,7
17460,90,0.00849241018199419,0.6899377542622727,0.5666666666666667,0.5222222222222223,1133,42,Double_Q_downside,7
17550,90,0.1119106435371789,0.5573143794794254,0.5222222222222223,0.36666666666666664,1133,42,Double_Q_downside,7
17640,90,0.17103900990499546,0.49575573528697203,0.4222222222222222,0.12222222222222222,1133,42,Double_Q_downside,7
17730,90,-0.0022545270438789214,0.35665866895671583,0.35555555555555557,0.08888888888888889,1133,42,Double_Q_downside,7
17820,90,0.16429028356167832,0.4089792111160891,0.3,0.2,1133,42,Double_Q_downside,7
17910,90,-0.06769930374669533,0.6641076379364566,0.5111111111111111,0.28888888888888886,1133,42,Double_Q_downside,7
18000,90,0.04174253108417991,1.143747942146455,0.7444444444444445,0.4777777777777778,1133,42,Double_Q_downside,7
18090,90,0.06642672415981897,0.5199311911115342,0.4444444444444444,0.35555555555555557,1133,42,Double_Q_downside,7
18180,90,-0.017590712090817567,0.5280655965825019,0.3333333333333333,0.35555555555555557,1133,42,Double_Q_downside,7
18270,90,0.14269616169716481,0.48336302644618817,0.6,0.24444444444444444,1133,42,Double_Q_downside,7
18360,90,-0.06665108960328846,0.6469559906823267,0.5555555555555556,0.37777777777777777,1133,42,Double_Q_downside,7
18450,90,0.189274960002824,0.5554944580385246,0.3888888888888889,0.12222222222222222,1133,42,Double_Q_downside,7
18540,90,0.06407493957943604,0.7554403858174898,0.6333333333333333,0.43333333333333335,1133,42,Double_Q_downside,7
18630,90,0.18798982452321328,0.6669589358913519,0.7444444444444445,0.2777777777777778,1133,42,Double_Q_downside,7
18720,90,-0.036444497876566936,0.6467172931052423,0.35555555555555557,0.6222222222222222,1133,42,Double_Q_downside,7
18810,90,-0.0666970535850617,0.7082544427730211,0.5555555555555556,0.4444444444444444,1133,42,Double_Q_downside,7
18900,90,-0.020151461297737802,0.6918798873923485,0.5444444444444444,0.5,1133,42,Double_Q_downside,7
18990,90,0.16820286630832817,0.4956101242662663,0.4111111111111111,0.26666666666666666,1133,42,Double_Q_downside,7
19080,90,0.060557478718478705,0.756936045549294,0.7,0.3333333333333333,1133,42,Double_Q_downside,7
19170,90,0.0755527756044041,0.427702428706623,0.43333333333333335,0.2222222222222222,1133,42,Double_Q_downside,7
19260,90,0.12940804986789803,0.9768875270592643,0.7111111111111111,0.25555555555555554,1133,42,Double_Q_downside,7
19350,90,-0.06749688902694113,0.6051227448273718,0.3888888888888889,0.4666666666666667,1133,42,Double_Q_downside,7
19440,90,0.11122618672426925,0.4205210061594014,0.3333333333333333,0.18888888888888888,1133,42,Double_Q_downside,7
19530,90,0.03312210113079518,0.9383373532092683,0.5555555555555556,0.6,1143,42,Double_Q_downside,7
19620,90,0.0371631481635251,0.6968468832160577,0.5888888888888889,0.3111111111111111,1143,42,Double_Q_downside,7
19710,90,-0.00032613454230433615,0.7234712453490094,0.5333333333333333,0.5222222222222223,1143,42,Double_Q_downside,7
19800,90,-0.17850633125630896,0.622879349109584,0.5666666666666667,0.4666666666666667,1143,42,Double_Q_downside,7
19890,90,-0.07318926709048523,0.5419432300309682,0.4111111111111111,0.5,1143,42,Double_Q_downside,7
19980,90,0.06262402463074722,0.4759458366201684,0.28888888888888886,0.32222222222222224,1143,42,Double_Q_downside,7
20070,90,0.16401995310039952,0.9952955473751134,0.7222222222222222,0.4222222222222222,1143,42,Double_Q_downside,7
20160,90,-0.1360391680283016,0.6542237280962276,0.6111111111111112,0.6333333333333333,1143,42,Double_Q_downside,7
20250,90,-0.01637987195066701,0.37512093630476956,0.3888888888888889,0.08888888888888889,1143,42,Double_Q_downside,7
20340,90,-0.07089648167766718,1.2666582048863886,0.6555555555555556,0.6333333333333333,1143,42,Double_Q_downside,7
20430,90,0.1175128054705007,0.5398716856943027,0.5666666666666667,0.4,1143,42,Double_Q_downside,7
20520,90,-0.05002240161497548,0.33488921641281316,0.3,0.2,1143,42,Double_Q_downside,7
20610,90,-0.02154103608738987,1.3603003510682676,0.7777777777777778,0.3888888888888889,1143,42,Double_Q_downside,7
20700,90,0.06881387480106983,0.3359072531413529,0.2,0.2,1143,42,Double_Q_downside,7
20790,90,-0.0067759392080931425,0.39736891177120154,0.23333333333333334,0.4444444444444444,1143,42,Double_Q_downside,7
20880,90,-0.020107696905245585,0.34388845489937026,0.2111111111111111,0.24444444444444444,1143,42,Double_Q_downside,7
20970,90,-0.15334178516235578,0.6074051441438486,0.4222222222222222,0.5222222222222223,1143,42,Double_Q_downside,7
21060,90,-0.16297129475929822,0.5206486194357385,0.4,0.5222222222222223,1143,42,Double_Q_downside,7
21150,90,0.12301079395783718,0.7018756417773518,0.7333333333333333,0.25555555555555554,1143,42,Double_Q_downside,7
21240,90,0.05364075371543004,0.5036860187891489,0.24444444444444444,0.26666666666666666,1143,42,Double_Q_downside,7
21330,90,0.07557289299149716,0.4454639072998929,0.4222222222222222,0.08888888888888889,1143,42,Double_Q_downside,7
21420,90,-0.19088854876803035,1.0193116208571587,0.5666666666666667,0.5222222222222223,1143,42,Double_Q_downside,7
21510,90,0.12105947395451619,0.8844618267569911,0.6888888888888889,0.4222222222222222,1143,42,Double_Q_downside,7
21600,90,-0.006976204746449157,0.5319507622762114,0.4,0.3111111111111111,1143,42,Double_Q_downside,7
21690,90,-0.02304879471658215,0.5511042242148224,0.5111111111111111,0.4666666666666667,1143,42,Double_Q_downside,7
21780,90,-0.08267080618519225,0.5305436207906026,0.3,0.6,1143,42,Double_Q_downside,7
21870,90,-0.06220267367509598,0.5368396190557407,0.34444444444444444,0.6111111111111112,1143,42,Double_Q_downside,7
21960,90,-0.12483289216733998,0.9702155793219642,0.5666666666666667,0.5333333333333333,1143,42,Double_Q_downside,7
22050,90,-0.1431955037341844,0.6224448585105574,0.5222222222222223,0.4,1143,42,Double_Q_downside,7
22140,90,-0.09311814237232485,0.47908486431457936,0.23333333333333334,0.4111111111111111,1143,42,Double_Q_downside,7
22230,90,0.2392404829170513,0.7411828913571,0.7666666666666667,0.2777777777777778,1143,42,Double_Q_downside,7
22320,90,-0.1502102870322662,1.0399344369207444,0.6666666666666666,0.25555555555555554,1143,42,Double_Q_downside,7
22410,90,0.013021221444382496,0.560644297102521,0.4777777777777778,0.12222222222222222,1143,42,Double_Q_downside,7
22500,90,0.056770361079968926,0.6640246950433748,0.6,0.16666666666666666,1143,42,Double_Q_downside,7
22590,90,-0.026261381344076854,0.41055156598099846,0.2222222222222222,0.2,1143,42,Double_Q_downside,7
22680,90,-0.07460598591301504,0.9117566537684948,0.5777777777777777,0.05555555555555555,1143,42,Double_Q_downside,7
22770,90,0.0042136164664305096,0.4827660001879368,0.4444444444444444,0.07777777777777778,1143,42,Double_Q_downside,7
22860,90,-0.08192987523889293,0.6434866706397564,0.4888888888888889,0.18888888888888888,1143,42,Double_Q_downside,7
22950,90,0.09056238683399204,0.3856811167176042,0.35555555555555557,0.12222222222222222,1143,42,Double_Q_downside,7
23040,90,-0.01299291435535194,0.3184498121388152,0.2111111111111111,0.26666666666666666,1143,42,Double_Q_downside,7
23130,90,0.08501948217808485,0.23777381892423605,0.2111111111111111,0.2222222222222222,1143,42,Double_Q_downside,7
23220,90,0.04385666642919163,0.17586753111130124,0.044444444444444446,0.08888888888888889,1143,42,Double_Q_downside,7
23310,90,0.050980088986877115,0.47591035385848235,0.26666666666666666,0.4222222222222222,1143,42,Double_Q_downside,7
23400,90,0.11809748884809729,0.346134483671337,0.37777777777777777,0.14444444444444443,1143,42,Double_Q_downside,7
23490,90,0.17246644276853976,0.5832978714141346,0.4666666666666667,0.2222222222222222,1143,42,Double_Q_downside,7
23580,90,0.10036202331640573,0.3706509006956232,0.35555555555555557,0.2111111111111111,1143,42,Double_Q_downside,7
23670,90,0.02442371496804789,0.2862769630290314,0.2111111111111111,0.17777777777777778,1143,42,Double_Q_downside,7
23760,90,0.01168696358274983,0.266971135799496,0.18888888888888888,0.24444444444444444,1143,42,Double_Q_downside,7
23850,90,0.014557499663665914,0.19650327346370902,0.2222222222222222,0.37777777777777777,1143,42,Double_Q_downside,7
23940,90,0.07784544295415108,0.3802732040667549,0.2777777777777778,0.24444444444444444,1143,42,Double_Q_downside,7
24000,60,0.06621698880134695,0.4626615249852932,0.4,0.7666666666666667,1143,42,Double_Q_downside,7
90,90,0.08328332794037051,0.44518083315011187,0.4222222222222222,0.4666666666666667,90,19,Double_Q_downside,19
180,90,-0.018741672235259795,0.51802906949088,0.32222222222222224,0.2777777777777778,180,21,Double_Q_downside,19
270,90,0.06568569645129439,0.9004419753737231,0.5888888888888889,0.2777777777777778,270,22,Double_Q_downside,19
360,90,0.13479939452804793,0.6587067388745297,0.5111111111111111,0.4111111111111111,294,22,Double_Q_downside,19
450,90,0.15313963515776577,0.6056350920089015,0.5888888888888889,0.4111111111111111,384,22,Double_Q_downside,19
540,90,0.0751687138411285,0.7009038116059286,0.5888888888888889,0.32222222222222224,427,25,Double_Q_downside,19
630,90,-0.005708127630847957,0.7155903812231366,0.6444444444444445,0.4111111111111111,464,27,Double_Q_downside,19
720,90,-0.01199391411386179,0.5947801243779309,0.5111111111111111,0.43333333333333335,554,32,Double_Q_downside,19
810,90,-0.10843242745786859,1.251730134551506,0.7333333333333333,0.4444444444444444,644,37,Double_Q_downside,19
900,90,-0.1463927838381406,0.6558859297800581,0.35555555555555557,0.5,709,37,Double_Q_downside,19
990,90,-0.027336413137110573,0.7745388394519012,0.34444444444444444,0.36666666666666664,726,38,Double_Q_downside,19
1080,90,-0.05544864841897788,0.7873630220281982,0.4777777777777778,0.6111111111111112,743,38,Double_Q_downside,19
1170,90,0.006867763468952339,0.6865208332507983,0.6555555555555556,0.5222222222222223,743,38,Double_Q_downside,19
1260,90,-0.07950739219110778,0.8527521304718013,0.5,0.5555555555555556,749,38,Double_Q_downside,19
1350,90,0.18863850122426426,0.7657176338660904,0.6,0.34444444444444444,778,38,Double_Q_downside,19
1440,90,-0.19459294215933018,0.7642547682495632,0.5444444444444444,0.34444444444444444,868,39,Double_Q_downside,19
1530,90,0.1916031145418522,0.8094460830759674,0.7111111111111111,0.25555555555555554,871,39,Double_Q_downside,19
1620,90,0.2343341902285043,0.7325972630577158,0.6666666666666666,0.3,871,39,Double_Q_downside,19
1710,90,-0.08260091915642977,0.9582335582793013,0.7111111111111111,0.37777777777777777,880,39,Double_Q_downside,19
1800,90,-0.0792047985762632,0.7363445945266133,0.8,0.23333333333333334,911,39,Double_Q_downside,19
1890,90,0.08532925563909693,0.8881402788591056,0.8888888888888888,0.18888888888888888,911,39,Double_Q_downside,19
1980,90,0.0743042729443656,0.7893318998978949,0.7555555555555555,0.3888888888888889,911,39,Double_Q_downside,19
2070,90,0.07772796434227448,1.053662445089253,0.6222222222222222,0.32222222222222224,911,39,Double_Q_downside,19
2160,90,-0.08359720216183694,0.9645637983720934,0.7888888888888889,0.3,922,39,Double_Q_downside,19
2250,90,0.15852531674495265,0.7792725673927476,0.9,0.18888888888888888,922,39,Double_Q_downside,19
2340,90,0.06610121918199623,0.8982487677798859,0.8777777777777778,0.2111111111111111,922,39,Double_Q_downside,19
2430,90,-0.09818423573655874,1.0166128214426842,0.7888888888888889,0.25555555555555554,922,39,Double_Q_downside,19
2520,90,0.004599844101492323,0.8739768369905243,0.6111111111111112,0.45555555555555555,976,39,Double_Q_downside,19
2610,90,-0.19977113304735614,0.7469019252859311,0.5222222222222223,0.43333333333333335,1060,40,Double_Q_downside,19
2700,90,0.178327440421287,0.7005322150868215,0.4666666666666667,0.4777777777777778,1066,41,Double_Q_downside,19
2790,90,-0.05221170250955242,0.7761685534588606,0.5777777777777777,0.4444444444444444,1066,41,Double_Q_downside,19
2880,90,0.25564122500493835,0.8960061730499345,0.7111111111111111,0.2111111111111111,1066,41,Double_Q_downside,19
2970,90,0.10239582637333101,0.7840651023980512,0.5666666666666667,0.28888888888888886,1066,41,Double_Q_downside,19
3060,90,0.034221224169165246,1.180175535211433,0.7888888888888889,0.3111111111111111,1066,41,Double_Q_downside,19
3150,90,0.16889627566408374,0.8564783782457794,0.7666666666666667,0.2,1066,41,Double_Q_downside,19
3240,90,-0.03113387113802257,0.8939877171928007,0.7888888888888889,0.3333333333333333,1066,41,Double_Q_downside,19
3330,90,0.15678064645300238,0.9307279022872318,0.8888888888888888,0.18888888888888888,1066,41,Double_Q_downside,19
3420,90,-0.08553896960875772,0.8215768221658724,0.6888888888888889,0.3888888888888889,1066,41,Double_Q_downside,19
3510,90,-0.04766684252627904,1.0985894625729498,0.8,0.3333333333333333,1066,41,Double_Q_downside,19
3600,90,0.10885289712979734,0.6871943365135772,0.5222222222222223,0.4888888888888889,1066,41,Double_Q_downside,19
3690,90,-0.03220803049261627,0.8969870389271831,0.7666666666666667,0.3888888888888889,1066,41,Double_Q_downside,19
3780,90,0.1705030649966121,0.7656455553431362,0.7,0.2111111111111111,1066,41,Double_Q_downside,19
3870,90,0.23993929632913139,0.7434503056482702,0.7222222222222222,0.43333333333333335,1066,41,Double_Q_downside,19
3960,90,-0.08487617755290432,0.9529297924656226,0.7111111111111111,0.45555555555555555,1066,41,Double_Q_downside,19
4050,90,0.08468763384935397,0.6494967913133682,0.5555555555555556,0.28888888888888886,1066,41,Double_Q_downside,19
4140,90,-0.042860846329526914,0.7957475862995804,0.5777777777777777,0.2777777777777778,1066,42,Double_Q_downside,19
4230,90,0.06453710540501481,1.1978441548777792,0.8888888888888888,0.2111111111111111,1066,42,Double_Q_downside,19
4320,90,-0.0581895952981741,1.084987381792756,0.8777777777777778,0.16666666666666666,1071,42,Double_Q_downside,19
4410,90,0.2743762851819778,0.8897539612776307,0.8111111111111111,0.3333333333333333,1071,42,Double_Q_downside,19
4500,90,0.2282642987837281,1.7019426520980094,0.8333333333333334,0.23333333333333334,1086,42,Double_Q_downside,19
4590,90,0.12824389560743,0.8359224396633167,0.8111111111111111,0.26666666666666666,1091,42,Double_Q_downside,19
4680,90,-0.014192696401484671,0.9910606763919151,0.7333333333333333,0.18888888888888888,1091,42,Double_Q_downside,19
4770,90,-0.1448063957537769,1.049359996827558,0.8,0.25555555555555554,1091,42,Double_Q_downside,19
4860,90,0.015779805904223402,1.4345452140495494,0.7777777777777778,0.2777777777777778,1091,42,Double_Q_downside,19
4950,90,0.057789941821753094,1.557010494393106,0.7555555555555555,0.3888888888888889,1091,42,Double_Q_downside,19
5040,90,-0.014339526106277166,1.1025167625503287,0.8222222222222222,0.16666666666666666,1091,42,Double_Q_downside,19
5130,90,0.1305135701103386,0.6004845065692129,0.5111111111111111,0.3,1091,42,Double_Q_downside,19
5220,90,0.19596868268995224,0.6599659531045289,0.45555555555555555,0.3111111111111111,1091,42,Double_Q_downside,19
5310,90,0.1492098002809179,0.6381236860879353,0.5111111111111111,0.2111111111111111,1091,42,Double_Q_downside,19
5400,90,0.19484295317463204,0.812719036835735,0.7333333333333333,0.13333333333333333,1091,42,Double_Q_downside,19
5490,90,-0.09418927197543284,1.213578823542929,0.8,0.26666666666666666,1091,42,Double_Q_downside,19
5580,90,0.03263130488514742,0.8783221910722319,0.8444444444444444,0.2111111111111111,1091,42,Double_Q_downside,19
5670,90,0.059044142671839606,1.1543816434547298,0.8,0.12222222222222222,1091,42,Double_Q_downside,19
5760,90,-0.08560453902702404,1.060195490641899,0.8777777777777778,0.25555555555555554,1142,42,Double_Q_downside,19
5850,90,0.0399753345080407,0.9995663076471512,0.7555555555555555,0.25555555555555554,1142,42,Double_Q_downside,19
5940,90,-0.18285938247240954,1.0269340836414387,0.9111111111111111,0.18888888888888888,1142,42,Double_Q_downside,19
6030,90,-0.10212975012965089,0.8696761926538443,0.6666666666666666,0.3888888888888889,1142,42,Double_Q_downside,19
6120,90,0.2794549880634315,1.1928533526131997,0.8888888888888888,0.17777777777777778,1142,42,Double_Q_downside,19
6210,90,-0.04820711332620124,1.0306257338243265,0.7777777777777778,0.25555555555555554,1142,42,Double_Q_downside,19
6300,90,0.12130726475762135,0.7059373893665023,0.6444444444444445,0.18888888888888888,1142,42,Double_Q_downside,19
6390,90,0.135675185114279,1.2016626644787542,0.7222222222222222,0.23333333333333334,1142,42,Double_Q_downside,19
6480,90,0.012413631683309447,0.937327734174069,0.9,0.2,1142,42,Double_Q_downside,19
6570,90,0.05269736432840593,0.8618743500809263,0.8222222222222222,0.36666666666666664,1142,42,Double_Q_downside,19
6660,90,-0.15255612959809653,0.8709422874113473,0.8666666666666667,0.2222222222222222,1142,42,Double_Q_downside,19
6750,90,-0.028563760752601565,1.1076042795012113,0.9,0.18888888888888888,1142,42,Double_Q_downside,19
6840,90,0.04706334222169398,1.0182678700168906,0.8777777777777778,0.2111111111111111,1142,42,Double_Q_downside,19
6930,90,-0.17029183999861866,1.0910023840783385,0.8777777777777778,0.17777777777777778,1142,42,Double_Q_downside,19
7020,90,0.1980997265006808,0.9220476279407844,0.8777777777777778,0.25555555555555554,1142,42,Double_Q_downside,19
7110,90,0.12332229568704091,0.861197975704641,0.9333333333333333,0.12222222222222222,1142,42,Double_Q_downside,19
7200,90,0.0579317617592873,1.3357102874239464,0.9,0.16666666666666666,1142,42,Double_Q_downside,19
7290,90,-0.10121491339336418,0.8984244768746853,0.7888888888888889,0.23333333333333334,1142,42,Double_Q_downside,19
7380,90,0.10348329050023176,1.1606968725856448,0.7888888888888889,0.34444444444444444,1142,42,Double_Q_downside,19
7470,90,0.0565555179380109,1.0846228191240068,0.8333333333333334,0.3,1142,42,Double_Q_downside,19
7560,90,-0.028169747264599126,0.9522372050792792,0.9,0.2,1142,42,Double_Q_downside,19
7650,90,0.05117622265041752,0.8105199294281882,0.9222222222222223,0.14444444444444443,1142,42,Double_Q_downside,19
7740,90,0.005172618752119642,0.947165350334436,0.8333333333333334,0.34444444444444444,1142,42,Double_Q_downside,19
7830,90,0.01289436344504094,0.9796469630443053,0.7444444444444445,0.43333333333333335,1142,42,Double_Q_downside,19
7920,90,0.23035252031307174,0.7651844804920204,0.8333333333333334,0.3,1142,42,Double_Q_downside,19
8010,90,0.014758078759593826,1.111556371210622,0.7777777777777778,0.24444444444444444,1142,42,Double_Q_downside,19
8100,90,0.037588812452271525,0.8153740237135968,0.9,0.16666666666666666,1142,42,Double_Q_downside,19
8190,90,0.1795827711892405,0.8479316426213966,0.8222222222222222,0.24444444444444444,1142,42,Double_Q_downside,19
8280,90,0.18973707534721349,0.9303901796338587,0.8444444444444444,0.25555555555555554,1142,42,Double_Q_downside,19
8370,90,0.09516599655628194,0.8820588921768574,0.8,0.2777777777777778,1142,42,Double_Q_downside,19
8460,90,-0.06891459434832417,1.0416929623493552,0.9,0.16666666666666666,1142,42,Double_Q_downside,19
8550,90,0.22948383627640492,0.7901832259907994,0.8666666666666667,0.23333333333333334,1142,42,Double_Q_downside,19
8640,90,-0.007227265213549503,0.9898474193336766,0.8888888888888888,0.23333333333333334,1142,42,Double_Q_downside,19
8730,90,-0.0004889207617714818,0.9775012222099423,0.9111111111111111,0.16666666666666666,1142,42,Double_Q_downside,19
8820,90,-0.07377412892257491,0.803299907945984,0.6333333333333333,0.3111111111111111,1142,42,Double_Q_downside,19
8910,90,0.2554088878023552,0.7540778262096576,0.8555555555555555,0.25555555555555554,1142,42,Double_Q_downside,19
9000,90,0.0024870449225546315,0.7241511593497606,0.8888888888888888,0.12222222222222222,1142,42,Double_Q_downside,19
9090,90,0.029796654738925454,0.9736253751618195,0.8333333333333334,0.3,1142,42,Double_Q_downside,19
9180,90,0.08833222368850184,0.7261602066382237,0.9,0.16666666666666666,1142,42,Double_Q_downside,19
9270,90,-0.09611298849140583,0.9194978330587834,0.6888888888888889,0.4777777777777778,1142,42,Double_Q_downside,19
9360,90,0.12102565538346076,0.6526805956896061,0.7777777777777778,0.36666666666666664,1142,42,Double_Q_downside,19
9450,90,0.23345879921649076,0.8367031257331544,0.8777777777777778,0.14444444444444443,1142,42,Double_Q_downside,19
9540,90,-0.057987674543546655,0.8818194185346552,0.7222222222222222,0.5222222222222223,1142,42,Double_Q_downside,19
9630,90,-0.2656309976956617,0.9090081501967651,0.5555555555555556,0.5,1142,42,Double_Q_downside,19
9720,90,0.0992693795110608,1.028788824937633,0.6444444444444445,0.4777777777777778,1142,42,Double_Q_downside,19
9810,90,0.17463898004356565,0.8631922637320162,0.7333333333333333,0.4444444444444444,1142,42,Double_Q_downside,19
9900,90,-0.06696926316648208,1.2264031993510303,0.7555555555555555,0.43333333333333335,1142,42,Double_Q_downside,19
9990,90,0.22186343831521724,0.934776564715998,0.8111111111111111,0.18888888888888888,1142,42,Double_Q_downside,19
10080,90,0.24894692510882857,0.7956513517358884,0.8777777777777778,0.16666666666666666,1142,42,Double_Q_downside,19
10170,90,0.10717243886725102,0.7519196425251246,0.7,0.4888888888888889,1142,42,Double_Q_downside,19
10260,90,0.0245723336832181,0.7419313147564723,0.8333333333333334,0.24444444444444444,1142,42,Double_Q_downside,19
10350,90,0.01973993589868455,0.8662538290726884,0.5555555555555556,0.2111111111111111,1142,42,Double_Q_downside,19
10440,90,0.022417257096403735,0.6438945617189253,0.5222222222222223,0.37777777777777777,1142,42,Double_Q_downside,19
10530,90,0.04224036793960856,0.8440231633061072,0.6555555555555556,0.5333333333333333,1142,42,Double_Q_downside,19
10620,90,-0.07660750869966583,0.8480900127191003,0.5777777777777777,0.3111111111111111,1142,42,Double_Q_downside,19
10710,90,0.005059397833270895,0.8299170926547698,0.8444444444444444,0.2777777777777778,1142,42,Double_Q_downside,19
10800,90,-0.08779475342570711,0.9811396338194575,0.7888888888888889,0.28888888888888886,1148,42,Double_Q_downside,19
10890,90,-0.009732426221000835,0.9496027860521937,0.7444444444444445,0.23333333333333334,1148,42,Double_Q_downside,19
10980,90,-0.13738004758479394,0.6929707556067474,0.5444444444444444,0.3333333333333333,1148,42,Double_Q_downside,19
11070,90,-0.04665595287350326,0.8233761546505562,0.4888888888888889,0.43333333333333335,1148,42,Double_Q_downside,19
11160,90,0.01340611210654606,0.8579999710893537,0.8777777777777778,0.23333333333333334,1148,42,Double_Q_downside,19
11250,90,-0.03408956134268214,0.9194893608923059,0.7555555555555555,0.2111111111111111,1148,42,Double_Q_downside,19
11340,90,-0.08319321651304051,0.9354390379052278,0.8111111111111111,0.2,1148,42,Double_Q_downside,19
11430,90,0.18674267941426814,0.923964301418356,0.9444444444444444,0.1,1148,42,Double_Q_downside,19
11520,90,-0.034136291694502864,0.6767957096640795,0.6,0.37777777777777777,1148,42,Double_Q_downside,19
11610,90,0.05152698453710629,0.8689247506723384,0.7444444444444445,0.3888888888888889,1148,42,Double_Q_downside,19
11700,90,0.15151484416790298,0.9135751741290038,0.9111111111111111,0.18888888888888888,1148,42,Double_Q_downside,19
11790,90,0.03512972134091845,0.9665317179207087,0.7,0.25555555555555554,1148,42,Double_Q_downside,19
11880,90,-0.10850504335398778,0.9220030923260009,0.7111111111111111,0.4222222222222222,1148,42,Double_Q_downside,19
11970,90,0.16181667205662034,0.7747722685859537,0.7222222222222222,0.2111111111111111,1148,42,Double_Q_downside,19
12060,90,0.12994846798413096,0.9242626877253349,0.9777777777777777,0.05555555555555555,1148,42,Double_Q_downside,19
12150,90,-0.11385061891898576,1.0345096136831897,0.7111111111111111,0.45555555555555555,1148,42,Double_Q_downside,19
12240,90,0.058763433290477125,0.8599113637193551,0.8222222222222222,0.3,1148,42,Double_Q_downside,19
12330,90,0.03056961481408603,1.127265182276137,0.8,0.35555555555555557,1148,42,Double_Q_downside,19
12420,90,0.291216275396815,0.8530540764716398,0.9555555555555556,0.1,1148,42,Double_Q_downside,19
12510,90,0.04330059138994494,0.8485843842617967,0.7,0.4111111111111111,1148,42,Double_Q_downside,19
12600,90,-0.0015902281751458895,0.6930444608496416,0.43333333333333335,0.5111111111111111,1148,42,Double_Q_downside,19
12690,90,0.2957265489731196,0.8523010669243016,0.9,0.14444444444444443,1148,42,Double_Q_downside,19
12780,90,-0.019880545915204155,0.7632958148864394,0.7,0.2777777777777778,1148,42,Double_Q_downside,19
12870,90,-0.276483376693083,1.060139054380547,0.6777777777777778,0.43333333333333335,1148,42,Double_Q_downside,19
12960,90,0.1312635334221586,0.6676495337389127,0.6666666666666666,0.4666666666666667,1148,42,Double_Q_downside,19
13050,90,-0.13414605506126392,0.7972409840442419,0.5888888888888889,0.5111111111111111,1148,42,Double_Q_downside,19
13140,90,0.008691382204747845,0.6972219477203571,0.7,0.43333333333333335,1148,42,Double_Q_downside,19
13230,90,-0.10155342077301535,1.042885620818976,0.5111111111111111,0.6777777777777778,1148,42,Double_Q_downside,19
13320,90,-0.04743479994568013,0.711376676250105,0.4777777777777778,0.5555555555555556,1148,42,Double_Q_downside,19
13410,90,-0.08052239634593049,0.6613349637197049,0.45555555555555555,0.2777777777777778,1148,42,Double_Q_downside,19
13500,90,-0.018018191239097862,0.7305104245286922,0.5888888888888889,0.2777777777777778,1148,42,Double_Q_downside,19
13590,90,0.06790884411919665,0.9376997355597769,0.6888888888888889,0.32222222222222224,1148,42,Double_Q_downside,19
13680,90,0.11519437437675409,0.8049108966024082,0.6555555555555556,0.32222222222222224,1148,42,Double_Q_downside,19
13770,90,0.05394468419066426,0.9150308394214656,0.9444444444444444,0.1,1148,42,Double_Q_downside,19
13860,90,-0.03929918986436087,0.6860938930305431,0.4666666666666667,0.3,1148,42,Double_Q_downside,19
13950,90,0.07946321212499505,0.788110698984753,0.5777777777777777,0.4222222222222222,1148,42,Double_Q_downside,19
14040,90,0.07662272254388741,0.47642370705919235,0.4888888888888889,0.8333333333333334,1148,42,Double_Q_downside,19
14130,90,-0.0945014322658656,0.6605023439610995,0.5444444444444444,0.45555555555555555,1148,42,Double_Q_downside,19
14220,90,-0.08064722342718601,0.7448457485146638,0.6333333333333333,0.5777777777777777,1148,42,Double_Q_downside,19
14310,90,0.051069370851229354,0.4381201039761737,0.5555555555555556,0.7666666666666667,1148,42,Double_Q_downside,19
14400,90,-0.0096032422860836,0.48864807539531313,0.5222222222222223,0.8111111111111111,1148,42,Double_Q_downside,19
14490,90,0.08064474852056366,0.5437855035580721,0.5555555555555556,0.7111111111111111,1148,42,Double_Q_downside,19
14580,90,-0.001897035296487489,0.616512939581614,0.5111111111111111,0.5222222222222223,1148,42,Double_Q_downside,19
14670,90,-0.04648248069304651,0.559705788289583,0.36666666666666664,0.4666666666666667,1148,42,Double_Q_downside,19
14760,90,0.09596630698580498,0.7390275306276028,0.6,0.5444444444444444,1148,42,Double_Q_downside,19
14850,90,0.015454297303178868,0.5131299132512522,0.4777777777777778,0.8222222222222222,1148,42,Double_Q_downside,19
14940,90,0.018023072851899784,0.640276432833598,0.5333333333333333,0.6222222222222222,1148,42,Double_Q_downside,19
15030,90,0.06233021416559981,1.006557535497532,0.6777777777777778,0.35555555555555557,1148,42,Double_Q_downside,19
15120,90,-0.05470802123785838,0.805452619096894,0.6,0.5111111111111111,1148,42,Double_Q_downside,19
15210,90,0.18159521859460273,0.6909311091848875,0.5555555555555556,0.45555555555555555,1148,42,Double_Q_downside,19
15300,90,-0.03472842238204562,0.5048104727467617,0.3,0.2777777777777778,1148,42,Double_Q_downside,19
15390,90,-0.0022553745840341484,0.4823297459792522,0.4111111111111111,0.1111111111111111,1148,42,Double_Q_downside,19
15480,90,0.02593737256273711,0.5245245815671213,0.5111111111111111,0.4444444444444444,1148,42,Double_Q_downside,19
15570,90,0.10855129677487631,0.5587030960355619,0.3111111111111111,0.3111111111111111,1148,42,Double_Q_downside,19
15660,90,0.007630572896853985,0.5135973145279115,0.36666666666666664,0.5444444444444444,1148,42,Double_Q_downside,19
15750,90,0.07981332832315599,0.7625155439399696,0.5666666666666667,0.2777777777777778,1148,42,Double_Q_downside,19
15840,90,-0.06619738977743,0.5793443525750637,0.4888888888888889,0.18888888888888888,1148,42,Double_Q_downside,19
15930,90,-0.10415078811900366,0.7624800172875043,0.6444444444444445,0.5888888888888889,1148,42,Double_Q_downside,19
16020,90,0.1850241549368299,0.6159265024973611,0.5777777777777777,0.3888888888888889,1148,42,Double_Q_downside,19
16110,90,-0.12310814720715514,0.8866337380725434,0.5222222222222223,0.43333333333333335,1148,42,Double_Q_downside,19
16200,90,0.0971176936178236,0.6697161718962114,0.6777777777777778,0.45555555555555555,1148,42,Double_Q_downside,19
16290,90,0.0214897299673805,0.740754988035899,0.5333333333333333,0.2777777777777778,1148,42,Double_Q_downside,19
16380,90,-0.11658075321818075,0.6414207720337463,0.5,0.2777777777777778,1148,42,Double_Q_downside,19
16470,90,0.010747905890466593,0.7771737590103821,0.6777777777777778,0.28888888888888886,1148,42,Double_Q_downside,19
16560,90,-0.08179420366774652,0.4866953372003249,0.4888888888888889,0.28888888888888886,1148,42,Double_Q_downside,19
16650,90,0.06353186187062969,0.8071250985084557,0.5333333333333333,0.15555555555555556,1148,42,Double_Q_downside,19
16740,90,-0.09705149903051284,0.5888756336091556,0.3333333333333333,0.2,1148,42,Double_Q_downside,19
16830,90,-0.002568721193488097,0.5370658708160145,0.3333333333333333,0.17777777777777778,1148,42,Double_Q_downside,19
16920,90,-0.013583448067981351,0.7456543979008552,0.5,0.36666666666666664,1148,42,Double_Q_downside,19
17010,90,0.0838666473794336,0.7158536233290166,0.6555555555555556,0.14444444444444443,1148,42,Double_Q_downside,19
17100,90,-0.01762973696452463,0.7656631137337331,0.34444444444444444,0.2111111111111111,1148,42,Double_Q_downside,19
17190,90,0.17116920030258867,0.6500569317972978,0.6444444444444445,0.2111111111111111,1148,42,Double_Q_downside,19
17280,90,-0.12057872949933582,0.8587478368237684,0.7111111111111111,0.2222222222222222,1148,42,Double_Q_downside,19
17370,90,0.008197313266033119,0.8328457808050902,0.7111111111111111,0.1111111111111111,1148,42,Double_Q_downside,19
17460,90,0.11422639163838269,0.7324172500169823,0.7444444444444445,0.14444444444444443,1148,42,Double_Q_downside,19
17550,90,0.0857832122582184,0.7336821219870018,0.5111111111111111,0.2222222222222222,1148,42,Double_Q_downside,19
17640,90,0.0988888187423623,0.8586821264187888,0.8,0.07777777777777778,1148,42,Double_Q_downside,19
17730,90,-0.12781541967193424,0.6760073359731973,0.5,0.18888888888888888,1148,42,Double_Q_downside,19
17820,90,0.15835548476791703,0.8919104736871061,0.6333333333333333,0.2777777777777778,1148,42,Double_Q_downside,19
17910,90,-0.13438226966920666,0.7123393084399301,0.4888888888888889,0.4666666666666667,1148,42,Double_Q_downside,19
18000,90,-0.12471765535896787,0.9995556279282501,0.6777777777777778,0.4111111111111111,1148,42,Double_Q_downside,19
18090,90,0.10993242330625534,0.8977186159037122,1.0,0.011111111111111112,1148,42,Double_Q_downside,19
18180,90,0.037623265006567805,0.6658481186089042,0.4888888888888889,0.28888888888888886,1148,42,Double_Q_downside,19
18270,90,0.10686231805941761,0.8506217756913571,0.8444444444444444,0.1111111111111111,1148,42,Double_Q_downside,19
18360,90,0.022713020380451494,0.9327220940435129,0.5777777777777777,0.28888888888888886,1148,42,Double_Q_downside,19
18450,90,0.20885004988943992,0.7276562897706307,0.7777777777777778,0.06666666666666667,1148,42,Double_Q_downside,19
18540,90,-0.049461398714663235,0.7258047434945062,0.6444444444444445,0.18888888888888888,1148,42,Double_Q_downside,19
18630,90,0.06402407284055026,0.6237034958913932,0.6222222222222222,0.4,1148,42,Double_Q_downside,19
18720,90,0.0742676128622587,0.6350470240515285,0.5333333333333333,0.24444444444444444,1148,42,Double_Q_downside,19
18810,90,-0.046916843237420784,0.730777621809415,0.6666666666666666,0.23333333333333334,1148,42,Double_Q_downside,19
18900,90,0.10460997636252023,0.7338428066818528,0.4666666666666667,0.45555555555555555,1148,42,Double_Q_downside,19
18990,90,-0.14148078075375647,0.768510489310756,0.4888888888888889,0.4666666666666667,1148,42,Double_Q_downside,19
19080,90,0.054119237873332164,0.7633676899464285,0.5888888888888889,0.17777777777777778,1148,42,Double_Q_downside,19
19170,90,0.0642442485006071,0.6489186382981135,0.6222222222222222,0.3,1148,42,Double_Q_downside,19
19260,90,0.12879938065226576,0.9108621776896677,0.8444444444444444,0.23333333333333334,1148,42,Double_Q_downside,19
19350,90,0.35837872839211915,0.8006242585987997,0.9222222222222223,0.07777777777777778,1148,42,Double_Q_downside,19
19440,90,0.0002175103971172006,0.6814322684849606,0.6555555555555556,0.18888888888888888,1148,42,Double_Q_downside,19
19530,90,-0.10511538171801069,0.8741573438199225,0.6222222222222222,0.4222222222222222,1148,42,Double_Q_downside,19
19620,90,0.04848285570460636,0.7213701999455465,0.5666666666666667,0.4111111111111111,1148,42,Double_Q_downside,19
19710,90,-0.032953698386591845,0.7220556920433107,0.4111111111111111,0.5666666666666667,1148,42,Double_Q_downside,19
19800,90,-0.13287921385864696,0.610113353477721,0.4888888888888889,0.24444444444444444,1148,42,Double_Q_downside,19
19890,90,0.2810553044756466,0.8272616330631567,0.9111111111111111,0.1111111111111111,1148,42,Double_Q_downside,19
19980,90,-0.10115094824342633,0.7159777207637088,0.6,0.18888888888888888,1148,42,Double_Q_downside,19
20070,90,0.12413631638089115,0.8400012043371621,0.8555555555555555,0.08888888888888889,1148,42,Double_Q_downside,19
20160,90,0.08416733545467167,1.5528806218895665,0.7777777777777778,0.06666666666666667,1148,42,Double_Q_downside,19
20250,90,0.15122677215029717,0.8796669614345526,0.8,0.17777777777777778,1148,42,Double_Q_downside,19
20340,90,-0.1091500456859291,0.7895697589159311,0.6777777777777778,0.2111111111111111,1148,42,Double_Q_downside,19
20430,90,0.22253814305790107,0.842065346363181,0.9666666666666667,0.07777777777777778,1148,42,Double_Q_downside,19
20520,90,-0.09396709044744374,0.7789372220979123,0.5222222222222223,0.06666666666666667,1148,42,Double_Q_downside,19
20610,90,0.07556383068643092,0.7430594451107921,0.6222222222222222,0.14444444444444443,1148,42,Double_Q_downside,19
20700,90,-0.15463809613383803,0.6284630230781931,0.5444444444444444,0.16666666666666666,1148,42,Double_Q_downside,19
20790,90,0.07980114983382885,0.7857908684003653,0.7777777777777778,0.07777777777777778,1148,42,Double_Q_downside,19
20880,90,-0.03932945062949545,0.8518985012616265,0.6333333333333333,0.17777777777777778,1148,42,Double_Q_downside,19
20970,90,0.20189596852264116,0.7539823828159038,0.7111111111111111,0.23333333333333334,1148,42,Double_Q_downside,19
21060,90,-0.13914018538698508,0.8639263840731086,0.6888888888888889,0.13333333333333333,1148,42,Double_Q_downside,19
21150,90,-0.08710712653616429,0.5812065770379522,0.5,0.3,1148,42,Double_Q_downside,19
21240,90,0.053807334317693724,0.9082220539294298,0.5888888888888889,0.34444444444444444,1148,42,Double_Q_downside,19
21330,90,-0.06421239934471287,0.7495276323608907,0.6666666666666666,0.14444444444444443,1148,42,Double_Q_downside,19
21420,90,-0.04587515151295361,0.5672471771783404,0.4111111111111111,0.25555555555555554,1148,42,Double_Q_downside,19
21510,90,-0.031081117569834324,0.8647080871723342,0.5555555555555556,0.17777777777777778,1148,42,Double_Q_downside,19
21600,90,0.08814843138306995,0.71586214503642,0.6111111111111112,0.23333333333333334,1148,42,Double_Q_downside,19
21690,90,0.01941850890962456,0.7903023995725751,0.7333333333333333,0.18888888888888888,1148,42,Double_Q_downside,19
21780,90,-0.09868565540985423,0.6303411259463116,0.4,0.26666666666666666,1148,42,Double_Q_downside,19
21870,90,0.24227999586668136,0.6875761974180453,0.6888888888888889,0.13333333333333333,1148,42,Double_Q_downside,19
21960,90,0.02818332973708488,0.7470336490558976,0.7666666666666667,0.14444444444444443,1148,42,Double_Q_downside,19
22050,90,0.13432242739360628,0.8155817162375008,0.7,0.17777777777777778,1148,42,Double_Q_downside,19
22140,90,0.1054085697699185,0.5721225093251986,0.6333333333333333,0.06666666666666667,1148,42,Double_Q_downside,19
22230,90,0.10191977524332055,0.7251694533115725,0.6888888888888889,0.2111111111111111,1148,42,Double_Q_downside,19
22320,90,0.2473910150072551,0.8447268888195297,0.9222222222222223,0.05555555555555555,1148,42,Double_Q_downside,19
22410,90,0.2422926099582689,0.39579392792633433,0.26666666666666666,0.07777777777777778,1148,42,Double_Q_downside,19
22500,90,0.005520141002207079,0.6529706329343907,0.5333333333333333,0.2,1148,42,Double_Q_downside,19
22590,90,0.059122708257846185,0.7797884941615627,0.6222222222222222,0.13333333333333333,1148,42,Double_Q_downside,19
22680,90,0.03549458953976621,0.7949095817302785,0.6,0.13333333333333333,1148,42,Double_Q_downside,19
22770,90,0.06947099835756983,0.6991357956218498,0.6,0.15555555555555556,1148,42,Double_Q_downside,19
22860,90,0.02750787408122468,0.6736189207660999,0.6333333333333333,0.18888888888888888,1148,42,Double_Q_downside,19
22950,90,0.16853671977176862,0.5966438763780627,0.5777777777777777,0.17777777777777778,1148,42,Double_Q_downside,19
23040,90,0.06863170963239015,0.8946692477147792,0.6333333333333333,0.16666666666666666,1148,42,Double_Q_downside,19
23130,90,-0.04239103637698635,0.6511232857378033,0.6333333333333333,0.1,1148,42,Double_Q_downside,19
23220,90,0.0006832485676549914,0.9198751078541707,0.6666666666666666,0.24444444444444444,1148,42,Double_Q_downside,19
23310,90,0.04607917381137857,0.6434300994028963,0.6666666666666666,0.1111111111111111,1148,42,Double_Q_downside,19
23400,90,0.028772500189680708,0.8622640624251444,0.6222222222222222,0.14444444444444443,1148,42,Double_Q_downside,19
23490,90,0.05263987398537648,0.5066494454809758,0.6444444444444445,0.05555555555555555,1148,42,Double_Q_downside,19
23580,90,0.2602794802762498,1.137478453123005,0.5333333333333333,0.17777777777777778,1148,42,Double_Q_downside,19
23670,90,0.0038475717927036325,0.8971079044190615,0.6444444444444445,0.23333333333333334,1148,42,Double_Q_downside,19
23760,90,0.08449784273370052,0.8430126866957977,0.7888888888888889,0.16666666666666666,1148,42,Double_Q_downside,19
23850,90,-0.017269608334911528,0.671201236990843,0.7333333333333333,0.16666666666666666,1148,42,Double_Q_downside,19
23940,90,0.09007009404244677,0.7565399402533398,0.6777777777777778,0.23333333333333334,1148,42,Double_Q_downside,19
24000,60,-0.12311420007259706,1.1241995107472396,0.8166666666666667,0.18333333333333332,1148,42,Double_Q_downside,19
90,90,-0.06475921482878867,0.7786787639716783,0.5555555555555556,0.4111111111111111,90,18,Double_Q_downside,43
180,90,-0.0750598205260631,0.693763510981144,0.4,0.5555555555555556,180,25,Double_Q_downside,43
270,90,0.17254081217297393,0.7633962236395809,0.5222222222222223,0.6444444444444445,270,26,Double_Q_downside,43
360,90,0.10375765949118562,0.569429359448487,0.3333333333333333,0.2222222222222222,360,32,Double_Q_downside,43
450,90,-0.054184391463798214,0.89936422646029,0.45555555555555555,0.6111111111111112,426,33,Double_Q_downside,43
540,90,-0.03176197282445066,0.557967783229799,0.32222222222222224,0.37777777777777777,458,33,Double_Q_downside,43
630,90,-0.03928429578649696,0.6804094143508076,0.6444444444444445,0.3333333333333333,497,34,Double_Q_downside,43
720,90,0.043274456870432826,0.6632395157900375,0.2777777777777778,0.3333333333333333,587,34,Double_Q_downside,43
810,90,0.009690215840517331,0.7879039342552828,0.6,0.35555555555555557,677,34,Double_Q_downside,43
900,90,0.07897876550146249,0.6761821445906546,0.7111111111111111,0.2111111111111111,677,34,Double_Q_downside,43
990,90,0.11098042792535033,0.6669578283058647,0.6888888888888889,0.3333333333333333,677,34,Double_Q_downside,43
1080,90,0.2073924724872578,1.2279292898639755,0.5444444444444444,0.28888888888888886,696,35,Double_Q_downside,43
1170,90,0.10761333657646364,0.6089551960608831,0.4888888888888889,0.5111111111111111,700,35,Double_Q_downside,43
1260,90,-0.14734338606823685,0.762299830819653,0.4888888888888889,0.36666666666666664,728,35,Double_Q_downside,43
1350,90,0.07892362503964018,0.6008398122439498,0.45555555555555555,0.6,818,39,Double_Q_downside,43
1440,90,-0.01157797312459381,0.6024295091722576,0.5,0.32222222222222224,825,39,Double_Q_downside,43
1530,90,0.009821217905326972,0.6864574732253181,0.4444444444444444,0.2777777777777778,868,39,Double_Q_downside,43
1620,90,-0.11729956212856994,0.7345751581272141,0.5111111111111111,0.4777777777777778,903,39,Double_Q_downside,43
1710,90,0.053181184167585674,0.5413843513155959,0.3888888888888889,0.3888888888888889,917,39,Double_Q_downside,43
1800,90,-0.08379860594720052,0.7591464937670518,0.4888888888888889,0.25555555555555554,917,39,Double_Q_downside,43
1890,90,-0.0536660782179934,0.5787414145031419,0.25555555555555554,0.2111111111111111,964,39,Double_Q_downside,43
1980,90,-0.08056255336931989,0.9674103438210244,0.5222222222222223,0.4222222222222222,1017,39,Double_Q_downside,43
2070,90,-0.0722285272964279,0.5426716716004893,0.37777777777777777,0.16666666666666666,1074,41,Double_Q_downside,43
2160,90,0.08378070746598024,0.4312656452154603,0.28888888888888886,0.18888888888888888,1074,41,Double_Q_downside,43
2250,90,0.04792244713968842,0.9128306112109102,0.6555555555555556,0.3333333333333333,1074,41,Double_Q_downside,43
2340,90,0.16173331119397913,1.0362026913141886,0.4777777777777778,0.37777777777777777,1074,41,Double_Q_downside,43
2430,90,0.11208225537773356,0.3139274632726273,0.23333333333333334,0.08888888888888889,1074,41,Double_Q_downside,43
2520,90,0.025877385340777638,0.2817693709740923,0.16666666666666666,0.3111111111111111,1092,41,Double_Q_downside,43
2610,90,-0.03507380707145266,0.5476578421271874,0.4,0.4,1092,41,Double_Q_downside,43
2700,90,0.03900381891867326,0.40968573468075065,0.3,0.3,1092,41,Double_Q_downside,43
2790,90,-0.02112942357788606,0.510970517947913,0.3111111111111111,0.28888888888888886,1092,41,Double_Q_downside,43
2880,90,0.06269080076502102,0.5408768228345339,0.36666666666666664,0.1,1092,41,Double_Q_downside,43
2970,90,-0.06467200648374544,0.7435095681706031,0.4777777777777778,0.4222222222222222,1092,41,Double_Q_downside,43
3060,90,0.10547236982110696,0.6304191927648345,0.3,0.5333333333333333,1092,42,Double_Q_downside,43
3150,90,-0.035712737725990894,0.5366973645195152,0.34444444444444444,0.4,1092,42,Double_Q_downside,43
3240,90,-0.18286808202488167,0.6971561122629801,0.3111111111111111,0.4888888888888889,1092,42,Double_Q_downside,43
3330,90,0.03733202602807735,0.6790522376974617,0.35555555555555557,0.6,1092,42,Double_Q_downside,43
3420,90,-0.011173804433713947,0.5274603333044491,0.5666666666666667,0.4,1092,42,Double_Q_downside,43
3510,90,0.020562902711678373,0.3749876336679864,0.3333333333333333,0.4111111111111111,1092,42,Double_Q_downside,43
3600,90,-0.16511857757331924,0.7477083481859003,0.6222222222222222,0.43333333333333335,1092,42,Double_Q_downside,43
3690,90,0.02354513898891579,0.4701941706207781,0.36666666666666664,0.37777777777777777,1092,42,Double_Q_downside,43
3780,90,-0.045306431163995915,0.9106138632834122,0.5777777777777777,0.4666666666666667,1092,42,Double_Q_downside,43
3870,90,0.02683798938192343,0.3982328406018083,0.3333333333333333,0.28888888888888886,1095,42,Double_Q_downside,43
3960,90,0.015064694337397579,0.47130813864178406,0.28888888888888886,0.3888888888888889,1095,42,Double_Q_downside,43
4050,90,-0.08206439496731134,0.8112606715957393,0.6333333333333333,0.43333333333333335,1132,42,Double_Q_downside,43
4140,90,0.019118783078788722,0.13962260177178368,0.1111111111111111,0.2,1132,42,Double_Q_downside,43
4230,90,0.027670079012037777,0.24571860664759,0.18888888888888888,0.2,1132,42,Double_Q_downside,43
4320,90,-0.0014542013125097483,0.363139759614953,0.16666666666666666,0.2222222222222222,1132,42,Double_Q_downside,43
4410,90,-0.1570951807863435,0.46444080880718036,0.2111111111111111,0.4,1132,42,Double_Q_downside,43
4500,90,0.04063416776604295,0.5187698220415995,0.3111111111111111,0.4,1132,42,Double_Q_downside,43
4590,90,0.17361276244531443,0.5724855297754972,0.5555555555555556,0.2111111111111111,1132,42,Double_Q_downside,43
4680,90,-0.15080946186514643,0.665193970317818,0.43333333333333335,0.5111111111111111,1132,42,Double_Q_downside,43
4770,90,-0.05078614585360461,0.5179535927570769,0.4444444444444444,0.25555555555555554,1132,42,Double_Q_downside,43
4860,90,0.14155300606570564,0.5265255504356887,0.4444444444444444,0.24444444444444444,1132,42,Double_Q_downside,43
4950,90,0.0007364780207965394,0.36610114122627196,0.3111111111111111,0.23333333333333334,1132,42,Double_Q_downside,43
5040,90,0.09174407757683799,0.33458845641835366,0.2,0.37777777777777777,1132,42,Double_Q_downside,43
5130,90,-0.10893400332179483,0.7201086017200513,0.5444444444444444,0.34444444444444444,1132,42,Double_Q_downside,43
5220,90,0.056621739877993287,0.3222740920363588,0.34444444444444444,0.4222222222222222,1132,42,Double_Q_downside,43
5310,90,0.031102803865204635,0.47998401927952855,0.24444444444444444,0.43333333333333335,1132,42,Double_Q_downside,43
5400,90,0.07249932921292566,0.6914568139070019,0.37777777777777777,0.36666666666666664,1132,42,Double_Q_downside,43
5490,90,0.17815422816925547,0.3721008673227223,0.17777777777777778,0.1111111111111111,1132,42,Double_Q_downside,43
5580,90,0.19259205863990614,0.3251002489003918,0.17777777777777778,0.28888888888888886,1132,42,Double_Q_downside,43
5670,90,0.14524189753377054,0.7348584397361614,0.5222222222222223,0.5111111111111111,1132,42,Double_Q_downside,43
5760,90,-0.0006095910814257754,0.34409524109360645,0.2,0.3111111111111111,1132,42,Double_Q_downside,43
5850,90,-0.00041023800340477874,0.7138850013057161,0.43333333333333335,0.6,1136,42,Double_Q_downside,43
5940,90,0.034887218242445305,0.7182612261400343,0.4888888888888889,0.5111111111111111,1136,42,Double_Q_downside,43
6030,90,0.10048332360307802,0.40166652652707535,0.26666666666666666,0.2222222222222222,1136,42,Double_Q_downside,43
6120,90,0.028852855127390924,0.7015823801802626,0.4777777777777778,0.4666666666666667,1136,42,Double_Q_downside,43
6210,90,0.06697659596696989,0.4426284200266858,0.4,0.5888888888888889,1136,42,Double_Q_downside,43
6300,90,0.22441441748835658,0.6209069909999828,0.4888888888888889,0.5333333333333333,1136,42,Double_Q_downside,43
6390,90,-0.034895264835574896,0.7680399518417071,0.7,0.35555555555555557,1136,42,Double_Q_downside,43
6480,90,-0.12404229559788182,0.7148759620402482,0.5888888888888889,0.5222222222222223,1136,42,Double_Q_downside,43
6570,90,-0.16422042629103178,0.6573567167991157,0.4222222222222222,0.37777777777777777,1136,42,Double_Q_downside,43
6660,90,-0.02324267885463822,0.5270584337757163,0.25555555555555554,0.2777777777777778,1136,42,Double_Q_downside,43
6750,90,0.005049396960121815,0.28774277748872934,0.25555555555555554,0.25555555555555554,1136,42,Double_Q_downside,43
6840,90,-0.019138629177867367,0.27011551154953495,0.2222222222222222,0.36666666666666664,1136,42,Double_Q_downside,43
6930,90,0.00893531330749261,0.4058766083332062,0.2777777777777778,0.37777777777777777,1136,42,Double_Q_downside,43
7020,90,0.016182968595771462,0.5929572569270709,0.3888888888888889,0.3333333333333333,1136,42,Double_Q_downside,43
7110,90,0.14628533302636984,0.4363963372152333,0.28888888888888886,0.4111111111111111,1136,42,Double_Q_downside,43
7200,90,0.020491169821957075,0.26997103270512574,0.16666666666666666,0.17777777777777778,1136,42,Double_Q_downside,43
7290,90,-0.0019557453665386536,0.6110161459229451,0.35555555555555557,0.5,1136,42,Double_Q_downside,43
7380,90,-0.05939102698792091,0.48168658766794265,0.4444444444444444,0.23333333333333334,1136,42,Double_Q_downside,43
7470,90,0.007547505302099624,0.43964019286207906,0.2,0.35555555555555557,1136,42,Double_Q_downside,43
7560,90,0.11072836964026767,0.5122792505554761,0.34444444444444444,0.25555555555555554,1138,42,Double_Q_downside,43
7650,90,0.1491288222360917,0.3751392376281415,0.2111111111111111,0.1111111111111111,1138,42,Double_Q_downside,43
7740,90,0.16901390557850976,0.6642506224799415,0.4,0.3111111111111111,1138,42,Double_Q_downside,43
7830,90,0.05983338244287769,0.4422863699976227,0.23333333333333334,0.1,1138,42,Double_Q_downside,43
7920,90,-0.050132738815167006,0.3884013009321609,0.3,0.2777777777777778,1138,42,Double_Q_downside,43
8010,90,-0.03974069163233214,0.7221986083425179,0.5,0.34444444444444444,1138,42,Double_Q_downside,43
8100,90,0.004619359547603524,0.4412746050394717,0.2222222222222222,0.15555555555555556,1138,42,Double_Q_downside,43
8190,90,-0.00968274890839367,0.23363923569299988,0.23333333333333334,0.4,1138,42,Double_Q_downside,43
8280,90,-0.04355065481185505,0.8107794585998519,0.6222222222222222,0.2777777777777778,1138,42,Double_Q_downside,43
8370,90,-0.13224926777472876,0.5858709489825589,0.3333333333333333,0.32222222222222224,1138,42,Double_Q_downside,43
8460,90,-0.1331465840492005,0.8755143697143258,0.5111111111111111,0.3111111111111111,1138,42,Double_Q_downside,43
8550,90,0.17274053331890962,0.7146661519750165,0.4444444444444444,0.4111111111111111,1138,42,Double_Q_downside,43
8640,90,-0.06505583722541641,0.5528513223459708,0.23333333333333334,0.2,1138,42,Double_Q_downside,43
8730,90,-0.06624296418059104,0.8319745912568665,0.6444444444444445,0.28888888888888886,1138,42,Double_Q_downside,43
8820,90,0.0745393441008494,0.8051318153117916,0.5777777777777777,0.2,1138,42,Double_Q_downside,43
8910,90,-0.06388058997264466,0.43174571395624795,0.3,0.3333333333333333,1138,42,Double_Q_downside,43
9000,90,0.05872469807010576,0.9205694407513622,0.5,0.36666666666666664,1138,42,Double_Q_downside,43
9090,90,-0.1760888608121928,0.7556861255783798,0.5111111111111111,0.32222222222222224,1138,42,Double_Q_downside,43
9180,90,-0.024867198069881056,0.6524963726197274,0.4666666666666667,0.3,1138,42,Double_Q_downside,43
9270,90,-0.13050185281135315,0.6671912796404865,0.45555555555555555,0.43333333333333335,1138,42,Double_Q_downside,43
9360,90,0.09762281531321851,0.7043554833590583,0.5888888888888889,0.5,1138,42,Double_Q_downside,43
9450,90,0.08889815960146888,0.8006350577964547,0.5666666666666667,0.4444444444444444,1138,42,Double_Q_downside,43
9540,90,0.041960800261679115,0.5062906335810851,0.3,0.2222222222222222,1138,42,Double_Q_downside,43
9630,90,0.027897729380412097,0.8704906066903315,0.6222222222222222,0.16666666666666666,1138,42,Double_Q_downside,43
9720,90,-0.02156667846626817,0.8542407557486885,0.6222222222222222,0.18888888888888888,1138,42,Double_Q_downside,43
9810,90,0.019308667844380966,0.46649316929783047,0.36666666666666664,0.15555555555555556,1138,42,Double_Q_downside,43
9900,90,0.18665098513787082,0.8833909052483174,0.5111111111111111,0.2111111111111111,1138,42,Double_Q_downside,43
9990,90,0.16653537125572784,0.5762863793596669,0.4222222222222222,0.3888888888888889,1138,42,Double_Q_downside,43
10080,90,0.26380281323283233,0.6491060840582569,0.4444444444444444,0.4,1138,42,Double_Q_downside,43
10170,90,0.05419718281599874,0.8885042075565968,0.6333333333333333,0.2,1138,42,Double_Q_downside,43
10260,90,0.01447200616119287,0.6669112625500364,0.35555555555555557,0.2,1138,42,Double_Q_downside,43
10350,90,0.15101192601152094,0.5270623295786532,0.37777777777777777,0.3,1138,42,Double_Q_downside,43
10440,90,-0.02344168896816059,0.22254002761665745,0.14444444444444443,0.15555555555555556,1138,42,Double_Q_downside,43
10530,90,-0.040843046899904874,0.46625732912415724,0.28888888888888886,0.2,1138,42,Double_Q_downside,43
10620,90,-0.012855278775347253,0.7146957406064554,0.4222222222222222,0.26666666666666666,1138,42,Double_Q_downside,43
10710,90,-0.05798483785388811,0.5460897869408506,0.4,0.23333333333333334,1138,42,Double_Q_downside,43
10800,90,-0.059242209126232265,0.3646027558092432,0.3333333333333333,0.3111111111111111,1138,42,Double_Q_downside,43
10890,90,0.0624825841417586,0.5412813089499212,0.36666666666666664,0.28888888888888886,1138,42,Double_Q_downside,43
10980,90,0.035458700303826154,0.511810790020446,0.36666666666666664,0.6111111111111112,1138,42,Double_Q_downside,43
11070,90,0.0026852864261853763,0.6087374843435894,0.5444444444444444,0.7666666666666667,1138,42,Double_Q_downside,43
11160,90,0.08196859463218799,0.5521441062733037,0.5333333333333333,0.24444444444444444,1138,42,Double_Q_downside,43
11250,90,-0.006335020254917486,0.8286473072252871,0.5888888888888889,0.4222222222222222,1138,42,Double_Q_downside,43
11340,90,0.15614805487973263,0.5470056001457646,0.5555555555555556,0.16666666666666666,1138,42,Double_Q_downside,43
11430,90,0.15623420477375438,0.8316327832132752,0.6444444444444445,0.3333333333333333,1138,42,Double_Q_downside,43
11520,90,-0.04317461702844757,0.41149450543940624,0.3888888888888889,0.3,1138,42,Double_Q_downside,43
11610,90,-0.07817380240458728,0.8267940809321587,0.5111111111111111,0.25555555555555554,1138,42,Double_Q_downside,43
11700,90,0.002985523593578685,0.7047657860793303,0.4,0.25555555555555554,1138,42,Double_Q_downside,43
11790,90,0.049632078052028086,0.7602104540205529,0.6,0.2,1138,42,Double_Q_downside,43
11880,90,0.1077380100058157,1.000570430556288,0.43333333333333335,0.17777777777777778,1138,42,Double_Q_downside,43
11970,90,0.18275841170334345,1.038189473783113,0.5555555555555556,0.25555555555555554,1138,42,Double_Q_downside,43
12060,90,0.05943398607424661,0.35109299706472247,0.3888888888888889,0.07777777777777778,1138,42,Double_Q_downside,43
12150,90,0.19148334290918514,0.7396577581677927,0.6111111111111112,0.24444444444444444,1138,42,Double_Q_downside,43
12240,90,0.07463567888362063,0.744735981022685,0.6111111111111112,0.1,1138,42,Double_Q_downside,43
12330,90,0.21914822551413807,0.5671470317064641,0.5333333333333333,0.07777777777777778,1138,42,Double_Q_downside,43
12420,90,0.053514203554621116,0.22253809472103256,0.24444444444444444,0.05555555555555555,1138,42,Double_Q_downside,43
12510,90,0.04628075757225389,0.8828229591355695,0.6555555555555556,0.17777777777777778,1138,42,Double_Q_downside,43
12600,90,0.08166335745444263,1.1512428067427356,0.5,0.25555555555555554,1138,42,Double_Q_downside,43
12690,90,0.1495765594044562,0.5484809701982967,0.32222222222222224,0.15555555555555556,1138,42,Double_Q_downside,43
12780,90,0.07656714227299433,0.523617781406937,0.35555555555555557,0.17777777777777778,1138,42,Double_Q_downside,43
12870,90,0.0395389362378327,0.34466919971967247,0.3333333333333333,0.14444444444444443,1138,42,Double_Q_downside,43
12960,90,0.08506824318734407,1.0811393417967716,0.5888888888888889,0.2111111111111111,1138,42,Double_Q_downside,43
13050,90,0.06218409428207425,0.6013239744792517,0.26666666666666666,0.1111111111111111,1138,42,Double_Q_downside,43
13140,90,-0.0011318613960051257,0.6282977786458149,0.5444444444444444,0.2222222222222222,1138,42,Double_Q_downside,43
13230,90,0.09224602909061436,0.3373157329242264,0.23333333333333334,0.15555555555555556,1138,42,Double_Q_downside,43
13320,90,-0.10451147253553847,0.4883668088804936,0.3,0.18888888888888888,1138,42,Double_Q_downside,43
13410,90,-0.0986892165278934,0.5974888256622974,0.4222222222222222,0.15555555555555556,1138,42,Double_Q_downside,43
13500,90,0.039273310395266756,0.5850509312200219,0.4111111111111111,0.12222222222222222,1138,42,Double_Q_downside,43
13590,90,-0.007748642879828512,0.18500416978528228,0.12222222222222222,0.17777777777777778,1138,42,Double_Q_downside,43
13680,90,-0.03464174820232128,0.6907721936791317,0.5,0.3,1138,42,Double_Q_downside,43
13770,90,0.032206381934155,0.8818785715327825,0.3888888888888889,0.17777777777777778,1138,42,Double_Q_downside,43
13860,90,0.009727541960162059,0.32088097413982314,0.3111111111111111,0.12222222222222222,1138,42,Double_Q_downside,43
13950,90,0.02858713186591908,0.5861605922260567,0.4,0.14444444444444443,1138,42,Double_Q_downside,43
14040,90,-0.014209050366787176,0.3478453062045576,0.25555555555555554,0.2222222222222222,1138,42,Double_Q_downside,43
14130,90,0.025930968358696994,0.4586947682352967,0.2777777777777778,0.15555555555555556,1138,42,Double_Q_downside,43
14220,90,-0.0007960590591038245,0.35390359516669156,0.24444444444444444,0.17777777777777778,1138,42,Double_Q_downside,43
14310,90,0.05409350940127033,0.40723050476028977,0.23333333333333334,0.13333333333333333,1138,42,Double_Q_downside,43
14400,90,-0.015969139527549463,0.24625841512755867,0.16666666666666666,0.15555555555555556,1138,42,Double_Q_downside,43
14490,90,0.08586133230923762,0.9840093542497352,0.35555555555555557,0.2,1138,42,Double_Q_downside,43
14580,90,-0.0031001736936798604,0.21436547609656117,0.06666666666666667,0.08888888888888889,1138,42,Double_Q_downside,43
14670,90,-0.11728939448509423,0.5494121658155836,0.3888888888888889,0.14444444444444443,1138,42,Double_Q_downside,43
14760,90,0.14857550448974732,0.4536252218768845,0.2222222222222222,0.17777777777777778,1138,42,Double_Q_downside,43
14850,90,0.07076740162836725,0.46456806040870113,0.35555555555555557,0.2111111111111111,1138,42,Double_Q_downside,43
14940,90,-0.01623196449051534,0.8627448533441013,0.5,0.14444444444444443,1138,42,Double_Q_downside,43
15030,90,-0.056778248703789565,0.39734592120074147,0.2777777777777778,0.2777777777777778,1138,42,Double_Q_downside,43
15120,90,0.19634112111719312,0.4454682634615564,0.3333333333333333,0.08888888888888889,1138,42,Double_Q_downside,43
15210,90,0.04499063073572103,0.5460528088856657,0.4,0.16666666666666666,1138,42,Double_Q_downside,43
15300,90,-0.04373555498017936,0.5911770569932542,0.4666666666666667,0.26666666666666666,1138,42,Double_Q_downside,43
15390,90,0.048970702542115094,0.22491389983458634,0.16666666666666666,0.3111111111111111,1138,42,Double_Q_downside,43
15480,90,0.055439848916336604,0.48051143650332756,0.34444444444444444,0.32222222222222224,1138,42,Double_Q_downside,43
15570,90,0.05187186172092032,0.40176597830041616,0.4777777777777778,0.32222222222222224,1138,42,Double_Q_downside,43
15660,90,-0.056503609785147874,0.4053549874246341,0.3111111111111111,0.34444444444444444,1138,42,Double_Q_downside,43
15750,90,0.1462580724701734,0.7722633166902142,0.5444444444444444,0.2,1138,42,Double_Q_downside,43
15840,90,0.013423277757446695,0.5605082186664068,0.5222222222222223,0.5333333333333333,1138,42,Double_Q_downside,43
15930,90,0.011170195130691956,0.43002057482236844,0.3111111111111111,0.26666666666666666,1138,42,Double_Q_downside,43
16020,90,0.05849326830454695,0.3501217103872658,0.4,0.08888888888888889,1138,42,Double_Q_downside,43
16110,90,0.19876313801072615,0.8174826119031945,0.4777777777777778,0.3333333333333333,1138,42,Double_Q_downside,43
16200,90,0.012243307725672458,0.6110586325576906,0.5,0.24444444444444444,1138,42,Double_Q_downside,43
16290,90,-0.0824609474166694,0.6928718831337121,0.6444444444444445,0.16666666666666666,1141,42,Double_Q_downside,43
16380,90,0.16618561949215246,0.634428758972583,0.3888888888888889,0.26666666666666666,1141,42,Double_Q_downside,43
16470,90,-0.012027194054591768,0.4079220756899223,0.18888888888888888,0.16666666666666666,1141,42,Double_Q_downside,43
16560,90,0.022513245712392826,0.42909051614632987,0.28888888888888886,0.14444444444444443,1141,42,Double_Q_downside,43
16650,90,0.1599469784076926,1.2193052330694307,0.5,0.2,1141,42,Double_Q_downside,43
16740,90,0.030387777979233477,0.5018926189217009,0.25555555555555554,0.07777777777777778,1141,42,Double_Q_downside,43
16830,90,0.21362552054664935,1.1881009900616795,0.5333333333333333,0.17777777777777778,1141,42,Double_Q_downside,43
16920,90,-0.21141095423341938,0.6410809785053788,0.5333333333333333,0.15555555555555556,1141,42,Double_Q_downside,43
17010,90,0.1803631831425345,0.8827652588806744,0.5444444444444444,0.23333333333333334,1141,42,Double_Q_downside,43
17100,90,0.12197180578861018,0.6218603691102593,0.5444444444444444,0.16666666666666666,1141,42,Double_Q_downside,43
17190,90,0.18431909208051564,0.5513784072624566,0.45555555555555555,0.15555555555555556,1141,42,Double_Q_downside,43
17280,90,0.07153284162065272,0.4634038105165609,0.4111111111111111,0.16666666666666666,1141,42,Double_Q_downside,43
17370,90,0.03928896758143965,0.40884853357895684,0.25555555555555554,0.13333333333333333,1141,42,Double_Q_downside,43
17460,90,0.050607955616401946,0.39567461076900035,0.35555555555555557,0.15555555555555556,1141,42,Double_Q_downside,43
17550,90,-0.07870068942084793,0.5262440079918084,0.4222222222222222,0.16666666666666666,1141,42,Double_Q_downside,43
17640,90,0.0054795780997284795,0.5998194049736111,0.4,0.26666666666666666,1141,42,Double_Q_downside,43
17730,90,-0.005813269526431406,0.3350564099553427,0.36666666666666664,0.06666666666666667,1141,42,Double_Q_downside,43
17820,90,0.02317190923709056,0.4764313814504899,0.2777777777777778,0.23333333333333334,1141,42,Double_Q_downside,43
17910,90,-0.005891912064817712,0.6577153488376907,0.36666666666666664,0.2222222222222222,1141,42,Double_Q_downside,43
18000,90,0.07732550888443378,0.5259478762545886,0.37777777777777777,0.2,1141,42,Double_Q_downside,43
18090,90,-0.0045192796433516,0.5226145631438535,0.32222222222222224,0.1111111111111111,1141,42,Double_Q_downside,43
18180,90,0.13191771507621103,0.8146008569068234,0.3333333333333333,0.15555555555555556,1141,42,Double_Q_downside,43
18270,90,0.07304881498458851,0.48717971421650913,0.43333333333333335,0.14444444444444443,1141,42,Double_Q_downside,43
18360,90,-0.05281313633883877,0.559346312587249,0.37777777777777777,0.17777777777777778,1141,42,Double_Q_downside,43
18450,90,0.16230033636677868,0.9017795137830942,0.4,0.13333333333333333,1141,42,Double_Q_downside,43
18540,90,-0.07423606202845084,0.3584227873831318,0.16666666666666666,0.17777777777777778,1141,42,Double_Q_downside,43
18630,90,-0.13602395115110577,0.7945911405979479,0.6555555555555556,0.25555555555555554,1142,42,Double_Q_downside,43
18720,90,0.11347534147532048,0.5198613157530604,0.36666666666666664,0.2,1142,42,Double_Q_downside,43
18810,90,0.05639273435758151,0.4705998719120842,0.24444444444444444,0.13333333333333333,1142,42,Double_Q_downside,43
18900,90,0.08133020883352003,0.44712230478873416,0.24444444444444444,0.13333333333333333,1142,42,Double_Q_downside,43
18990,90,-0.036547774144968806,0.42647032875390156,0.2222222222222222,0.1,1142,42,Double_Q_downside,43
19080,90,0.1084954411807626,0.3674226237780324,0.28888888888888886,0.16666666666666666,1142,42,Double_Q_downside,43
19170,90,0.015612443492560378,0.806873017569836,0.5666666666666667,0.1,1142,42,Double_Q_downside,43
19260,90,0.1307316923490133,0.8349737739293652,0.4111111111111111,0.15555555555555556,1142,42,Double_Q_downside,43
19350,90,-0.06985784157055759,0.334166437795225,0.2222222222222222,0.15555555555555556,1142,42,Double_Q_downside,43
19440,90,0.024173330144262394,0.3239161814531814,0.2111111111111111,0.17777777777777778,1142,42,Double_Q_downside,43
19530,90,0.052274531783654855,0.49003190296391747,0.36666666666666664,0.1111111111111111,1142,42,Double_Q_downside,43
19620,90,-0.029976968083337413,0.4413751691492091,0.18888888888888888,0.18888888888888888,1142,42,Double_Q_downside,43
19710,90,0.04194938465998799,0.42333469859219924,0.3,0.15555555555555556,1142,42,Double_Q_downside,43
19800,90,0.01931343600006038,0.27581586438805256,0.17777777777777778,0.15555555555555556,1142,42,Double_Q_downside,43
19890,90,0.004577414672546906,0.6902685390854367,0.45555555555555555,0.32222222222222224,1142,42,Double_Q_downside,43
19980,90,0.08994680094113543,0.8663411086245125,0.37777777777777777,0.13333333333333333,1142,42,Double_Q_downside,43
20070,90,0.29319880291105205,1.2013285220675036,0.5111111111111111,0.1111111111111111,1142,42,Double_Q_downside,43
20160,90,0.0453778115062151,0.6979253981868838,0.4111111111111111,0.4,1142,42,Double_Q_downside,43
20250,90,0.13038626971019746,0.4573551920412672,0.25555555555555554,0.14444444444444443,1142,42,Double_Q_downside,43
20340,90,0.043914128553890965,0.6691550442899074,0.5888888888888889,0.2777777777777778,1142,42,Double_Q_downside,43
20430,90,-0.024236538693585392,0.6052723974045744,0.35555555555555557,0.15555555555555556,1142,42,Double_Q_downside,43
20520,90,0.03789073754848905,0.5421881670618577,0.36666666666666664,0.24444444444444444,1142,42,Double_Q_downside,43
20610,90,0.015926608584286385,0.648424276475651,0.43333333333333335,0.26666666666666666,1142,42,Double_Q_downside,43
20700,90,-0.07336282576167442,0.5620441363933829,0.3888888888888889,0.14444444444444443,1142,42,Double_Q_downside,43
20790,90,-0.004955413041549845,0.5470608985750267,0.45555555555555555,0.16666666666666666,1142,42,Double_Q_downside,43
20880,90,0.3293317904075095,1.3004325654408477,0.5555555555555556,0.2111111111111111,1142,42,Double_Q_downside,43
20970,90,0.16288026367600972,0.7135509455687188,0.6555555555555556,0.13333333333333333,1142,42,Double_Q_downside,43
21060,90,-0.11081150349604446,0.4581030331462342,0.25555555555555554,0.17777777777777778,1142,42,Double_Q_downside,43
21150,90,-0.024118490730671484,0.3169431442785974,0.17777777777777778,0.13333333333333333,1142,42,Double_Q_downside,43
21240,90,0.23014822765161705,1.1007636219948536,0.5,0.2222222222222222,1142,42,Double_Q_downside,43
21330,90,0.17756160728427087,0.7158894263389709,0.4888888888888889,0.2222222222222222,1142,42,Double_Q_downside,43
21420,90,-0.08307401979104205,0.7715925885555477,0.5555555555555556,0.35555555555555557,1142,42,Double_Q_downside,43
21510,90,-0.1054824668714193,0.5879175342667398,0.4222222222222222,0.35555555555555557,1142,42,Double_Q_downside,43
21600,90,-0.020798740426919034,0.7651560301664951,0.6111111111111112,0.17777777777777778,1142,42,Double_Q_downside,43
21690,90,-0.025744020625164045,0.4872999556070695,0.28888888888888886,0.16666666666666666,1142,42,Double_Q_downside,43
21780,90,-0.00032665093833044416,0.375944914256609,0.24444444444444444,0.35555555555555557,1142,42,Double_Q_downside,43
21870,90,0.17918351970534468,0.643017512637732,0.45555555555555555,0.17777777777777778,1142,42,Double_Q_downside,43
21960,90,0.010175502133603928,0.4095726420401268,0.2,0.13333333333333333,1142,42,Double_Q_downside,43
22050,90,0.16099914452459194,0.4648068284027607,0.25555555555555554,0.25555555555555554,1142,42,Double_Q_downside,43
22140,90,-0.024680679902325517,0.673164219620574,0.4666666666666667,0.2111111111111111,1142,42,Double_Q_downside,43
22230,90,-0.027396071345723926,0.675831297774989,0.4777777777777778,0.28888888888888886,1142,42,Double_Q_downside,43
22320,90,-0.07950272343516063,0.816677988598779,0.4777777777777778,0.3333333333333333,1142,42,Double_Q_downside,43
22410,90,-0.04104846904172505,0.27112704905339025,0.1111111111111111,0.1111111111111111,1142,42,Double_Q_downside,43
22500,90,-0.012734324695087099,0.33699372101728015,0.16666666666666666,0.25555555555555554,1142,42,Double_Q_downside,43
22590,90,0.07442005634608864,0.6557523391022806,0.4111111111111111,0.3111111111111111,1142,42,Double_Q_downside,43
22680,90,0.21113853767145452,0.6273643180946111,0.5,0.25555555555555554,1142,42,Double_Q_downside,43
22770,90,-0.08273847229679505,0.49964921562516196,0.36666666666666664,0.3888888888888889,1142,42,Double_Q_downside,43
22860,90,0.1303077749705498,0.5011862782607284,0.35555555555555557,0.3111111111111111,1142,42,Double_Q_downside,43
22950,90,0.08199086386786028,0.7323913118118186,0.3333333333333333,0.2111111111111111,1142,42,Double_Q_downside,43
23040,90,0.016173851965443072,0.8640359420380591,0.6111111111111112,0.16666666666666666,1142,42,Double_Q_downside,43
23130,90,-0.03074464329225435,0.6178812794946118,0.4111111111111111,0.17777777777777778,1142,42,Double_Q_downside,43
23220,90,-0.06754779713566698,0.5354275635283906,0.35555555555555557,0.2777777777777778,1142,42,Double_Q_downside,43
23310,90,0.07557853855420782,0.6727393504172372,0.4666666666666667,0.17777777777777778,1142,42,Double_Q_downside,43
23400,90,-0.0183487016361345,0.706666479106354,0.45555555555555555,0.1,1142,42,Double_Q_downside,43
23490,90,0.12725327882573612,0.640157230919515,0.4222222222222222,0.2222222222222222,1142,42,Double_Q_downside,43
23580,90,0.03912633029447544,0.8388311711132924,0.5444444444444444,0.08888888888888889,1142,42,Double_Q_downside,43
23670,90,0.22973338308538233,1.1501140482827255,0.5111111111111111,0.13333333333333333,1142,42,Double_Q_downside,43
23760,90,0.15241294434703284,0.6996016939338947,0.45555555555555555,0.08888888888888889,1142,42,Double_Q_downside,43
23850,90,0.16386681955111854,0.6063415230193278,0.43333333333333335,0.23333333333333334,1142,42,Double_Q_downside,43
23940,90,-0.004779912397940619,0.587705479624108,0.5,0.12222222222222222,1142,42,Double_Q_downside,43
24000,60,0.14054453517115303,1.0909632392009776,0.5,0.11666666666666667,1142,42,Double_Q_downside,43
